-- phpMyAdmin SQL Dump
-- version 4.9.5
-- https://www.phpmyadmin.net/
--
-- ホスト: mysql2012.db.sakura.ne.jp
-- 生成日時: 2020 年 8 月 09 日 23:26
-- サーバのバージョン： 5.7.29-log
-- PHP のバージョン: 7.1.18

SET SQL_MODE = "NO_AUTO_VALUE_ON_ZERO";
SET AUTOCOMMIT = 0;
START TRANSACTION;
SET time_zone = "+00:00";


/*!40101 SET @OLD_CHARACTER_SET_CLIENT=@@CHARACTER_SET_CLIENT */;
/*!40101 SET @OLD_CHARACTER_SET_RESULTS=@@CHARACTER_SET_RESULTS */;
/*!40101 SET @OLD_COLLATION_CONNECTION=@@COLLATION_CONNECTION */;
/*!40101 SET NAMES utf8mb4 */;

--
-- データベース: `fresh-aroma_db2`
--

-- --------------------------------------------------------

--
-- テーブルの構造 `ballcf7_vdata`
--

CREATE TABLE `ballcf7_vdata` (
  `id` int(11) NOT NULL,
  `created` timestamp NOT NULL
) ENGINE=InnoDB DEFAULT CHARSET=utf8mb4 COLLATE=utf8mb4_unicode_520_ci;

--
-- テーブルのデータのダンプ `ballcf7_vdata`
--

INSERT INTO `ballcf7_vdata` (`id`, `created`) VALUES
(1, '2020-07-30 09:24:53'),
(2, '2020-07-30 09:26:33');

-- --------------------------------------------------------

--
-- テーブルの構造 `ballcf7_vdata_entry`
--

CREATE TABLE `ballcf7_vdata_entry` (
  `id` int(11) NOT NULL,
  `cf7_id` int(11) NOT NULL,
  `data_id` int(11) NOT NULL,
  `name` varchar(250) COLLATE utf8mb4_unicode_520_ci DEFAULT NULL,
  `value` text COLLATE utf8mb4_unicode_520_ci
) ENGINE=InnoDB DEFAULT CHARSET=utf8mb4 COLLATE=utf8mb4_unicode_520_ci;

--
-- テーブルのデータのダンプ `ballcf7_vdata_entry`
--

INSERT INTO `ballcf7_vdata_entry` (`id`, `cf7_id`, `data_id`, `name`, `value`) VALUES
(1, 52, 1, 'your-company', 'NTT-F'),
(2, 52, 1, 'your-name', 'AAA'),
(3, 52, 1, 'telphone', '000-0000-0000'),
(4, 52, 1, 'your-email', 'aaa@bbb.co.jp'),
(5, 52, 1, 'your-subject', 'BBB'),
(6, 52, 1, 'menu-basyo', '1-玄関'),
(7, 52, 1, 'date-start', '2020-07-31'),
(8, 52, 1, 'date-stop', '2020-08-01'),
(9, 52, 1, 'Contractor-company', 'MEC'),
(10, 52, 1, 'Contractor-name', 'CCC'),
(11, 52, 1, 'Contractor-telphone1', '111-1111-1111'),
(12, 52, 1, 'Contractor-telphone2', '222-2222-2222'),
(13, 52, 1, 'your-message', '車両を使います'),
(14, 52, 1, 'file-uproad1', ''),
(15, 52, 1, 'file-upload-xlsm', ''),
(16, 52, 1, 'submit_time', '2020-07-30 18:24:53'),
(17, 52, 1, 'submit_ip', '114.186.76.123'),
(18, 52, 2, 'your-company', 'NTT-F'),
(19, 52, 2, 'your-name', 'ナカノサヤカ'),
(20, 52, 2, 'telphone', '000-0000-0000'),
(21, 52, 2, 'your-email', 'aaa@bbb.co.jp'),
(22, 52, 2, 'your-subject', '質問'),
(23, 52, 2, 'menu-basyo', '1-サービスヤード'),
(24, 52, 2, 'date-start', '2020-06-30'),
(25, 52, 2, 'date-stop', '2020-07-23'),
(26, 52, 2, 'Contractor-company', 'MEC'),
(27, 52, 2, 'Contractor-name', 'CCC'),
(28, 52, 2, 'Contractor-telphone1', '111-1111-1111'),
(29, 52, 2, 'Contractor-telphone2', '222-2222-2222'),
(30, 52, 2, 'your-message', 'テストです'),
(31, 52, 2, 'file-uproad1', ''),
(32, 52, 2, 'file-upload-xlsm', 'http://baseball.sumomo.ne.jp/wp-content/uploads/advanced-cf7-upload/sample.xlsx'),
(33, 52, 2, 'submit_time', '2020-07-30 18:26:33'),
(34, 52, 2, 'submit_ip', '114.186.76.123');

-- --------------------------------------------------------

--
-- テーブルの構造 `ballcommentmeta`
--

CREATE TABLE `ballcommentmeta` (
  `meta_id` bigint(20) UNSIGNED NOT NULL,
  `comment_id` bigint(20) UNSIGNED NOT NULL DEFAULT '0',
  `meta_key` varchar(255) COLLATE utf8mb4_unicode_520_ci DEFAULT NULL,
  `meta_value` longtext COLLATE utf8mb4_unicode_520_ci
) ENGINE=InnoDB DEFAULT CHARSET=utf8mb4 COLLATE=utf8mb4_unicode_520_ci;

-- --------------------------------------------------------

--
-- テーブルの構造 `ballcomments`
--

CREATE TABLE `ballcomments` (
  `comment_ID` bigint(20) UNSIGNED NOT NULL,
  `comment_post_ID` bigint(20) UNSIGNED NOT NULL DEFAULT '0',
  `comment_author` tinytext COLLATE utf8mb4_unicode_520_ci NOT NULL,
  `comment_author_email` varchar(100) COLLATE utf8mb4_unicode_520_ci NOT NULL DEFAULT '',
  `comment_author_url` varchar(200) COLLATE utf8mb4_unicode_520_ci NOT NULL DEFAULT '',
  `comment_author_IP` varchar(100) COLLATE utf8mb4_unicode_520_ci NOT NULL DEFAULT '',
  `comment_date` datetime NOT NULL DEFAULT '0000-00-00 00:00:00',
  `comment_date_gmt` datetime NOT NULL DEFAULT '0000-00-00 00:00:00',
  `comment_content` text COLLATE utf8mb4_unicode_520_ci NOT NULL,
  `comment_karma` int(11) NOT NULL DEFAULT '0',
  `comment_approved` varchar(20) COLLATE utf8mb4_unicode_520_ci NOT NULL DEFAULT '1',
  `comment_agent` varchar(255) COLLATE utf8mb4_unicode_520_ci NOT NULL DEFAULT '',
  `comment_type` varchar(20) COLLATE utf8mb4_unicode_520_ci NOT NULL DEFAULT '',
  `comment_parent` bigint(20) UNSIGNED NOT NULL DEFAULT '0',
  `user_id` bigint(20) UNSIGNED NOT NULL DEFAULT '0'
) ENGINE=InnoDB DEFAULT CHARSET=utf8mb4 COLLATE=utf8mb4_unicode_520_ci;

--
-- テーブルのデータのダンプ `ballcomments`
--

INSERT INTO `ballcomments` (`comment_ID`, `comment_post_ID`, `comment_author`, `comment_author_email`, `comment_author_url`, `comment_author_IP`, `comment_date`, `comment_date_gmt`, `comment_content`, `comment_karma`, `comment_approved`, `comment_agent`, `comment_type`, `comment_parent`, `user_id`) VALUES
(1, 1, 'WordPress コメントの投稿者', 'wapuu@wordpress.example', 'https://wordpress.org/', '', '2020-07-30 22:18:47', '2020-07-30 13:18:47', 'こんにちは、これはコメントです。\nコメントの承認、編集、削除を始めるにはダッシュボードの「コメント画面」にアクセスしてください。\nコメントのアバターは「<a href=\"https://gravatar.com\">Gravatar</a>」から取得されます。', 0, 'post-trashed', '', '', 0, 0);

-- --------------------------------------------------------

--
-- テーブルの構造 `balllinks`
--

CREATE TABLE `balllinks` (
  `link_id` bigint(20) UNSIGNED NOT NULL,
  `link_url` varchar(255) COLLATE utf8mb4_unicode_520_ci NOT NULL DEFAULT '',
  `link_name` varchar(255) COLLATE utf8mb4_unicode_520_ci NOT NULL DEFAULT '',
  `link_image` varchar(255) COLLATE utf8mb4_unicode_520_ci NOT NULL DEFAULT '',
  `link_target` varchar(25) COLLATE utf8mb4_unicode_520_ci NOT NULL DEFAULT '',
  `link_description` varchar(255) COLLATE utf8mb4_unicode_520_ci NOT NULL DEFAULT '',
  `link_visible` varchar(20) COLLATE utf8mb4_unicode_520_ci NOT NULL DEFAULT 'Y',
  `link_owner` bigint(20) UNSIGNED NOT NULL DEFAULT '1',
  `link_rating` int(11) NOT NULL DEFAULT '0',
  `link_updated` datetime NOT NULL DEFAULT '0000-00-00 00:00:00',
  `link_rel` varchar(255) COLLATE utf8mb4_unicode_520_ci NOT NULL DEFAULT '',
  `link_notes` mediumtext COLLATE utf8mb4_unicode_520_ci NOT NULL,
  `link_rss` varchar(255) COLLATE utf8mb4_unicode_520_ci NOT NULL DEFAULT ''
) ENGINE=InnoDB DEFAULT CHARSET=utf8mb4 COLLATE=utf8mb4_unicode_520_ci;

-- --------------------------------------------------------

--
-- テーブルの構造 `balloptions`
--

CREATE TABLE `balloptions` (
  `option_id` bigint(20) UNSIGNED NOT NULL,
  `option_name` varchar(191) COLLATE utf8mb4_unicode_520_ci NOT NULL DEFAULT '',
  `option_value` longtext COLLATE utf8mb4_unicode_520_ci NOT NULL,
  `autoload` varchar(20) COLLATE utf8mb4_unicode_520_ci NOT NULL DEFAULT 'yes'
) ENGINE=InnoDB DEFAULT CHARSET=utf8mb4 COLLATE=utf8mb4_unicode_520_ci;

--
-- テーブルのデータのダンプ `balloptions`
--

INSERT INTO `balloptions` (`option_id`, `option_name`, `option_value`, `autoload`) VALUES
(1, 'siteurl', 'http://baseball.sumomo.ne.jp', 'yes'),
(2, 'home', 'http://baseball.sumomo.ne.jp', 'yes'),
(3, 'blogname', 'Safety and the Environment', 'yes'),
(4, 'blogdescription', '', 'yes'),
(5, 'users_can_register', '0', 'yes'),
(6, 'admin_email', 'sayaka20090807@gmail.com', 'yes'),
(7, 'start_of_week', '1', 'yes'),
(8, 'use_balanceTags', '0', 'yes'),
(9, 'use_smilies', '1', 'yes'),
(10, 'require_name_email', '1', 'yes'),
(11, 'comments_notify', '1', 'yes'),
(12, 'posts_per_rss', '10', 'yes'),
(13, 'rss_use_excerpt', '0', 'yes'),
(14, 'mailserver_url', 'mail.example.com', 'yes'),
(15, 'mailserver_login', 'login@example.com', 'yes'),
(16, 'mailserver_pass', 'password', 'yes'),
(17, 'mailserver_port', '110', 'yes'),
(18, 'default_category', '1', 'yes'),
(19, 'default_comment_status', 'open', 'yes'),
(20, 'default_ping_status', 'open', 'yes'),
(21, 'default_pingback_flag', '1', 'yes'),
(22, 'posts_per_page', '10', 'yes'),
(23, 'date_format', 'Y年n月j日', 'yes'),
(24, 'time_format', 'g:i A', 'yes'),
(25, 'links_updated_date_format', 'Y年n月j日 g:i A', 'yes'),
(26, 'comment_moderation', '0', 'yes'),
(27, 'moderation_notify', '1', 'yes'),
(28, 'permalink_structure', '/index.php/%year%/%monthnum%/%day%/%postname%/', 'yes'),
(29, 'rewrite_rules', 'a:91:{s:11:\"^wp-json/?$\";s:22:\"index.php?rest_route=/\";s:14:\"^wp-json/(.*)?\";s:33:\"index.php?rest_route=/$matches[1]\";s:21:\"^index.php/wp-json/?$\";s:22:\"index.php?rest_route=/\";s:24:\"^index.php/wp-json/(.*)?\";s:33:\"index.php?rest_route=/$matches[1]\";s:57:\"index.php/category/(.+?)/feed/(feed|rdf|rss|rss2|atom)/?$\";s:52:\"index.php?category_name=$matches[1]&feed=$matches[2]\";s:52:\"index.php/category/(.+?)/(feed|rdf|rss|rss2|atom)/?$\";s:52:\"index.php?category_name=$matches[1]&feed=$matches[2]\";s:33:\"index.php/category/(.+?)/embed/?$\";s:46:\"index.php?category_name=$matches[1]&embed=true\";s:45:\"index.php/category/(.+?)/page/?([0-9]{1,})/?$\";s:53:\"index.php?category_name=$matches[1]&paged=$matches[2]\";s:27:\"index.php/category/(.+?)/?$\";s:35:\"index.php?category_name=$matches[1]\";s:54:\"index.php/tag/([^/]+)/feed/(feed|rdf|rss|rss2|atom)/?$\";s:42:\"index.php?tag=$matches[1]&feed=$matches[2]\";s:49:\"index.php/tag/([^/]+)/(feed|rdf|rss|rss2|atom)/?$\";s:42:\"index.php?tag=$matches[1]&feed=$matches[2]\";s:30:\"index.php/tag/([^/]+)/embed/?$\";s:36:\"index.php?tag=$matches[1]&embed=true\";s:42:\"index.php/tag/([^/]+)/page/?([0-9]{1,})/?$\";s:43:\"index.php?tag=$matches[1]&paged=$matches[2]\";s:24:\"index.php/tag/([^/]+)/?$\";s:25:\"index.php?tag=$matches[1]\";s:55:\"index.php/type/([^/]+)/feed/(feed|rdf|rss|rss2|atom)/?$\";s:50:\"index.php?post_format=$matches[1]&feed=$matches[2]\";s:50:\"index.php/type/([^/]+)/(feed|rdf|rss|rss2|atom)/?$\";s:50:\"index.php?post_format=$matches[1]&feed=$matches[2]\";s:31:\"index.php/type/([^/]+)/embed/?$\";s:44:\"index.php?post_format=$matches[1]&embed=true\";s:43:\"index.php/type/([^/]+)/page/?([0-9]{1,})/?$\";s:51:\"index.php?post_format=$matches[1]&paged=$matches[2]\";s:25:\"index.php/type/([^/]+)/?$\";s:33:\"index.php?post_format=$matches[1]\";s:12:\"robots\\.txt$\";s:18:\"index.php?robots=1\";s:13:\"favicon\\.ico$\";s:19:\"index.php?favicon=1\";s:48:\".*wp-(atom|rdf|rss|rss2|feed|commentsrss2)\\.php$\";s:18:\"index.php?feed=old\";s:20:\".*wp-app\\.php(/.*)?$\";s:19:\"index.php?error=403\";s:18:\".*wp-register.php$\";s:23:\"index.php?register=true\";s:42:\"index.php/feed/(feed|rdf|rss|rss2|atom)/?$\";s:27:\"index.php?&feed=$matches[1]\";s:37:\"index.php/(feed|rdf|rss|rss2|atom)/?$\";s:27:\"index.php?&feed=$matches[1]\";s:18:\"index.php/embed/?$\";s:21:\"index.php?&embed=true\";s:30:\"index.php/page/?([0-9]{1,})/?$\";s:28:\"index.php?&paged=$matches[1]\";s:51:\"index.php/comments/feed/(feed|rdf|rss|rss2|atom)/?$\";s:42:\"index.php?&feed=$matches[1]&withcomments=1\";s:46:\"index.php/comments/(feed|rdf|rss|rss2|atom)/?$\";s:42:\"index.php?&feed=$matches[1]&withcomments=1\";s:27:\"index.php/comments/embed/?$\";s:21:\"index.php?&embed=true\";s:54:\"index.php/search/(.+)/feed/(feed|rdf|rss|rss2|atom)/?$\";s:40:\"index.php?s=$matches[1]&feed=$matches[2]\";s:49:\"index.php/search/(.+)/(feed|rdf|rss|rss2|atom)/?$\";s:40:\"index.php?s=$matches[1]&feed=$matches[2]\";s:30:\"index.php/search/(.+)/embed/?$\";s:34:\"index.php?s=$matches[1]&embed=true\";s:42:\"index.php/search/(.+)/page/?([0-9]{1,})/?$\";s:41:\"index.php?s=$matches[1]&paged=$matches[2]\";s:24:\"index.php/search/(.+)/?$\";s:23:\"index.php?s=$matches[1]\";s:57:\"index.php/author/([^/]+)/feed/(feed|rdf|rss|rss2|atom)/?$\";s:50:\"index.php?author_name=$matches[1]&feed=$matches[2]\";s:52:\"index.php/author/([^/]+)/(feed|rdf|rss|rss2|atom)/?$\";s:50:\"index.php?author_name=$matches[1]&feed=$matches[2]\";s:33:\"index.php/author/([^/]+)/embed/?$\";s:44:\"index.php?author_name=$matches[1]&embed=true\";s:45:\"index.php/author/([^/]+)/page/?([0-9]{1,})/?$\";s:51:\"index.php?author_name=$matches[1]&paged=$matches[2]\";s:27:\"index.php/author/([^/]+)/?$\";s:33:\"index.php?author_name=$matches[1]\";s:79:\"index.php/([0-9]{4})/([0-9]{1,2})/([0-9]{1,2})/feed/(feed|rdf|rss|rss2|atom)/?$\";s:80:\"index.php?year=$matches[1]&monthnum=$matches[2]&day=$matches[3]&feed=$matches[4]\";s:74:\"index.php/([0-9]{4})/([0-9]{1,2})/([0-9]{1,2})/(feed|rdf|rss|rss2|atom)/?$\";s:80:\"index.php?year=$matches[1]&monthnum=$matches[2]&day=$matches[3]&feed=$matches[4]\";s:55:\"index.php/([0-9]{4})/([0-9]{1,2})/([0-9]{1,2})/embed/?$\";s:74:\"index.php?year=$matches[1]&monthnum=$matches[2]&day=$matches[3]&embed=true\";s:67:\"index.php/([0-9]{4})/([0-9]{1,2})/([0-9]{1,2})/page/?([0-9]{1,})/?$\";s:81:\"index.php?year=$matches[1]&monthnum=$matches[2]&day=$matches[3]&paged=$matches[4]\";s:49:\"index.php/([0-9]{4})/([0-9]{1,2})/([0-9]{1,2})/?$\";s:63:\"index.php?year=$matches[1]&monthnum=$matches[2]&day=$matches[3]\";s:66:\"index.php/([0-9]{4})/([0-9]{1,2})/feed/(feed|rdf|rss|rss2|atom)/?$\";s:64:\"index.php?year=$matches[1]&monthnum=$matches[2]&feed=$matches[3]\";s:61:\"index.php/([0-9]{4})/([0-9]{1,2})/(feed|rdf|rss|rss2|atom)/?$\";s:64:\"index.php?year=$matches[1]&monthnum=$matches[2]&feed=$matches[3]\";s:42:\"index.php/([0-9]{4})/([0-9]{1,2})/embed/?$\";s:58:\"index.php?year=$matches[1]&monthnum=$matches[2]&embed=true\";s:54:\"index.php/([0-9]{4})/([0-9]{1,2})/page/?([0-9]{1,})/?$\";s:65:\"index.php?year=$matches[1]&monthnum=$matches[2]&paged=$matches[3]\";s:36:\"index.php/([0-9]{4})/([0-9]{1,2})/?$\";s:47:\"index.php?year=$matches[1]&monthnum=$matches[2]\";s:53:\"index.php/([0-9]{4})/feed/(feed|rdf|rss|rss2|atom)/?$\";s:43:\"index.php?year=$matches[1]&feed=$matches[2]\";s:48:\"index.php/([0-9]{4})/(feed|rdf|rss|rss2|atom)/?$\";s:43:\"index.php?year=$matches[1]&feed=$matches[2]\";s:29:\"index.php/([0-9]{4})/embed/?$\";s:37:\"index.php?year=$matches[1]&embed=true\";s:41:\"index.php/([0-9]{4})/page/?([0-9]{1,})/?$\";s:44:\"index.php?year=$matches[1]&paged=$matches[2]\";s:23:\"index.php/([0-9]{4})/?$\";s:26:\"index.php?year=$matches[1]\";s:68:\"index.php/[0-9]{4}/[0-9]{1,2}/[0-9]{1,2}/[^/]+/attachment/([^/]+)/?$\";s:32:\"index.php?attachment=$matches[1]\";s:78:\"index.php/[0-9]{4}/[0-9]{1,2}/[0-9]{1,2}/[^/]+/attachment/([^/]+)/trackback/?$\";s:37:\"index.php?attachment=$matches[1]&tb=1\";s:98:\"index.php/[0-9]{4}/[0-9]{1,2}/[0-9]{1,2}/[^/]+/attachment/([^/]+)/feed/(feed|rdf|rss|rss2|atom)/?$\";s:49:\"index.php?attachment=$matches[1]&feed=$matches[2]\";s:93:\"index.php/[0-9]{4}/[0-9]{1,2}/[0-9]{1,2}/[^/]+/attachment/([^/]+)/(feed|rdf|rss|rss2|atom)/?$\";s:49:\"index.php?attachment=$matches[1]&feed=$matches[2]\";s:93:\"index.php/[0-9]{4}/[0-9]{1,2}/[0-9]{1,2}/[^/]+/attachment/([^/]+)/comment-page-([0-9]{1,})/?$\";s:50:\"index.php?attachment=$matches[1]&cpage=$matches[2]\";s:74:\"index.php/[0-9]{4}/[0-9]{1,2}/[0-9]{1,2}/[^/]+/attachment/([^/]+)/embed/?$\";s:43:\"index.php?attachment=$matches[1]&embed=true\";s:63:\"index.php/([0-9]{4})/([0-9]{1,2})/([0-9]{1,2})/([^/]+)/embed/?$\";s:91:\"index.php?year=$matches[1]&monthnum=$matches[2]&day=$matches[3]&name=$matches[4]&embed=true\";s:67:\"index.php/([0-9]{4})/([0-9]{1,2})/([0-9]{1,2})/([^/]+)/trackback/?$\";s:85:\"index.php?year=$matches[1]&monthnum=$matches[2]&day=$matches[3]&name=$matches[4]&tb=1\";s:87:\"index.php/([0-9]{4})/([0-9]{1,2})/([0-9]{1,2})/([^/]+)/feed/(feed|rdf|rss|rss2|atom)/?$\";s:97:\"index.php?year=$matches[1]&monthnum=$matches[2]&day=$matches[3]&name=$matches[4]&feed=$matches[5]\";s:82:\"index.php/([0-9]{4})/([0-9]{1,2})/([0-9]{1,2})/([^/]+)/(feed|rdf|rss|rss2|atom)/?$\";s:97:\"index.php?year=$matches[1]&monthnum=$matches[2]&day=$matches[3]&name=$matches[4]&feed=$matches[5]\";s:75:\"index.php/([0-9]{4})/([0-9]{1,2})/([0-9]{1,2})/([^/]+)/page/?([0-9]{1,})/?$\";s:98:\"index.php?year=$matches[1]&monthnum=$matches[2]&day=$matches[3]&name=$matches[4]&paged=$matches[5]\";s:82:\"index.php/([0-9]{4})/([0-9]{1,2})/([0-9]{1,2})/([^/]+)/comment-page-([0-9]{1,})/?$\";s:98:\"index.php?year=$matches[1]&monthnum=$matches[2]&day=$matches[3]&name=$matches[4]&cpage=$matches[5]\";s:71:\"index.php/([0-9]{4})/([0-9]{1,2})/([0-9]{1,2})/([^/]+)(?:/([0-9]+))?/?$\";s:97:\"index.php?year=$matches[1]&monthnum=$matches[2]&day=$matches[3]&name=$matches[4]&page=$matches[5]\";s:57:\"index.php/[0-9]{4}/[0-9]{1,2}/[0-9]{1,2}/[^/]+/([^/]+)/?$\";s:32:\"index.php?attachment=$matches[1]\";s:67:\"index.php/[0-9]{4}/[0-9]{1,2}/[0-9]{1,2}/[^/]+/([^/]+)/trackback/?$\";s:37:\"index.php?attachment=$matches[1]&tb=1\";s:87:\"index.php/[0-9]{4}/[0-9]{1,2}/[0-9]{1,2}/[^/]+/([^/]+)/feed/(feed|rdf|rss|rss2|atom)/?$\";s:49:\"index.php?attachment=$matches[1]&feed=$matches[2]\";s:82:\"index.php/[0-9]{4}/[0-9]{1,2}/[0-9]{1,2}/[^/]+/([^/]+)/(feed|rdf|rss|rss2|atom)/?$\";s:49:\"index.php?attachment=$matches[1]&feed=$matches[2]\";s:82:\"index.php/[0-9]{4}/[0-9]{1,2}/[0-9]{1,2}/[^/]+/([^/]+)/comment-page-([0-9]{1,})/?$\";s:50:\"index.php?attachment=$matches[1]&cpage=$matches[2]\";s:63:\"index.php/[0-9]{4}/[0-9]{1,2}/[0-9]{1,2}/[^/]+/([^/]+)/embed/?$\";s:43:\"index.php?attachment=$matches[1]&embed=true\";s:74:\"index.php/([0-9]{4})/([0-9]{1,2})/([0-9]{1,2})/comment-page-([0-9]{1,})/?$\";s:81:\"index.php?year=$matches[1]&monthnum=$matches[2]&day=$matches[3]&cpage=$matches[4]\";s:61:\"index.php/([0-9]{4})/([0-9]{1,2})/comment-page-([0-9]{1,})/?$\";s:65:\"index.php?year=$matches[1]&monthnum=$matches[2]&cpage=$matches[3]\";s:48:\"index.php/([0-9]{4})/comment-page-([0-9]{1,})/?$\";s:44:\"index.php?year=$matches[1]&cpage=$matches[2]\";s:37:\"index.php/.?.+?/attachment/([^/]+)/?$\";s:32:\"index.php?attachment=$matches[1]\";s:47:\"index.php/.?.+?/attachment/([^/]+)/trackback/?$\";s:37:\"index.php?attachment=$matches[1]&tb=1\";s:67:\"index.php/.?.+?/attachment/([^/]+)/feed/(feed|rdf|rss|rss2|atom)/?$\";s:49:\"index.php?attachment=$matches[1]&feed=$matches[2]\";s:62:\"index.php/.?.+?/attachment/([^/]+)/(feed|rdf|rss|rss2|atom)/?$\";s:49:\"index.php?attachment=$matches[1]&feed=$matches[2]\";s:62:\"index.php/.?.+?/attachment/([^/]+)/comment-page-([0-9]{1,})/?$\";s:50:\"index.php?attachment=$matches[1]&cpage=$matches[2]\";s:43:\"index.php/.?.+?/attachment/([^/]+)/embed/?$\";s:43:\"index.php?attachment=$matches[1]&embed=true\";s:26:\"index.php/(.?.+?)/embed/?$\";s:41:\"index.php?pagename=$matches[1]&embed=true\";s:30:\"index.php/(.?.+?)/trackback/?$\";s:35:\"index.php?pagename=$matches[1]&tb=1\";s:50:\"index.php/(.?.+?)/feed/(feed|rdf|rss|rss2|atom)/?$\";s:47:\"index.php?pagename=$matches[1]&feed=$matches[2]\";s:45:\"index.php/(.?.+?)/(feed|rdf|rss|rss2|atom)/?$\";s:47:\"index.php?pagename=$matches[1]&feed=$matches[2]\";s:38:\"index.php/(.?.+?)/page/?([0-9]{1,})/?$\";s:48:\"index.php?pagename=$matches[1]&paged=$matches[2]\";s:45:\"index.php/(.?.+?)/comment-page-([0-9]{1,})/?$\";s:48:\"index.php?pagename=$matches[1]&cpage=$matches[2]\";s:34:\"index.php/(.?.+?)(?:/([0-9]+))?/?$\";s:47:\"index.php?pagename=$matches[1]&page=$matches[2]\";}', 'yes'),
(30, 'hack_file', '0', 'yes'),
(31, 'blog_charset', 'UTF-8', 'yes'),
(32, 'moderation_keys', '', 'no'),
(33, 'active_plugins', 'a:4:{i:0;s:35:\"advanced-cf7-db/advanced-cf7-db.php\";i:1;s:36:\"contact-form-7/wp-contact-form-7.php\";i:2;s:34:\"sakura-rs-wp-ssl/sakura-rs-ssl.php\";i:3;s:41:\"vk-all-in-one-expansion-unit/vkExUnit.php\";}', 'yes'),
(34, 'category_base', '', 'yes'),
(35, 'ping_sites', 'http://rpc.pingomatic.com/', 'yes'),
(36, 'comment_max_links', '2', 'yes'),
(37, 'gmt_offset', '', 'yes'),
(38, 'default_email_category', '1', 'yes'),
(39, 'recently_edited', '', 'no'),
(40, 'template', 'lightning', 'yes'),
(41, 'stylesheet', 'lightning', 'yes'),
(42, 'comment_whitelist', '1', 'yes'),
(43, 'blacklist_keys', '', 'no'),
(44, 'comment_registration', '0', 'yes'),
(45, 'html_type', 'text/html', 'yes'),
(46, 'use_trackback', '0', 'yes'),
(47, 'default_role', 'subscriber', 'yes'),
(48, 'db_version', '47018', 'yes'),
(49, 'uploads_use_yearmonth_folders', '1', 'yes'),
(50, 'upload_path', '', 'yes'),
(51, 'blog_public', '0', 'yes'),
(52, 'default_link_category', '2', 'yes'),
(53, 'show_on_front', 'posts', 'yes'),
(54, 'tag_base', '', 'yes'),
(55, 'show_avatars', '1', 'yes'),
(56, 'avatar_rating', 'G', 'yes'),
(57, 'upload_url_path', '', 'yes'),
(58, 'thumbnail_size_w', '150', 'yes'),
(59, 'thumbnail_size_h', '150', 'yes'),
(60, 'thumbnail_crop', '1', 'yes'),
(61, 'medium_size_w', '300', 'yes'),
(62, 'medium_size_h', '300', 'yes'),
(63, 'avatar_default', 'mystery', 'yes'),
(64, 'large_size_w', '1024', 'yes'),
(65, 'large_size_h', '1024', 'yes'),
(66, 'image_default_link_type', 'none', 'yes'),
(67, 'image_default_size', '', 'yes'),
(68, 'image_default_align', '', 'yes'),
(69, 'close_comments_for_old_posts', '0', 'yes'),
(70, 'close_comments_days_old', '14', 'yes'),
(71, 'thread_comments', '1', 'yes'),
(72, 'thread_comments_depth', '5', 'yes'),
(73, 'page_comments', '0', 'yes'),
(74, 'comments_per_page', '50', 'yes'),
(75, 'default_comments_page', 'newest', 'yes'),
(76, 'comment_order', 'asc', 'yes'),
(77, 'sticky_posts', 'a:0:{}', 'yes'),
(78, 'widget_categories', 'a:3:{i:2;a:4:{s:5:\"title\";s:0:\"\";s:5:\"count\";i:0;s:12:\"hierarchical\";i:0;s:8:\"dropdown\";i:0;}i:3;a:4:{s:5:\"title\";s:0:\"\";s:5:\"count\";i:0;s:12:\"hierarchical\";i:0;s:8:\"dropdown\";i:0;}s:12:\"_multiwidget\";i:1;}', 'yes'),
(79, 'widget_text', 'a:2:{i:1;a:0:{}s:12:\"_multiwidget\";i:1;}', 'yes'),
(80, 'widget_rss', 'a:2:{i:1;a:0:{}s:12:\"_multiwidget\";i:1;}', 'yes'),
(81, 'uninstall_plugins', 'a:0:{}', 'no'),
(82, 'timezone_string', 'Asia/Tokyo', 'yes'),
(83, 'page_for_posts', '0', 'yes'),
(84, 'page_on_front', '0', 'yes'),
(85, 'default_post_format', '0', 'yes'),
(86, 'link_manager_enabled', '0', 'yes'),
(87, 'finished_splitting_shared_terms', '1', 'yes'),
(88, 'site_icon', '37', 'yes'),
(89, 'medium_large_size_w', '768', 'yes'),
(90, 'medium_large_size_h', '0', 'yes'),
(91, 'wp_page_for_privacy_policy', '3', 'yes'),
(92, 'show_comments_cookies_opt_in', '1', 'yes'),
(93, 'admin_email_lifespan', '1611667126', 'yes'),
(94, 'initial_db_version', '47018', 'yes'),
(95, 'balluser_roles', 'a:5:{s:13:\"administrator\";a:2:{s:4:\"name\";s:13:\"Administrator\";s:12:\"capabilities\";a:78:{s:13:\"switch_themes\";b:1;s:11:\"edit_themes\";b:1;s:16:\"activate_plugins\";b:1;s:12:\"edit_plugins\";b:1;s:10:\"edit_users\";b:1;s:10:\"edit_files\";b:1;s:14:\"manage_options\";b:1;s:17:\"moderate_comments\";b:1;s:17:\"manage_categories\";b:1;s:12:\"manage_links\";b:1;s:12:\"upload_files\";b:1;s:6:\"import\";b:1;s:15:\"unfiltered_html\";b:1;s:10:\"edit_posts\";b:1;s:17:\"edit_others_posts\";b:1;s:20:\"edit_published_posts\";b:1;s:13:\"publish_posts\";b:1;s:10:\"edit_pages\";b:1;s:4:\"read\";b:1;s:8:\"level_10\";b:1;s:7:\"level_9\";b:1;s:7:\"level_8\";b:1;s:7:\"level_7\";b:1;s:7:\"level_6\";b:1;s:7:\"level_5\";b:1;s:7:\"level_4\";b:1;s:7:\"level_3\";b:1;s:7:\"level_2\";b:1;s:7:\"level_1\";b:1;s:7:\"level_0\";b:1;s:17:\"edit_others_pages\";b:1;s:20:\"edit_published_pages\";b:1;s:13:\"publish_pages\";b:1;s:12:\"delete_pages\";b:1;s:19:\"delete_others_pages\";b:1;s:22:\"delete_published_pages\";b:1;s:12:\"delete_posts\";b:1;s:19:\"delete_others_posts\";b:1;s:22:\"delete_published_posts\";b:1;s:20:\"delete_private_posts\";b:1;s:18:\"edit_private_posts\";b:1;s:18:\"read_private_posts\";b:1;s:20:\"delete_private_pages\";b:1;s:18:\"edit_private_pages\";b:1;s:18:\"read_private_pages\";b:1;s:12:\"delete_users\";b:1;s:12:\"create_users\";b:1;s:17:\"unfiltered_upload\";b:1;s:14:\"edit_dashboard\";b:1;s:14:\"update_plugins\";b:1;s:14:\"delete_plugins\";b:1;s:15:\"install_plugins\";b:1;s:13:\"update_themes\";b:1;s:14:\"install_themes\";b:1;s:11:\"update_core\";b:1;s:10:\"list_users\";b:1;s:12:\"remove_users\";b:1;s:13:\"promote_users\";b:1;s:18:\"edit_theme_options\";b:1;s:13:\"delete_themes\";b:1;s:6:\"export\";b:1;s:20:\"add_post_type_manage\";b:1;s:21:\"add_post_type_manages\";b:1;s:21:\"edit_post_type_manage\";b:1;s:22:\"edit_post_type_manages\";b:1;s:32:\"edit_published_post_type_manages\";b:1;s:29:\"edit_others_post_type_manages\";b:1;s:23:\"delete_post_type_manage\";b:1;s:24:\"delete_post_type_manages\";b:1;s:32:\"delete_private_post_type_manages\";b:1;s:31:\"delete_others_post_type_manages\";b:1;s:34:\"delete_published_post_type_manages\";b:1;s:25:\"publish_post_type_manages\";b:1;s:32:\"publish_others_post_type_manages\";b:1;s:18:\"cf7_db_form_view52\";b:1;s:19:\"cf7_db_form_edit_52\";b:1;s:18:\"cf7_db_form_view51\";b:1;s:19:\"cf7_db_form_edit_51\";b:1;}}s:6:\"editor\";a:2:{s:4:\"name\";s:6:\"Editor\";s:12:\"capabilities\";a:34:{s:17:\"moderate_comments\";b:1;s:17:\"manage_categories\";b:1;s:12:\"manage_links\";b:1;s:12:\"upload_files\";b:1;s:15:\"unfiltered_html\";b:1;s:10:\"edit_posts\";b:1;s:17:\"edit_others_posts\";b:1;s:20:\"edit_published_posts\";b:1;s:13:\"publish_posts\";b:1;s:10:\"edit_pages\";b:1;s:4:\"read\";b:1;s:7:\"level_7\";b:1;s:7:\"level_6\";b:1;s:7:\"level_5\";b:1;s:7:\"level_4\";b:1;s:7:\"level_3\";b:1;s:7:\"level_2\";b:1;s:7:\"level_1\";b:1;s:7:\"level_0\";b:1;s:17:\"edit_others_pages\";b:1;s:20:\"edit_published_pages\";b:1;s:13:\"publish_pages\";b:1;s:12:\"delete_pages\";b:1;s:19:\"delete_others_pages\";b:1;s:22:\"delete_published_pages\";b:1;s:12:\"delete_posts\";b:1;s:19:\"delete_others_posts\";b:1;s:22:\"delete_published_posts\";b:1;s:20:\"delete_private_posts\";b:1;s:18:\"edit_private_posts\";b:1;s:18:\"read_private_posts\";b:1;s:20:\"delete_private_pages\";b:1;s:18:\"edit_private_pages\";b:1;s:18:\"read_private_pages\";b:1;}}s:6:\"author\";a:2:{s:4:\"name\";s:6:\"Author\";s:12:\"capabilities\";a:10:{s:12:\"upload_files\";b:1;s:10:\"edit_posts\";b:1;s:20:\"edit_published_posts\";b:1;s:13:\"publish_posts\";b:1;s:4:\"read\";b:1;s:7:\"level_2\";b:1;s:7:\"level_1\";b:1;s:7:\"level_0\";b:1;s:12:\"delete_posts\";b:1;s:22:\"delete_published_posts\";b:1;}}s:11:\"contributor\";a:2:{s:4:\"name\";s:11:\"Contributor\";s:12:\"capabilities\";a:5:{s:10:\"edit_posts\";b:1;s:4:\"read\";b:1;s:7:\"level_1\";b:1;s:7:\"level_0\";b:1;s:12:\"delete_posts\";b:1;}}s:10:\"subscriber\";a:2:{s:4:\"name\";s:10:\"Subscriber\";s:12:\"capabilities\";a:2:{s:4:\"read\";b:1;s:7:\"level_0\";b:1;}}}', 'yes'),
(96, 'fresh_site', '0', 'yes'),
(97, 'widget_search', 'a:3:{i:2;a:1:{s:5:\"title\";s:0:\"\";}i:3;a:1:{s:5:\"title\";s:0:\"\";}s:12:\"_multiwidget\";i:1;}', 'yes'),
(98, 'widget_recent-posts', 'a:2:{i:2;a:2:{s:5:\"title\";s:0:\"\";s:6:\"number\";i:5;}s:12:\"_multiwidget\";i:1;}', 'yes'),
(99, 'widget_recent-comments', 'a:2:{i:2;a:2:{s:5:\"title\";s:0:\"\";s:6:\"number\";i:5;}s:12:\"_multiwidget\";i:1;}', 'yes'),
(100, 'widget_archives', 'a:2:{i:2;a:3:{s:5:\"title\";s:0:\"\";s:5:\"count\";i:0;s:8:\"dropdown\";i:0;}s:12:\"_multiwidget\";i:1;}', 'yes'),
(101, 'widget_meta', 'a:2:{i:2;a:1:{s:5:\"title\";s:0:\"\";}s:12:\"_multiwidget\";i:1;}', 'yes'),
(102, 'sidebars_widgets', 'a:15:{s:19:\"wp_inactive_widgets\";a:3:{i:0;s:8:\"search-2\";i:1;s:14:\"recent-posts-2\";i:2;s:17:\"recent-comments-2\";}s:19:\"vk-mobile-nav-upper\";a:0:{}s:20:\"vk-mobile-nav-bottom\";a:0:{}s:26:\"front-side-top-widget-area\";a:3:{i:0;s:8:\"search-3\";i:1;s:12:\"categories-3\";i:2;s:7:\"pages-2\";}s:27:\"common-side-top-widget-area\";a:0:{}s:30:\"common-side-bottom-widget-area\";a:0:{}s:21:\"post-side-widget-area\";a:0:{}s:21:\"page-side-widget-area\";a:0:{}s:27:\"attachment-side-widget-area\";a:0:{}s:28:\"home-content-top-widget-area\";a:0:{}s:21:\"footer-upper-widget-1\";a:3:{i:0;s:10:\"archives-2\";i:1;s:12:\"categories-2\";i:2;s:6:\"meta-2\";}s:15:\"footer-widget-1\";a:1:{i:0;s:28:\"wp_widget_vkexunit_profile-2\";}s:15:\"footer-widget-2\";a:0:{}s:15:\"footer-widget-3\";a:0:{}s:13:\"array_version\";i:3;}', 'yes'),
(103, 'cron', 'a:6:{i:1596979127;a:1:{s:32:\"recovery_mode_clean_expired_keys\";a:1:{s:32:\"40cd750bba9870f18aada2478b24840a\";a:3:{s:8:\"schedule\";s:5:\"daily\";s:4:\"args\";a:0:{}s:8:\"interval\";i:86400;}}}i:1596979128;a:4:{s:34:\"wp_privacy_delete_old_export_files\";a:1:{s:32:\"40cd750bba9870f18aada2478b24840a\";a:3:{s:8:\"schedule\";s:6:\"hourly\";s:4:\"args\";a:0:{}s:8:\"interval\";i:3600;}}s:16:\"wp_version_check\";a:1:{s:32:\"40cd750bba9870f18aada2478b24840a\";a:3:{s:8:\"schedule\";s:10:\"twicedaily\";s:4:\"args\";a:0:{}s:8:\"interval\";i:43200;}}s:17:\"wp_update_plugins\";a:1:{s:32:\"40cd750bba9870f18aada2478b24840a\";a:3:{s:8:\"schedule\";s:10:\"twicedaily\";s:4:\"args\";a:0:{}s:8:\"interval\";i:43200;}}s:16:\"wp_update_themes\";a:1:{s:32:\"40cd750bba9870f18aada2478b24840a\";a:3:{s:8:\"schedule\";s:10:\"twicedaily\";s:4:\"args\";a:0:{}s:8:\"interval\";i:43200;}}}i:1596980274;a:2:{s:19:\"wp_scheduled_delete\";a:1:{s:32:\"40cd750bba9870f18aada2478b24840a\";a:3:{s:8:\"schedule\";s:5:\"daily\";s:4:\"args\";a:0:{}s:8:\"interval\";i:86400;}}s:25:\"delete_expired_transients\";a:1:{s:32:\"40cd750bba9870f18aada2478b24840a\";a:3:{s:8:\"schedule\";s:5:\"daily\";s:4:\"args\";a:0:{}s:8:\"interval\";i:86400;}}}i:1596980275;a:1:{s:30:\"wp_scheduled_auto_draft_delete\";a:1:{s:32:\"40cd750bba9870f18aada2478b24840a\";a:3:{s:8:\"schedule\";s:5:\"daily\";s:4:\"args\";a:0:{}s:8:\"interval\";i:86400;}}}i:1597411127;a:1:{s:30:\"wp_site_health_scheduled_check\";a:1:{s:32:\"40cd750bba9870f18aada2478b24840a\";a:3:{s:8:\"schedule\";s:6:\"weekly\";s:4:\"args\";a:0:{}s:8:\"interval\";i:604800;}}}s:7:\"version\";i:2;}', 'yes'),
(104, 'widget_pages', 'a:2:{i:2;a:3:{s:5:\"title\";s:0:\"\";s:6:\"sortby\";s:10:\"post_title\";s:7:\"exclude\";s:0:\"\";}s:12:\"_multiwidget\";i:1;}', 'yes'),
(105, 'widget_calendar', 'a:1:{s:12:\"_multiwidget\";i:1;}', 'yes'),
(106, 'widget_media_audio', 'a:1:{s:12:\"_multiwidget\";i:1;}', 'yes'),
(107, 'widget_media_image', 'a:1:{s:12:\"_multiwidget\";i:1;}', 'yes'),
(108, 'widget_media_gallery', 'a:1:{s:12:\"_multiwidget\";i:1;}', 'yes'),
(109, 'widget_media_video', 'a:1:{s:12:\"_multiwidget\";i:1;}', 'yes'),
(110, 'nonce_key', 'Mi1Q]L5tw>T#~u:=&gt-_U@Tby/Y1PY^T+<0r7 a_SR_`r>7g,l2P/!ISLj;?@nd', 'no'),
(111, 'nonce_salt', '>![*<K5{ljO|Pi6-]@[J@e]E04l426r:U5sPcvZ<ct_*CT%69$(x!gPGBAJ{M6dh', 'no'),
(112, 'widget_tag_cloud', 'a:1:{s:12:\"_multiwidget\";i:1;}', 'yes'),
(113, 'widget_nav_menu', 'a:1:{s:12:\"_multiwidget\";i:1;}', 'yes'),
(114, 'widget_custom_html', 'a:1:{s:12:\"_multiwidget\";i:1;}', 'yes'),
(116, 'recovery_keys', 'a:0:{}', 'yes'),
(120, 'theme_mods_twentytwenty', 'a:2:{s:18:\"custom_css_post_id\";i:-1;s:16:\"sidebars_widgets\";a:2:{s:4:\"time\";i:1596118179;s:4:\"data\";a:3:{s:19:\"wp_inactive_widgets\";a:0:{}s:9:\"sidebar-1\";a:3:{i:0;s:8:\"search-2\";i:1;s:14:\"recent-posts-2\";i:2;s:17:\"recent-comments-2\";}s:9:\"sidebar-2\";a:3:{i:0;s:10:\"archives-2\";i:1;s:12:\"categories-2\";i:2;s:6:\"meta-2\";}}}}', 'yes'),
(129, 'secure_auth_key', 'CNM-nCy 5$iNXe=jyL$i}aE-Q!_SvDJh`W3:q1NXD!<S%F!er_+`Y]SAeaJH@*Tz', 'no'),
(130, 'secure_auth_salt', 'Iq/ozX<4<NjQ]kF07q_U^^.6~TGnPxMfO^h8-pr%FiNvkI3P`{X/r#o:kK~94lvg', 'no'),
(131, 'logged_in_key', 'Di[b,EOf7RI@8k77uIcet/mhvJr.C3S`OU.M|?]h1,0oK*.[e*DbNI?<x>GM+#,|', 'no'),
(132, 'logged_in_salt', ':`+Rv6@3ps!^+uaClb^Sp3K,s 9v^V6NO1mriE:E.oXzUI:*8FYy#e~WWW[Z-I~N', 'no'),
(138, 'can_compress_scripts', '0', 'no'),
(156, 'auth_key', 'LKH8{(aS|p-C!`tN86;8K]XOjjRU8eTp/5yb7rg0Tk|&bVHEVE%UyR*7uw]Z]yOp', 'no'),
(157, 'auth_salt', 'QtA8_);r]eBWe5+V:]9USvB*|oibC,~3l$Rx@nT{V.w>( w 1=f}g=ygy+m&f5Fm', 'no'),
(158, 'recently_activated', 'a:0:{}', 'yes'),
(159, 'sakura-force-ssl', '1', 'yes'),
(162, 'WPLANG', 'ja', 'yes'),
(163, 'new_admin_email', 'sayaka20090807@gmail.com', 'yes'),
(172, 'current_theme', 'Lightning', 'yes'),
(173, 'theme_mods_lightning', 'a:3:{i:0;b:0;s:18:\"nav_menu_locations\";a:3:{s:6:\"Header\";i:3;s:6:\"Footer\";i:0;s:13:\"vk-mobile-nav\";i:0;}s:18:\"custom_css_post_id\";i:-1;}', 'yes'),
(174, 'theme_switched', '', 'yes'),
(175, 'lightning_theme_options', 'a:39:{s:16:\"front_pr_display\";b:1;s:14:\"top_slide_time\";i:4000;s:17:\"top_slide_image_1\";s:67:\"https://baseball.sumomo.ne.jp/wp-content/uploads/2020/07/ball21.jpg\";s:15:\"top_slide_url_1\";s:29:\"https://baseball.sumomo.ne.jp\";s:22:\"top_slide_text_title_1\";s:75:\"Promotion Office<br>for Research Safety and the Environmental Conservation \";s:24:\"top_slide_text_caption_1\";s:16:\"- 各種届出 -\";s:20:\"top_slide_text_btn_1\";s:9:\"READ MORE\";s:22:\"top_slide_text_align_1\";s:4:\"left\";s:22:\"top_slide_text_color_1\";s:7:\"#ffffff\";s:27:\"top_slide_text_shadow_use_1\";b:1;s:29:\"top_slide_text_shadow_color_1\";s:7:\"#000000\";s:17:\"top_slide_image_2\";s:67:\"https://baseball.sumomo.ne.jp/wp-content/uploads/2020/07/ball22.jpg\";s:15:\"top_slide_url_2\";s:29:\"https://baseball.sumomo.ne.jp\";s:22:\"top_slide_text_title_2\";s:75:\"Promotion Office<br>for Research Safety and the Environmental Conservation \";s:24:\"top_slide_text_caption_2\";s:16:\"- 各種届出 -\";s:20:\"top_slide_text_btn_2\";s:9:\"READ MORE\";s:22:\"top_slide_text_align_2\";s:4:\"left\";s:22:\"top_slide_text_color_2\";s:7:\"#ffffff\";s:27:\"top_slide_text_shadow_use_2\";b:1;s:29:\"top_slide_text_shadow_color_2\";s:7:\"#000000\";s:14:\"color_key_dark\";s:7:\"#104675\";s:9:\"color_key\";s:7:\"#5284ce\";s:23:\"top_slide_cover_color_1\";s:7:\"#000000\";s:25:\"top_slide_cover_opacity_1\";s:2:\"50\";s:16:\"top_slide_effect\";s:4:\"fade\";s:23:\"top_slide_cover_color_2\";s:7:\"#000000\";s:25:\"top_slide_cover_opacity_2\";s:2:\"50\";s:15:\"front_pr_icon_1\";s:15:\"far fa-building\";s:16:\"front_pr_title_1\";s:15:\"建物使用届\";s:18:\"front_pr_summary_1\";s:66:\"所内の共通エリア使用に関する届出はこちらから\";s:15:\"front_pr_link_1\";s:58:\"https://baseball.sumomo.ne.jp/index.php/todokede/tatemono/\";s:15:\"front_pr_icon_2\";s:15:\"fas fa-fire-alt\";s:16:\"front_pr_title_2\";s:15:\"火気使用届\";s:18:\"front_pr_summary_2\";s:96:\"発熱する機材を使用する場合はこちらも同時に届出をお願いいたします\";s:16:\"front_pr_title_3\";s:21:\"防災設備工事願\";s:18:\"front_pr_summary_3\";s:75:\"火災感知器の工事をする場合はご提出をお願い致します\";s:15:\"front_pr_link_2\";s:59:\"https://baseball.sumomo.ne.jp/index.php/todokede/kakisiyou/\";s:15:\"front_pr_icon_3\";s:13:\"fas fa-wrench\";s:15:\"front_pr_link_3\";s:63:\"https://baseball.sumomo.ne.jp/index.php/todokede/bousai-setubi/\";}', 'yes'),
(176, 'widget_ltg_full_wide_title', 'a:1:{s:12:\"_multiwidget\";i:1;}', 'yes'),
(177, 'widget_ltg_post_list', 'a:1:{s:12:\"_multiwidget\";i:1;}', 'yes'),
(179, 'vkExUnit_common_options', 'a:35:{s:18:\"active_fontawesome\";b:0;s:16:\"active_vk-blocks\";b:1;s:14:\"active_wpTitle\";b:1;s:27:\"active_addReusableBlockMenu\";b:1;s:10:\"active_sns\";b:1;s:9:\"active_ga\";b:1;s:22:\"active_metaDescription\";b:1;s:19:\"active_otherWidgets\";b:1;s:24:\"active_default_thumbnail\";b:1;s:20:\"active_css_customize\";b:1;s:21:\"active_childPageIndex\";b:1;s:24:\"active_pageList_ancestor\";b:1;s:22:\"active_contact_section\";b:1;s:19:\"active_sitemap_page\";b:1;s:21:\"active_call_to_action\";b:1;s:17:\"active_insert_ads\";b:1;s:19:\"active_relatedPosts\";b:1;s:14:\"active_noindex\";b:1;s:24:\"active_disable_ping-back\";b:0;s:23:\"active_disable_dashbord\";b:0;s:16:\"active_admin_bar\";b:1;s:24:\"active_post_type_manager\";b:1;s:21:\"active_pagetop_button\";b:0;s:20:\"active_smooth_scroll\";b:1;s:21:\"active_add_body_class\";b:1;s:28:\"active_nav_menu_class_custom\";b:1;s:32:\"active_Contactform7AssetOptimize\";b:0;s:20:\"active_auto_eyecatch\";b:0;s:26:\"active_tiny_mce_style_tags\";b:1;s:16:\"active_bootstrap\";b:0;s:18:\"active_metaKeyword\";b:0;s:11:\"active_icon\";b:0;s:23:\"post_metabox_individual\";b:0;s:28:\"delete_options_at_deactivate\";b:0;s:20:\"content_filter_state\";s:7:\"content\";}', 'yes'),
(180, 'widget_vkexunit_fbpageplugin', 'a:1:{s:12:\"_multiwidget\";i:1;}', 'yes'),
(181, 'widget_vk_twitter_widget', 'a:1:{s:12:\"_multiwidget\";i:1;}', 'yes'),
(182, 'widget_vkexunit_post_list', 'a:1:{s:12:\"_multiwidget\";i:1;}', 'yes'),
(183, 'widget_wp_widget_vkexunit_profile', 'a:2:{i:2;a:18:{s:5:\"label\";s:18:\"プロフィール\";s:9:\"mediaFile\";s:0:\"\";s:8:\"mediaAlt\";s:0:\"\";s:7:\"profile\";s:30:\"プロフィールテキスト\";s:15:\"mediaAlign_left\";N;s:10:\"mediaAlign\";s:4:\"left\";s:10:\"mediaRound\";N;s:9:\"mediaSize\";s:0:\"\";s:10:\"mediaFloat\";N;s:8:\"facebook\";s:0:\"\";s:7:\"twitter\";s:0:\"\";s:4:\"mail\";s:0:\"\";s:7:\"youtube\";s:0:\"\";s:3:\"rss\";s:0:\"\";s:9:\"instagram\";s:0:\"\";s:8:\"linkedin\";s:0:\"\";s:15:\"iconFont_bgType\";s:0:\"\";s:10:\"icon_color\";s:0:\"\";}s:12:\"_multiwidget\";i:1;}', 'yes'),
(184, 'widget_wp_widget_vkexunit_3pr_area', 'a:1:{s:12:\"_multiwidget\";i:1;}', 'yes'),
(185, 'widget_pudge', 'a:1:{s:12:\"_multiwidget\";i:1;}', 'yes'),
(186, 'widget_wp_widget_vk_taxonomy_list', 'a:1:{s:12:\"_multiwidget\";i:1;}', 'yes'),
(187, 'widget_wp_widget_vk_archive_list', 'a:1:{s:12:\"_multiwidget\";i:1;}', 'yes'),
(188, 'widget_wp_widget_vkexunit_pr_blocks', 'a:1:{s:12:\"_multiwidget\";i:1;}', 'yes'),
(189, 'widget_vkexunit_childpagelist', 'a:1:{s:12:\"_multiwidget\";i:1;}', 'yes'),
(190, 'widget_vkexunit_button', 'a:1:{s:12:\"_multiwidget\";i:1;}', 'yes'),
(191, 'widget_vkexunit_banner', 'a:1:{s:12:\"_multiwidget\";i:1;}', 'yes'),
(192, 'widget_vkexunit_contact', 'a:1:{s:12:\"_multiwidget\";i:1;}', 'yes'),
(193, 'widget_vkexunit_contact_section', 'a:1:{s:12:\"_multiwidget\";i:1;}', 'yes'),
(194, 'widget_vkexunit_cta', 'a:1:{s:12:\"_multiwidget\";i:1;}', 'yes'),
(198, 'lightning_design_skin', 'origin2', 'yes'),
(220, 'category_children', 'a:0:{}', 'yes'),
(221, 'nav_menu_options', 'a:2:{i:0;b:0;s:8:\"auto_add\";a:0:{}}', 'yes'),
(233, 'wpcf7', 'a:2:{s:7:\"version\";s:5:\"5.2.1\";s:13:\"bulk_validate\";a:4:{s:9:\"timestamp\";i:1596131499;s:7:\"version\";s:3:\"5.2\";s:11:\"count_valid\";i:1;s:13:\"count_invalid\";i:0;}}', 'yes'),
(241, 'vsz_cf7_db_version', '1.7.2', 'yes'),
(242, 'secret_key', ',fP]3lKyY09bpL.GFTZ4~S9eUT{brwiO2D!D5?4xU{i/BZejfgLIbn(OGk457je#', 'no'),
(259, '_transient_health-check-site-status-result', '{\"good\":\"9\",\"recommended\":\"8\",\"critical\":\"0\"}', 'yes'),
(276, '_site_transient_timeout_php_check_c35af108126e3879ab2f7bb297998072', '1597474217', 'no'),
(277, '_site_transient_php_check_c35af108126e3879ab2f7bb297998072', 'a:5:{s:19:\"recommended_version\";s:3:\"7.4\";s:15:\"minimum_version\";s:6:\"5.6.20\";s:12:\"is_supported\";b:1;s:9:\"is_secure\";b:1;s:13:\"is_acceptable\";b:1;}', 'no'),
(281, '_site_transient_timeout_browser_72f533ef66d493b897f3cfc643e15448', '1597474343', 'no'),
(282, '_site_transient_browser_72f533ef66d493b897f3cfc643e15448', 'a:10:{s:4:\"name\";s:6:\"Chrome\";s:7:\"version\";s:13:\"84.0.4147.105\";s:8:\"platform\";s:7:\"Windows\";s:10:\"update_url\";s:29:\"https://www.google.com/chrome\";s:7:\"img_src\";s:43:\"http://s.w.org/images/browsers/chrome.png?1\";s:11:\"img_src_ssl\";s:44:\"https://s.w.org/images/browsers/chrome.png?1\";s:15:\"current_version\";s:2:\"18\";s:7:\"upgrade\";b:0;s:8:\"insecure\";b:0;s:6:\"mobile\";b:0;}', 'no'),
(308, '_site_transient_timeout_poptags_40cd750bba9870f18aada2478b24840a', '1596913529', 'no'),
(309, '_site_transient_poptags_40cd750bba9870f18aada2478b24840a', 'O:8:\"stdClass\":100:{s:6:\"widget\";a:3:{s:4:\"name\";s:6:\"widget\";s:4:\"slug\";s:6:\"widget\";s:5:\"count\";i:4714;}s:11:\"woocommerce\";a:3:{s:4:\"name\";s:11:\"woocommerce\";s:4:\"slug\";s:11:\"woocommerce\";s:5:\"count\";i:4279;}s:4:\"post\";a:3:{s:4:\"name\";s:4:\"post\";s:4:\"slug\";s:4:\"post\";s:5:\"count\";i:2679;}s:5:\"admin\";a:3:{s:4:\"name\";s:5:\"admin\";s:4:\"slug\";s:5:\"admin\";s:5:\"count\";i:2561;}s:5:\"posts\";a:3:{s:4:\"name\";s:5:\"posts\";s:4:\"slug\";s:5:\"posts\";s:5:\"count\";i:1967;}s:9:\"shortcode\";a:3:{s:4:\"name\";s:9:\"shortcode\";s:4:\"slug\";s:9:\"shortcode\";s:5:\"count\";i:1815;}s:8:\"comments\";a:3:{s:4:\"name\";s:8:\"comments\";s:4:\"slug\";s:8:\"comments\";s:5:\"count\";i:1798;}s:7:\"twitter\";a:3:{s:4:\"name\";s:7:\"twitter\";s:4:\"slug\";s:7:\"twitter\";s:5:\"count\";i:1486;}s:6:\"images\";a:3:{s:4:\"name\";s:6:\"images\";s:4:\"slug\";s:6:\"images\";s:5:\"count\";i:1482;}s:6:\"google\";a:3:{s:4:\"name\";s:6:\"google\";s:4:\"slug\";s:6:\"google\";s:5:\"count\";i:1478;}s:8:\"facebook\";a:3:{s:4:\"name\";s:8:\"facebook\";s:4:\"slug\";s:8:\"facebook\";s:5:\"count\";i:1453;}s:3:\"seo\";a:3:{s:4:\"name\";s:3:\"seo\";s:4:\"slug\";s:3:\"seo\";s:5:\"count\";i:1445;}s:5:\"image\";a:3:{s:4:\"name\";s:5:\"image\";s:4:\"slug\";s:5:\"image\";s:5:\"count\";i:1442;}s:7:\"sidebar\";a:3:{s:4:\"name\";s:7:\"sidebar\";s:4:\"slug\";s:7:\"sidebar\";s:5:\"count\";i:1306;}s:5:\"email\";a:3:{s:4:\"name\";s:5:\"email\";s:4:\"slug\";s:5:\"email\";s:5:\"count\";i:1212;}s:7:\"gallery\";a:3:{s:4:\"name\";s:7:\"gallery\";s:4:\"slug\";s:7:\"gallery\";s:5:\"count\";i:1204;}s:9:\"ecommerce\";a:3:{s:4:\"name\";s:9:\"ecommerce\";s:4:\"slug\";s:9:\"ecommerce\";s:5:\"count\";i:1141;}s:4:\"page\";a:3:{s:4:\"name\";s:4:\"page\";s:4:\"slug\";s:4:\"page\";s:5:\"count\";i:1130;}s:6:\"social\";a:3:{s:4:\"name\";s:6:\"social\";s:4:\"slug\";s:6:\"social\";s:5:\"count\";i:1099;}s:5:\"login\";a:3:{s:4:\"name\";s:5:\"login\";s:4:\"slug\";s:5:\"login\";s:5:\"count\";i:1003;}s:5:\"video\";a:3:{s:4:\"name\";s:5:\"video\";s:4:\"slug\";s:5:\"video\";s:5:\"count\";i:892;}s:8:\"security\";a:3:{s:4:\"name\";s:8:\"security\";s:4:\"slug\";s:8:\"security\";s:5:\"count\";i:887;}s:7:\"widgets\";a:3:{s:4:\"name\";s:7:\"widgets\";s:4:\"slug\";s:7:\"widgets\";s:5:\"count\";i:881;}s:5:\"links\";a:3:{s:4:\"name\";s:5:\"links\";s:4:\"slug\";s:5:\"links\";s:5:\"count\";i:879;}s:10:\"e-commerce\";a:3:{s:4:\"name\";s:10:\"e-commerce\";s:4:\"slug\";s:10:\"e-commerce\";s:5:\"count\";i:793;}s:4:\"spam\";a:3:{s:4:\"name\";s:4:\"spam\";s:4:\"slug\";s:4:\"spam\";s:5:\"count\";i:792;}s:6:\"slider\";a:3:{s:4:\"name\";s:6:\"slider\";s:4:\"slug\";s:6:\"slider\";s:5:\"count\";i:784;}s:7:\"content\";a:3:{s:4:\"name\";s:7:\"content\";s:4:\"slug\";s:7:\"content\";s:5:\"count\";i:778;}s:9:\"analytics\";a:3:{s:4:\"name\";s:9:\"analytics\";s:4:\"slug\";s:9:\"analytics\";s:5:\"count\";i:772;}s:10:\"buddypress\";a:3:{s:4:\"name\";s:10:\"buddypress\";s:4:\"slug\";s:10:\"buddypress\";s:5:\"count\";i:751;}s:4:\"form\";a:3:{s:4:\"name\";s:4:\"form\";s:4:\"slug\";s:4:\"form\";s:5:\"count\";i:732;}s:5:\"media\";a:3:{s:4:\"name\";s:5:\"media\";s:4:\"slug\";s:5:\"media\";s:5:\"count\";i:722;}s:3:\"rss\";a:3:{s:4:\"name\";s:3:\"rss\";s:4:\"slug\";s:3:\"rss\";s:5:\"count\";i:719;}s:5:\"pages\";a:3:{s:4:\"name\";s:5:\"pages\";s:4:\"slug\";s:5:\"pages\";s:5:\"count\";i:699;}s:6:\"search\";a:3:{s:4:\"name\";s:6:\"search\";s:4:\"slug\";s:6:\"search\";s:5:\"count\";i:692;}s:6:\"editor\";a:3:{s:4:\"name\";s:6:\"editor\";s:4:\"slug\";s:6:\"editor\";s:5:\"count\";i:672;}s:4:\"menu\";a:3:{s:4:\"name\";s:4:\"menu\";s:4:\"slug\";s:4:\"menu\";s:5:\"count\";i:661;}s:6:\"jquery\";a:3:{s:4:\"name\";s:6:\"jquery\";s:4:\"slug\";s:6:\"jquery\";s:5:\"count\";i:661;}s:4:\"feed\";a:3:{s:4:\"name\";s:4:\"feed\";s:4:\"slug\";s:4:\"feed\";s:5:\"count\";i:657;}s:8:\"category\";a:3:{s:4:\"name\";s:8:\"category\";s:4:\"slug\";s:8:\"category\";s:5:\"count\";i:649;}s:4:\"ajax\";a:3:{s:4:\"name\";s:4:\"ajax\";s:4:\"slug\";s:4:\"ajax\";s:5:\"count\";i:634;}s:5:\"embed\";a:3:{s:4:\"name\";s:5:\"embed\";s:4:\"slug\";s:5:\"embed\";s:5:\"count\";i:630;}s:12:\"contact-form\";a:3:{s:4:\"name\";s:12:\"contact form\";s:4:\"slug\";s:12:\"contact-form\";s:5:\"count\";i:602;}s:3:\"css\";a:3:{s:4:\"name\";s:3:\"css\";s:4:\"slug\";s:3:\"css\";s:5:\"count\";i:589;}s:7:\"payment\";a:3:{s:4:\"name\";s:7:\"payment\";s:4:\"slug\";s:7:\"payment\";s:5:\"count\";i:589;}s:7:\"youtube\";a:3:{s:4:\"name\";s:7:\"youtube\";s:4:\"slug\";s:7:\"youtube\";s:5:\"count\";i:580;}s:10:\"javascript\";a:3:{s:4:\"name\";s:10:\"javascript\";s:4:\"slug\";s:10:\"javascript\";s:5:\"count\";i:580;}s:4:\"link\";a:3:{s:4:\"name\";s:4:\"link\";s:4:\"slug\";s:4:\"link\";s:5:\"count\";i:574;}s:5:\"share\";a:3:{s:4:\"name\";s:5:\"share\";s:4:\"slug\";s:5:\"share\";s:5:\"count\";i:561;}s:9:\"affiliate\";a:3:{s:4:\"name\";s:9:\"affiliate\";s:4:\"slug\";s:9:\"affiliate\";s:5:\"count\";i:556;}s:5:\"theme\";a:3:{s:4:\"name\";s:5:\"theme\";s:4:\"slug\";s:5:\"theme\";s:5:\"count\";i:555;}s:7:\"comment\";a:3:{s:4:\"name\";s:7:\"comment\";s:4:\"slug\";s:7:\"comment\";s:5:\"count\";i:551;}s:10:\"responsive\";a:3:{s:4:\"name\";s:10:\"responsive\";s:4:\"slug\";s:10:\"responsive\";s:5:\"count\";i:542;}s:9:\"dashboard\";a:3:{s:4:\"name\";s:9:\"dashboard\";s:4:\"slug\";s:9:\"dashboard\";s:5:\"count\";i:539;}s:9:\"gutenberg\";a:3:{s:4:\"name\";s:9:\"gutenberg\";s:4:\"slug\";s:9:\"gutenberg\";s:5:\"count\";i:533;}s:6:\"custom\";a:3:{s:4:\"name\";s:6:\"custom\";s:4:\"slug\";s:6:\"custom\";s:5:\"count\";i:531;}s:3:\"ads\";a:3:{s:4:\"name\";s:3:\"ads\";s:4:\"slug\";s:3:\"ads\";s:5:\"count\";i:528;}s:10:\"categories\";a:3:{s:4:\"name\";s:10:\"categories\";s:4:\"slug\";s:10:\"categories\";s:5:\"count\";i:517;}s:15:\"payment-gateway\";a:3:{s:4:\"name\";s:15:\"payment gateway\";s:4:\"slug\";s:15:\"payment-gateway\";s:5:\"count\";i:517;}s:3:\"api\";a:3:{s:4:\"name\";s:3:\"api\";s:4:\"slug\";s:3:\"api\";s:5:\"count\";i:513;}s:7:\"contact\";a:3:{s:4:\"name\";s:7:\"contact\";s:4:\"slug\";s:7:\"contact\";s:5:\"count\";i:508;}s:4:\"user\";a:3:{s:4:\"name\";s:4:\"user\";s:4:\"slug\";s:4:\"user\";s:5:\"count\";i:503;}s:4:\"tags\";a:3:{s:4:\"name\";s:4:\"tags\";s:4:\"slug\";s:4:\"tags\";s:5:\"count\";i:494;}s:6:\"button\";a:3:{s:4:\"name\";s:6:\"button\";s:4:\"slug\";s:6:\"button\";s:5:\"count\";i:491;}s:6:\"mobile\";a:3:{s:4:\"name\";s:6:\"mobile\";s:4:\"slug\";s:6:\"mobile\";s:5:\"count\";i:479;}s:5:\"users\";a:3:{s:4:\"name\";s:5:\"users\";s:4:\"slug\";s:5:\"users\";s:5:\"count\";i:479;}s:6:\"events\";a:3:{s:4:\"name\";s:6:\"events\";s:4:\"slug\";s:6:\"events\";s:5:\"count\";i:471;}s:9:\"marketing\";a:3:{s:4:\"name\";s:9:\"marketing\";s:4:\"slug\";s:9:\"marketing\";s:5:\"count\";i:456;}s:4:\"chat\";a:3:{s:4:\"name\";s:4:\"chat\";s:4:\"slug\";s:4:\"chat\";s:5:\"count\";i:445;}s:5:\"photo\";a:3:{s:4:\"name\";s:5:\"photo\";s:4:\"slug\";s:5:\"photo\";s:5:\"count\";i:438;}s:10:\"navigation\";a:3:{s:4:\"name\";s:10:\"navigation\";s:4:\"slug\";s:10:\"navigation\";s:5:\"count\";i:438;}s:8:\"calendar\";a:3:{s:4:\"name\";s:8:\"calendar\";s:4:\"slug\";s:8:\"calendar\";s:5:\"count\";i:433;}s:5:\"popup\";a:3:{s:4:\"name\";s:5:\"popup\";s:4:\"slug\";s:5:\"popup\";s:5:\"count\";i:432;}s:9:\"slideshow\";a:3:{s:4:\"name\";s:9:\"slideshow\";s:4:\"slug\";s:9:\"slideshow\";s:5:\"count\";i:430;}s:5:\"stats\";a:3:{s:4:\"name\";s:5:\"stats\";s:4:\"slug\";s:5:\"stats\";s:5:\"count\";i:423;}s:6:\"photos\";a:3:{s:4:\"name\";s:6:\"photos\";s:4:\"slug\";s:6:\"photos\";s:5:\"count\";i:422;}s:5:\"forms\";a:3:{s:4:\"name\";s:5:\"forms\";s:4:\"slug\";s:5:\"forms\";s:5:\"count\";i:419;}s:10:\"newsletter\";a:3:{s:4:\"name\";s:10:\"newsletter\";s:4:\"slug\";s:10:\"newsletter\";s:5:\"count\";i:413;}s:10:\"statistics\";a:3:{s:4:\"name\";s:10:\"statistics\";s:4:\"slug\";s:10:\"statistics\";s:5:\"count\";i:411;}s:14:\"contact-form-7\";a:3:{s:4:\"name\";s:14:\"contact form 7\";s:4:\"slug\";s:14:\"contact-form-7\";s:5:\"count\";i:409;}s:4:\"news\";a:3:{s:4:\"name\";s:4:\"news\";s:4:\"slug\";s:4:\"news\";s:5:\"count\";i:400;}s:10:\"shortcodes\";a:3:{s:4:\"name\";s:10:\"shortcodes\";s:4:\"slug\";s:10:\"shortcodes\";s:5:\"count\";i:398;}s:12:\"social-media\";a:3:{s:4:\"name\";s:12:\"social media\";s:4:\"slug\";s:12:\"social-media\";s:5:\"count\";i:396;}s:5:\"block\";a:3:{s:4:\"name\";s:5:\"block\";s:4:\"slug\";s:5:\"block\";s:5:\"count\";i:393;}s:8:\"redirect\";a:3:{s:4:\"name\";s:8:\"redirect\";s:4:\"slug\";s:8:\"redirect\";s:5:\"count\";i:388;}s:9:\"elementor\";a:3:{s:4:\"name\";s:9:\"elementor\";s:4:\"slug\";s:9:\"elementor\";s:5:\"count\";i:387;}s:4:\"code\";a:3:{s:4:\"name\";s:4:\"code\";s:4:\"slug\";s:4:\"code\";s:5:\"count\";i:382;}s:11:\"performance\";a:3:{s:4:\"name\";s:11:\"performance\";s:4:\"slug\";s:11:\"performance\";s:5:\"count\";i:382;}s:9:\"multisite\";a:3:{s:4:\"name\";s:9:\"multisite\";s:4:\"slug\";s:9:\"multisite\";s:5:\"count\";i:379;}s:7:\"plugins\";a:3:{s:4:\"name\";s:7:\"plugins\";s:4:\"slug\";s:7:\"plugins\";s:5:\"count\";i:377;}s:3:\"url\";a:3:{s:4:\"name\";s:3:\"url\";s:4:\"slug\";s:3:\"url\";s:5:\"count\";i:374;}s:12:\"notification\";a:3:{s:4:\"name\";s:12:\"notification\";s:4:\"slug\";s:12:\"notification\";s:5:\"count\";i:371;}s:8:\"shipping\";a:3:{s:4:\"name\";s:8:\"shipping\";s:4:\"slug\";s:8:\"shipping\";s:5:\"count\";i:366;}s:4:\"meta\";a:3:{s:4:\"name\";s:4:\"meta\";s:4:\"slug\";s:4:\"meta\";s:5:\"count\";i:364;}s:4:\"list\";a:3:{s:4:\"name\";s:4:\"list\";s:4:\"slug\";s:4:\"list\";s:5:\"count\";i:360;}s:8:\"tracking\";a:3:{s:4:\"name\";s:8:\"tracking\";s:4:\"slug\";s:8:\"tracking\";s:5:\"count\";i:353;}s:16:\"google-analytics\";a:3:{s:4:\"name\";s:16:\"google analytics\";s:4:\"slug\";s:16:\"google-analytics\";s:5:\"count\";i:348;}s:16:\"custom-post-type\";a:3:{s:4:\"name\";s:16:\"custom post type\";s:4:\"slug\";s:16:\"custom-post-type\";s:5:\"count\";i:342;}s:5:\"cache\";a:3:{s:4:\"name\";s:5:\"cache\";s:4:\"slug\";s:5:\"cache\";s:5:\"count\";i:342;}s:6:\"import\";a:3:{s:4:\"name\";s:6:\"import\";s:4:\"slug\";s:6:\"import\";s:5:\"count\";i:338;}}', 'no'),
(310, '_site_transient_timeout_available_translations', '1596913571', 'no');
INSERT INTO `balloptions` (`option_id`, `option_name`, `option_value`, `autoload`) VALUES
(311, '_site_transient_available_translations', 'a:122:{s:2:\"af\";a:8:{s:8:\"language\";s:2:\"af\";s:7:\"version\";s:5:\"5.4.2\";s:7:\"updated\";s:19:\"2020-07-14 06:20:07\";s:12:\"english_name\";s:9:\"Afrikaans\";s:11:\"native_name\";s:9:\"Afrikaans\";s:7:\"package\";s:61:\"https://downloads.wordpress.org/translation/core/5.4.2/af.zip\";s:3:\"iso\";a:2:{i:1;s:2:\"af\";i:2;s:3:\"afr\";}s:7:\"strings\";a:1:{s:8:\"continue\";s:10:\"Gaan voort\";}}s:2:\"ar\";a:8:{s:8:\"language\";s:2:\"ar\";s:7:\"version\";s:5:\"5.4.2\";s:7:\"updated\";s:19:\"2020-08-06 11:16:06\";s:12:\"english_name\";s:6:\"Arabic\";s:11:\"native_name\";s:14:\"العربية\";s:7:\"package\";s:61:\"https://downloads.wordpress.org/translation/core/5.4.2/ar.zip\";s:3:\"iso\";a:2:{i:1;s:2:\"ar\";i:2;s:3:\"ara\";}s:7:\"strings\";a:1:{s:8:\"continue\";s:16:\"المتابعة\";}}s:3:\"ary\";a:8:{s:8:\"language\";s:3:\"ary\";s:7:\"version\";s:5:\"4.7.7\";s:7:\"updated\";s:19:\"2017-01-26 15:42:35\";s:12:\"english_name\";s:15:\"Moroccan Arabic\";s:11:\"native_name\";s:31:\"العربية المغربية\";s:7:\"package\";s:62:\"https://downloads.wordpress.org/translation/core/4.7.7/ary.zip\";s:3:\"iso\";a:2:{i:1;s:2:\"ar\";i:3;s:3:\"ary\";}s:7:\"strings\";a:1:{s:8:\"continue\";s:16:\"المتابعة\";}}s:2:\"as\";a:8:{s:8:\"language\";s:2:\"as\";s:7:\"version\";s:5:\"4.7.2\";s:7:\"updated\";s:19:\"2016-11-22 18:59:07\";s:12:\"english_name\";s:8:\"Assamese\";s:11:\"native_name\";s:21:\"অসমীয়া\";s:7:\"package\";s:61:\"https://downloads.wordpress.org/translation/core/4.7.2/as.zip\";s:3:\"iso\";a:3:{i:1;s:2:\"as\";i:2;s:3:\"asm\";i:3;s:3:\"asm\";}s:7:\"strings\";a:1:{s:8:\"continue\";s:8:\"Continue\";}}s:3:\"azb\";a:8:{s:8:\"language\";s:3:\"azb\";s:7:\"version\";s:5:\"4.7.2\";s:7:\"updated\";s:19:\"2016-09-12 20:34:31\";s:12:\"english_name\";s:17:\"South Azerbaijani\";s:11:\"native_name\";s:29:\"گؤنئی آذربایجان\";s:7:\"package\";s:62:\"https://downloads.wordpress.org/translation/core/4.7.2/azb.zip\";s:3:\"iso\";a:2:{i:1;s:2:\"az\";i:3;s:3:\"azb\";}s:7:\"strings\";a:1:{s:8:\"continue\";s:8:\"Continue\";}}s:2:\"az\";a:8:{s:8:\"language\";s:2:\"az\";s:7:\"version\";s:5:\"4.7.2\";s:7:\"updated\";s:19:\"2016-11-06 00:09:27\";s:12:\"english_name\";s:11:\"Azerbaijani\";s:11:\"native_name\";s:16:\"Azərbaycan dili\";s:7:\"package\";s:61:\"https://downloads.wordpress.org/translation/core/4.7.2/az.zip\";s:3:\"iso\";a:2:{i:1;s:2:\"az\";i:2;s:3:\"aze\";}s:7:\"strings\";a:1:{s:8:\"continue\";s:5:\"Davam\";}}s:3:\"bel\";a:8:{s:8:\"language\";s:3:\"bel\";s:7:\"version\";s:6:\"4.9.15\";s:7:\"updated\";s:19:\"2019-10-29 07:54:22\";s:12:\"english_name\";s:10:\"Belarusian\";s:11:\"native_name\";s:29:\"Беларуская мова\";s:7:\"package\";s:63:\"https://downloads.wordpress.org/translation/core/4.9.15/bel.zip\";s:3:\"iso\";a:2:{i:1;s:2:\"be\";i:2;s:3:\"bel\";}s:7:\"strings\";a:1:{s:8:\"continue\";s:20:\"Працягнуць\";}}s:5:\"bg_BG\";a:8:{s:8:\"language\";s:5:\"bg_BG\";s:7:\"version\";s:5:\"5.3.3\";s:7:\"updated\";s:19:\"2020-01-22 10:57:09\";s:12:\"english_name\";s:9:\"Bulgarian\";s:11:\"native_name\";s:18:\"Български\";s:7:\"package\";s:64:\"https://downloads.wordpress.org/translation/core/5.3.3/bg_BG.zip\";s:3:\"iso\";a:2:{i:1;s:2:\"bg\";i:2;s:3:\"bul\";}s:7:\"strings\";a:1:{s:8:\"continue\";s:12:\"Напред\";}}s:5:\"bn_BD\";a:8:{s:8:\"language\";s:5:\"bn_BD\";s:7:\"version\";s:6:\"4.8.14\";s:7:\"updated\";s:19:\"2017-10-01 12:57:10\";s:12:\"english_name\";s:20:\"Bengali (Bangladesh)\";s:11:\"native_name\";s:15:\"বাংলা\";s:7:\"package\";s:65:\"https://downloads.wordpress.org/translation/core/4.8.14/bn_BD.zip\";s:3:\"iso\";a:1:{i:1;s:2:\"bn\";}s:7:\"strings\";a:1:{s:8:\"continue\";s:23:\"এগিয়ে চল.\";}}s:2:\"bo\";a:8:{s:8:\"language\";s:2:\"bo\";s:7:\"version\";s:5:\"5.4.2\";s:7:\"updated\";s:19:\"2020-07-08 06:57:24\";s:12:\"english_name\";s:7:\"Tibetan\";s:11:\"native_name\";s:21:\"བོད་ཡིག\";s:7:\"package\";s:61:\"https://downloads.wordpress.org/translation/core/5.4.2/bo.zip\";s:3:\"iso\";a:2:{i:1;s:2:\"bo\";i:2;s:3:\"tib\";}s:7:\"strings\";a:1:{s:8:\"continue\";s:33:\"མུ་མཐུད་དུ།\";}}s:5:\"bs_BA\";a:8:{s:8:\"language\";s:5:\"bs_BA\";s:7:\"version\";s:5:\"5.4.2\";s:7:\"updated\";s:19:\"2020-06-17 11:59:40\";s:12:\"english_name\";s:7:\"Bosnian\";s:11:\"native_name\";s:8:\"Bosanski\";s:7:\"package\";s:64:\"https://downloads.wordpress.org/translation/core/5.4.2/bs_BA.zip\";s:3:\"iso\";a:2:{i:1;s:2:\"bs\";i:2;s:3:\"bos\";}s:7:\"strings\";a:1:{s:8:\"continue\";s:7:\"Nastavi\";}}s:2:\"ca\";a:8:{s:8:\"language\";s:2:\"ca\";s:7:\"version\";s:5:\"5.4.2\";s:7:\"updated\";s:19:\"2020-07-22 04:50:37\";s:12:\"english_name\";s:7:\"Catalan\";s:11:\"native_name\";s:7:\"Català\";s:7:\"package\";s:61:\"https://downloads.wordpress.org/translation/core/5.4.2/ca.zip\";s:3:\"iso\";a:2:{i:1;s:2:\"ca\";i:2;s:3:\"cat\";}s:7:\"strings\";a:1:{s:8:\"continue\";s:8:\"Continua\";}}s:3:\"ceb\";a:8:{s:8:\"language\";s:3:\"ceb\";s:7:\"version\";s:5:\"4.7.2\";s:7:\"updated\";s:19:\"2016-03-02 17:25:51\";s:12:\"english_name\";s:7:\"Cebuano\";s:11:\"native_name\";s:7:\"Cebuano\";s:7:\"package\";s:62:\"https://downloads.wordpress.org/translation/core/4.7.2/ceb.zip\";s:3:\"iso\";a:2:{i:2;s:3:\"ceb\";i:3;s:3:\"ceb\";}s:7:\"strings\";a:1:{s:8:\"continue\";s:7:\"Padayun\";}}s:5:\"cs_CZ\";a:8:{s:8:\"language\";s:5:\"cs_CZ\";s:7:\"version\";s:5:\"5.3.4\";s:7:\"updated\";s:19:\"2020-06-11 08:59:48\";s:12:\"english_name\";s:5:\"Czech\";s:11:\"native_name\";s:9:\"Čeština\";s:7:\"package\";s:64:\"https://downloads.wordpress.org/translation/core/5.3.4/cs_CZ.zip\";s:3:\"iso\";a:2:{i:1;s:2:\"cs\";i:2;s:3:\"ces\";}s:7:\"strings\";a:1:{s:8:\"continue\";s:11:\"Pokračovat\";}}s:2:\"cy\";a:8:{s:8:\"language\";s:2:\"cy\";s:7:\"version\";s:5:\"5.4.2\";s:7:\"updated\";s:19:\"2020-07-10 08:55:00\";s:12:\"english_name\";s:5:\"Welsh\";s:11:\"native_name\";s:7:\"Cymraeg\";s:7:\"package\";s:61:\"https://downloads.wordpress.org/translation/core/5.4.2/cy.zip\";s:3:\"iso\";a:2:{i:1;s:2:\"cy\";i:2;s:3:\"cym\";}s:7:\"strings\";a:1:{s:8:\"continue\";s:6:\"Parhau\";}}s:5:\"da_DK\";a:8:{s:8:\"language\";s:5:\"da_DK\";s:7:\"version\";s:5:\"5.4.2\";s:7:\"updated\";s:19:\"2020-08-04 08:37:35\";s:12:\"english_name\";s:6:\"Danish\";s:11:\"native_name\";s:5:\"Dansk\";s:7:\"package\";s:64:\"https://downloads.wordpress.org/translation/core/5.4.2/da_DK.zip\";s:3:\"iso\";a:2:{i:1;s:2:\"da\";i:2;s:3:\"dan\";}s:7:\"strings\";a:1:{s:8:\"continue\";s:8:\"Fortsæt\";}}s:12:\"de_DE_formal\";a:8:{s:8:\"language\";s:12:\"de_DE_formal\";s:7:\"version\";s:5:\"5.4.2\";s:7:\"updated\";s:19:\"2020-08-02 17:09:01\";s:12:\"english_name\";s:15:\"German (Formal)\";s:11:\"native_name\";s:13:\"Deutsch (Sie)\";s:7:\"package\";s:71:\"https://downloads.wordpress.org/translation/core/5.4.2/de_DE_formal.zip\";s:3:\"iso\";a:1:{i:1;s:2:\"de\";}s:7:\"strings\";a:1:{s:8:\"continue\";s:6:\"Weiter\";}}s:5:\"de_AT\";a:8:{s:8:\"language\";s:5:\"de_AT\";s:7:\"version\";s:5:\"5.4.2\";s:7:\"updated\";s:19:\"2020-06-17 18:22:34\";s:12:\"english_name\";s:16:\"German (Austria)\";s:11:\"native_name\";s:21:\"Deutsch (Österreich)\";s:7:\"package\";s:64:\"https://downloads.wordpress.org/translation/core/5.4.2/de_AT.zip\";s:3:\"iso\";a:1:{i:1;s:2:\"de\";}s:7:\"strings\";a:1:{s:8:\"continue\";s:6:\"Weiter\";}}s:14:\"de_CH_informal\";a:8:{s:8:\"language\";s:14:\"de_CH_informal\";s:7:\"version\";s:5:\"5.4.2\";s:7:\"updated\";s:19:\"2020-06-19 09:59:34\";s:12:\"english_name\";s:30:\"German (Switzerland, Informal)\";s:11:\"native_name\";s:21:\"Deutsch (Schweiz, Du)\";s:7:\"package\";s:73:\"https://downloads.wordpress.org/translation/core/5.4.2/de_CH_informal.zip\";s:3:\"iso\";a:1:{i:1;s:2:\"de\";}s:7:\"strings\";a:1:{s:8:\"continue\";s:6:\"Weiter\";}}s:5:\"de_CH\";a:8:{s:8:\"language\";s:5:\"de_CH\";s:7:\"version\";s:5:\"5.4.2\";s:7:\"updated\";s:19:\"2020-06-19 09:59:11\";s:12:\"english_name\";s:20:\"German (Switzerland)\";s:11:\"native_name\";s:17:\"Deutsch (Schweiz)\";s:7:\"package\";s:64:\"https://downloads.wordpress.org/translation/core/5.4.2/de_CH.zip\";s:3:\"iso\";a:1:{i:1;s:2:\"de\";}s:7:\"strings\";a:1:{s:8:\"continue\";s:6:\"Weiter\";}}s:5:\"de_DE\";a:8:{s:8:\"language\";s:5:\"de_DE\";s:7:\"version\";s:5:\"5.4.2\";s:7:\"updated\";s:19:\"2020-08-02 17:09:40\";s:12:\"english_name\";s:6:\"German\";s:11:\"native_name\";s:7:\"Deutsch\";s:7:\"package\";s:64:\"https://downloads.wordpress.org/translation/core/5.4.2/de_DE.zip\";s:3:\"iso\";a:1:{i:1;s:2:\"de\";}s:7:\"strings\";a:1:{s:8:\"continue\";s:6:\"Weiter\";}}s:3:\"dzo\";a:8:{s:8:\"language\";s:3:\"dzo\";s:7:\"version\";s:5:\"4.7.2\";s:7:\"updated\";s:19:\"2016-06-29 08:59:03\";s:12:\"english_name\";s:8:\"Dzongkha\";s:11:\"native_name\";s:18:\"རྫོང་ཁ\";s:7:\"package\";s:62:\"https://downloads.wordpress.org/translation/core/4.7.2/dzo.zip\";s:3:\"iso\";a:2:{i:1;s:2:\"dz\";i:2;s:3:\"dzo\";}s:7:\"strings\";a:1:{s:8:\"continue\";s:8:\"Continue\";}}s:2:\"el\";a:8:{s:8:\"language\";s:2:\"el\";s:7:\"version\";s:5:\"5.4.2\";s:7:\"updated\";s:19:\"2020-07-08 15:27:00\";s:12:\"english_name\";s:5:\"Greek\";s:11:\"native_name\";s:16:\"Ελληνικά\";s:7:\"package\";s:61:\"https://downloads.wordpress.org/translation/core/5.4.2/el.zip\";s:3:\"iso\";a:2:{i:1;s:2:\"el\";i:2;s:3:\"ell\";}s:7:\"strings\";a:1:{s:8:\"continue\";s:16:\"Συνέχεια\";}}s:5:\"en_NZ\";a:8:{s:8:\"language\";s:5:\"en_NZ\";s:7:\"version\";s:5:\"5.4.2\";s:7:\"updated\";s:19:\"2020-03-31 22:29:33\";s:12:\"english_name\";s:21:\"English (New Zealand)\";s:11:\"native_name\";s:21:\"English (New Zealand)\";s:7:\"package\";s:64:\"https://downloads.wordpress.org/translation/core/5.4.2/en_NZ.zip\";s:3:\"iso\";a:3:{i:1;s:2:\"en\";i:2;s:3:\"eng\";i:3;s:3:\"eng\";}s:7:\"strings\";a:1:{s:8:\"continue\";s:8:\"Continue\";}}s:5:\"en_ZA\";a:8:{s:8:\"language\";s:5:\"en_ZA\";s:7:\"version\";s:5:\"5.4.2\";s:7:\"updated\";s:19:\"2020-07-08 05:40:20\";s:12:\"english_name\";s:22:\"English (South Africa)\";s:11:\"native_name\";s:22:\"English (South Africa)\";s:7:\"package\";s:64:\"https://downloads.wordpress.org/translation/core/5.4.2/en_ZA.zip\";s:3:\"iso\";a:3:{i:1;s:2:\"en\";i:2;s:3:\"eng\";i:3;s:3:\"eng\";}s:7:\"strings\";a:1:{s:8:\"continue\";s:8:\"Continue\";}}s:5:\"en_CA\";a:8:{s:8:\"language\";s:5:\"en_CA\";s:7:\"version\";s:5:\"5.4.2\";s:7:\"updated\";s:19:\"2020-08-05 17:32:39\";s:12:\"english_name\";s:16:\"English (Canada)\";s:11:\"native_name\";s:16:\"English (Canada)\";s:7:\"package\";s:64:\"https://downloads.wordpress.org/translation/core/5.4.2/en_CA.zip\";s:3:\"iso\";a:3:{i:1;s:2:\"en\";i:2;s:3:\"eng\";i:3;s:3:\"eng\";}s:7:\"strings\";a:1:{s:8:\"continue\";s:8:\"Continue\";}}s:5:\"en_AU\";a:8:{s:8:\"language\";s:5:\"en_AU\";s:7:\"version\";s:5:\"5.4.2\";s:7:\"updated\";s:19:\"2020-08-03 08:37:17\";s:12:\"english_name\";s:19:\"English (Australia)\";s:11:\"native_name\";s:19:\"English (Australia)\";s:7:\"package\";s:64:\"https://downloads.wordpress.org/translation/core/5.4.2/en_AU.zip\";s:3:\"iso\";a:3:{i:1;s:2:\"en\";i:2;s:3:\"eng\";i:3;s:3:\"eng\";}s:7:\"strings\";a:1:{s:8:\"continue\";s:8:\"Continue\";}}s:5:\"en_GB\";a:8:{s:8:\"language\";s:5:\"en_GB\";s:7:\"version\";s:5:\"5.4.2\";s:7:\"updated\";s:19:\"2020-07-14 17:55:29\";s:12:\"english_name\";s:12:\"English (UK)\";s:11:\"native_name\";s:12:\"English (UK)\";s:7:\"package\";s:64:\"https://downloads.wordpress.org/translation/core/5.4.2/en_GB.zip\";s:3:\"iso\";a:3:{i:1;s:2:\"en\";i:2;s:3:\"eng\";i:3;s:3:\"eng\";}s:7:\"strings\";a:1:{s:8:\"continue\";s:8:\"Continue\";}}s:2:\"eo\";a:8:{s:8:\"language\";s:2:\"eo\";s:7:\"version\";s:5:\"5.4.2\";s:7:\"updated\";s:19:\"2020-07-07 12:15:57\";s:12:\"english_name\";s:9:\"Esperanto\";s:11:\"native_name\";s:9:\"Esperanto\";s:7:\"package\";s:61:\"https://downloads.wordpress.org/translation/core/5.4.2/eo.zip\";s:3:\"iso\";a:2:{i:1;s:2:\"eo\";i:2;s:3:\"epo\";}s:7:\"strings\";a:1:{s:8:\"continue\";s:8:\"Daŭrigi\";}}s:5:\"es_CL\";a:8:{s:8:\"language\";s:5:\"es_CL\";s:7:\"version\";s:5:\"5.4.2\";s:7:\"updated\";s:19:\"2020-07-09 08:55:58\";s:12:\"english_name\";s:15:\"Spanish (Chile)\";s:11:\"native_name\";s:17:\"Español de Chile\";s:7:\"package\";s:64:\"https://downloads.wordpress.org/translation/core/5.4.2/es_CL.zip\";s:3:\"iso\";a:3:{i:1;s:2:\"es\";i:2;s:3:\"spa\";i:3;s:3:\"spa\";}s:7:\"strings\";a:1:{s:8:\"continue\";s:9:\"Continuar\";}}s:5:\"es_CO\";a:8:{s:8:\"language\";s:5:\"es_CO\";s:7:\"version\";s:5:\"5.4.2\";s:7:\"updated\";s:19:\"2020-07-08 20:42:40\";s:12:\"english_name\";s:18:\"Spanish (Colombia)\";s:11:\"native_name\";s:20:\"Español de Colombia\";s:7:\"package\";s:64:\"https://downloads.wordpress.org/translation/core/5.4.2/es_CO.zip\";s:3:\"iso\";a:3:{i:1;s:2:\"es\";i:2;s:3:\"spa\";i:3;s:3:\"spa\";}s:7:\"strings\";a:1:{s:8:\"continue\";s:9:\"Continuar\";}}s:5:\"es_VE\";a:8:{s:8:\"language\";s:5:\"es_VE\";s:7:\"version\";s:5:\"5.4.2\";s:7:\"updated\";s:19:\"2020-07-07 21:12:53\";s:12:\"english_name\";s:19:\"Spanish (Venezuela)\";s:11:\"native_name\";s:21:\"Español de Venezuela\";s:7:\"package\";s:64:\"https://downloads.wordpress.org/translation/core/5.4.2/es_VE.zip\";s:3:\"iso\";a:3:{i:1;s:2:\"es\";i:2;s:3:\"spa\";i:3;s:3:\"spa\";}s:7:\"strings\";a:1:{s:8:\"continue\";s:9:\"Continuar\";}}s:5:\"es_MX\";a:8:{s:8:\"language\";s:5:\"es_MX\";s:7:\"version\";s:5:\"5.4.2\";s:7:\"updated\";s:19:\"2020-07-07 22:47:39\";s:12:\"english_name\";s:16:\"Spanish (Mexico)\";s:11:\"native_name\";s:19:\"Español de México\";s:7:\"package\";s:64:\"https://downloads.wordpress.org/translation/core/5.4.2/es_MX.zip\";s:3:\"iso\";a:3:{i:1;s:2:\"es\";i:2;s:3:\"spa\";i:3;s:3:\"spa\";}s:7:\"strings\";a:1:{s:8:\"continue\";s:9:\"Continuar\";}}s:5:\"es_AR\";a:8:{s:8:\"language\";s:5:\"es_AR\";s:7:\"version\";s:5:\"5.4.2\";s:7:\"updated\";s:19:\"2020-07-07 22:49:02\";s:12:\"english_name\";s:19:\"Spanish (Argentina)\";s:11:\"native_name\";s:21:\"Español de Argentina\";s:7:\"package\";s:64:\"https://downloads.wordpress.org/translation/core/5.4.2/es_AR.zip\";s:3:\"iso\";a:3:{i:1;s:2:\"es\";i:2;s:3:\"spa\";i:3;s:3:\"spa\";}s:7:\"strings\";a:1:{s:8:\"continue\";s:9:\"Continuar\";}}s:5:\"es_CR\";a:8:{s:8:\"language\";s:5:\"es_CR\";s:7:\"version\";s:5:\"5.4.2\";s:7:\"updated\";s:19:\"2020-06-23 16:46:04\";s:12:\"english_name\";s:20:\"Spanish (Costa Rica)\";s:11:\"native_name\";s:22:\"Español de Costa Rica\";s:7:\"package\";s:64:\"https://downloads.wordpress.org/translation/core/5.4.2/es_CR.zip\";s:3:\"iso\";a:3:{i:1;s:2:\"es\";i:2;s:3:\"spa\";i:3;s:3:\"spa\";}s:7:\"strings\";a:1:{s:8:\"continue\";s:9:\"Continuar\";}}s:5:\"es_PR\";a:8:{s:8:\"language\";s:5:\"es_PR\";s:7:\"version\";s:5:\"5.4.1\";s:7:\"updated\";s:19:\"2020-04-29 15:36:59\";s:12:\"english_name\";s:21:\"Spanish (Puerto Rico)\";s:11:\"native_name\";s:23:\"Español de Puerto Rico\";s:7:\"package\";s:64:\"https://downloads.wordpress.org/translation/core/5.4.1/es_PR.zip\";s:3:\"iso\";a:3:{i:1;s:2:\"es\";i:2;s:3:\"spa\";i:3;s:3:\"spa\";}s:7:\"strings\";a:1:{s:8:\"continue\";s:9:\"Continuar\";}}s:5:\"es_UY\";a:8:{s:8:\"language\";s:5:\"es_UY\";s:7:\"version\";s:5:\"5.3.2\";s:7:\"updated\";s:19:\"2019-11-12 04:43:11\";s:12:\"english_name\";s:17:\"Spanish (Uruguay)\";s:11:\"native_name\";s:19:\"Español de Uruguay\";s:7:\"package\";s:64:\"https://downloads.wordpress.org/translation/core/5.3.2/es_UY.zip\";s:3:\"iso\";a:3:{i:1;s:2:\"es\";i:2;s:3:\"spa\";i:3;s:3:\"spa\";}s:7:\"strings\";a:1:{s:8:\"continue\";s:9:\"Continuar\";}}s:5:\"es_GT\";a:8:{s:8:\"language\";s:5:\"es_GT\";s:7:\"version\";s:3:\"5.1\";s:7:\"updated\";s:19:\"2019-03-02 06:35:01\";s:12:\"english_name\";s:19:\"Spanish (Guatemala)\";s:11:\"native_name\";s:21:\"Español de Guatemala\";s:7:\"package\";s:62:\"https://downloads.wordpress.org/translation/core/5.1/es_GT.zip\";s:3:\"iso\";a:3:{i:1;s:2:\"es\";i:2;s:3:\"spa\";i:3;s:3:\"spa\";}s:7:\"strings\";a:1:{s:8:\"continue\";s:9:\"Continuar\";}}s:5:\"es_ES\";a:8:{s:8:\"language\";s:5:\"es_ES\";s:7:\"version\";s:5:\"5.4.2\";s:7:\"updated\";s:19:\"2020-07-27 10:08:06\";s:12:\"english_name\";s:15:\"Spanish (Spain)\";s:11:\"native_name\";s:8:\"Español\";s:7:\"package\";s:64:\"https://downloads.wordpress.org/translation/core/5.4.2/es_ES.zip\";s:3:\"iso\";a:3:{i:1;s:2:\"es\";i:2;s:3:\"spa\";i:3;s:3:\"spa\";}s:7:\"strings\";a:1:{s:8:\"continue\";s:9:\"Continuar\";}}s:5:\"es_PE\";a:8:{s:8:\"language\";s:5:\"es_PE\";s:7:\"version\";s:5:\"5.4.2\";s:7:\"updated\";s:19:\"2020-07-23 23:51:44\";s:12:\"english_name\";s:14:\"Spanish (Peru)\";s:11:\"native_name\";s:17:\"Español de Perú\";s:7:\"package\";s:64:\"https://downloads.wordpress.org/translation/core/5.4.2/es_PE.zip\";s:3:\"iso\";a:3:{i:1;s:2:\"es\";i:2;s:3:\"spa\";i:3;s:3:\"spa\";}s:7:\"strings\";a:1:{s:8:\"continue\";s:9:\"Continuar\";}}s:2:\"et\";a:8:{s:8:\"language\";s:2:\"et\";s:7:\"version\";s:9:\"5.0-beta3\";s:7:\"updated\";s:19:\"2018-11-28 16:04:33\";s:12:\"english_name\";s:8:\"Estonian\";s:11:\"native_name\";s:5:\"Eesti\";s:7:\"package\";s:65:\"https://downloads.wordpress.org/translation/core/5.0-beta3/et.zip\";s:3:\"iso\";a:2:{i:1;s:2:\"et\";i:2;s:3:\"est\";}s:7:\"strings\";a:1:{s:8:\"continue\";s:6:\"Jätka\";}}s:2:\"eu\";a:8:{s:8:\"language\";s:2:\"eu\";s:7:\"version\";s:5:\"5.4.2\";s:7:\"updated\";s:19:\"2020-07-08 09:16:23\";s:12:\"english_name\";s:6:\"Basque\";s:11:\"native_name\";s:7:\"Euskara\";s:7:\"package\";s:61:\"https://downloads.wordpress.org/translation/core/5.4.2/eu.zip\";s:3:\"iso\";a:2:{i:1;s:2:\"eu\";i:2;s:3:\"eus\";}s:7:\"strings\";a:1:{s:8:\"continue\";s:8:\"Jarraitu\";}}s:5:\"fa_IR\";a:8:{s:8:\"language\";s:5:\"fa_IR\";s:7:\"version\";s:5:\"5.4.2\";s:7:\"updated\";s:19:\"2020-07-24 18:19:16\";s:12:\"english_name\";s:7:\"Persian\";s:11:\"native_name\";s:10:\"فارسی\";s:7:\"package\";s:64:\"https://downloads.wordpress.org/translation/core/5.4.2/fa_IR.zip\";s:3:\"iso\";a:2:{i:1;s:2:\"fa\";i:2;s:3:\"fas\";}s:7:\"strings\";a:1:{s:8:\"continue\";s:10:\"ادامه\";}}s:2:\"fi\";a:8:{s:8:\"language\";s:2:\"fi\";s:7:\"version\";s:5:\"5.4.2\";s:7:\"updated\";s:19:\"2020-07-10 15:26:09\";s:12:\"english_name\";s:7:\"Finnish\";s:11:\"native_name\";s:5:\"Suomi\";s:7:\"package\";s:61:\"https://downloads.wordpress.org/translation/core/5.4.2/fi.zip\";s:3:\"iso\";a:2:{i:1;s:2:\"fi\";i:2;s:3:\"fin\";}s:7:\"strings\";a:1:{s:8:\"continue\";s:5:\"Jatka\";}}s:5:\"fr_FR\";a:8:{s:8:\"language\";s:5:\"fr_FR\";s:7:\"version\";s:5:\"5.4.2\";s:7:\"updated\";s:19:\"2020-08-04 11:58:44\";s:12:\"english_name\";s:15:\"French (France)\";s:11:\"native_name\";s:9:\"Français\";s:7:\"package\";s:64:\"https://downloads.wordpress.org/translation/core/5.4.2/fr_FR.zip\";s:3:\"iso\";a:1:{i:1;s:2:\"fr\";}s:7:\"strings\";a:1:{s:8:\"continue\";s:9:\"Continuer\";}}s:5:\"fr_CA\";a:8:{s:8:\"language\";s:5:\"fr_CA\";s:7:\"version\";s:5:\"5.4.2\";s:7:\"updated\";s:19:\"2020-08-04 12:36:19\";s:12:\"english_name\";s:15:\"French (Canada)\";s:11:\"native_name\";s:19:\"Français du Canada\";s:7:\"package\";s:64:\"https://downloads.wordpress.org/translation/core/5.4.2/fr_CA.zip\";s:3:\"iso\";a:2:{i:1;s:2:\"fr\";i:2;s:3:\"fra\";}s:7:\"strings\";a:1:{s:8:\"continue\";s:9:\"Continuer\";}}s:5:\"fr_BE\";a:8:{s:8:\"language\";s:5:\"fr_BE\";s:7:\"version\";s:5:\"5.4.2\";s:7:\"updated\";s:19:\"2020-07-25 08:39:33\";s:12:\"english_name\";s:16:\"French (Belgium)\";s:11:\"native_name\";s:21:\"Français de Belgique\";s:7:\"package\";s:64:\"https://downloads.wordpress.org/translation/core/5.4.2/fr_BE.zip\";s:3:\"iso\";a:2:{i:1;s:2:\"fr\";i:2;s:3:\"fra\";}s:7:\"strings\";a:1:{s:8:\"continue\";s:9:\"Continuer\";}}s:3:\"fur\";a:8:{s:8:\"language\";s:3:\"fur\";s:7:\"version\";s:5:\"4.8.6\";s:7:\"updated\";s:19:\"2018-01-29 17:32:35\";s:12:\"english_name\";s:8:\"Friulian\";s:11:\"native_name\";s:8:\"Friulian\";s:7:\"package\";s:62:\"https://downloads.wordpress.org/translation/core/4.8.6/fur.zip\";s:3:\"iso\";a:2:{i:2;s:3:\"fur\";i:3;s:3:\"fur\";}s:7:\"strings\";a:1:{s:8:\"continue\";s:8:\"Continue\";}}s:2:\"gd\";a:8:{s:8:\"language\";s:2:\"gd\";s:7:\"version\";s:5:\"4.7.2\";s:7:\"updated\";s:19:\"2016-08-23 17:41:37\";s:12:\"english_name\";s:15:\"Scottish Gaelic\";s:11:\"native_name\";s:9:\"Gàidhlig\";s:7:\"package\";s:61:\"https://downloads.wordpress.org/translation/core/4.7.2/gd.zip\";s:3:\"iso\";a:3:{i:1;s:2:\"gd\";i:2;s:3:\"gla\";i:3;s:3:\"gla\";}s:7:\"strings\";a:1:{s:8:\"continue\";s:15:\"Lean air adhart\";}}s:5:\"gl_ES\";a:8:{s:8:\"language\";s:5:\"gl_ES\";s:7:\"version\";s:5:\"5.4.2\";s:7:\"updated\";s:19:\"2020-07-07 22:38:20\";s:12:\"english_name\";s:8:\"Galician\";s:11:\"native_name\";s:6:\"Galego\";s:7:\"package\";s:64:\"https://downloads.wordpress.org/translation/core/5.4.2/gl_ES.zip\";s:3:\"iso\";a:2:{i:1;s:2:\"gl\";i:2;s:3:\"glg\";}s:7:\"strings\";a:1:{s:8:\"continue\";s:9:\"Continuar\";}}s:2:\"gu\";a:8:{s:8:\"language\";s:2:\"gu\";s:7:\"version\";s:5:\"4.9.8\";s:7:\"updated\";s:19:\"2018-09-14 12:33:48\";s:12:\"english_name\";s:8:\"Gujarati\";s:11:\"native_name\";s:21:\"ગુજરાતી\";s:7:\"package\";s:61:\"https://downloads.wordpress.org/translation/core/4.9.8/gu.zip\";s:3:\"iso\";a:2:{i:1;s:2:\"gu\";i:2;s:3:\"guj\";}s:7:\"strings\";a:1:{s:8:\"continue\";s:31:\"ચાલુ રાખવું\";}}s:3:\"haz\";a:8:{s:8:\"language\";s:3:\"haz\";s:7:\"version\";s:5:\"4.4.2\";s:7:\"updated\";s:19:\"2015-12-05 00:59:09\";s:12:\"english_name\";s:8:\"Hazaragi\";s:11:\"native_name\";s:15:\"هزاره گی\";s:7:\"package\";s:62:\"https://downloads.wordpress.org/translation/core/4.4.2/haz.zip\";s:3:\"iso\";a:1:{i:3;s:3:\"haz\";}s:7:\"strings\";a:1:{s:8:\"continue\";s:10:\"ادامه\";}}s:5:\"he_IL\";a:8:{s:8:\"language\";s:5:\"he_IL\";s:7:\"version\";s:5:\"5.4.2\";s:7:\"updated\";s:19:\"2020-07-16 16:33:09\";s:12:\"english_name\";s:6:\"Hebrew\";s:11:\"native_name\";s:16:\"עִבְרִית\";s:7:\"package\";s:64:\"https://downloads.wordpress.org/translation/core/5.4.2/he_IL.zip\";s:3:\"iso\";a:1:{i:1;s:2:\"he\";}s:7:\"strings\";a:1:{s:8:\"continue\";s:8:\"המשך\";}}s:5:\"hi_IN\";a:8:{s:8:\"language\";s:5:\"hi_IN\";s:7:\"version\";s:5:\"4.9.7\";s:7:\"updated\";s:19:\"2018-06-17 09:33:44\";s:12:\"english_name\";s:5:\"Hindi\";s:11:\"native_name\";s:18:\"हिन्दी\";s:7:\"package\";s:64:\"https://downloads.wordpress.org/translation/core/4.9.7/hi_IN.zip\";s:3:\"iso\";a:2:{i:1;s:2:\"hi\";i:2;s:3:\"hin\";}s:7:\"strings\";a:1:{s:8:\"continue\";s:12:\"जारी\";}}s:2:\"hr\";a:8:{s:8:\"language\";s:2:\"hr\";s:7:\"version\";s:5:\"5.4.2\";s:7:\"updated\";s:19:\"2020-06-05 20:35:18\";s:12:\"english_name\";s:8:\"Croatian\";s:11:\"native_name\";s:8:\"Hrvatski\";s:7:\"package\";s:61:\"https://downloads.wordpress.org/translation/core/5.4.2/hr.zip\";s:3:\"iso\";a:2:{i:1;s:2:\"hr\";i:2;s:3:\"hrv\";}s:7:\"strings\";a:1:{s:8:\"continue\";s:7:\"Nastavi\";}}s:3:\"hsb\";a:8:{s:8:\"language\";s:3:\"hsb\";s:7:\"version\";s:5:\"5.4.2\";s:7:\"updated\";s:19:\"2020-07-18 16:53:49\";s:12:\"english_name\";s:13:\"Upper Sorbian\";s:11:\"native_name\";s:17:\"Hornjoserbšćina\";s:7:\"package\";s:62:\"https://downloads.wordpress.org/translation/core/5.4.2/hsb.zip\";s:3:\"iso\";a:2:{i:2;s:3:\"hsb\";i:3;s:3:\"hsb\";}s:7:\"strings\";a:1:{s:8:\"continue\";s:4:\"Dale\";}}s:5:\"hu_HU\";a:8:{s:8:\"language\";s:5:\"hu_HU\";s:7:\"version\";s:5:\"5.4.2\";s:7:\"updated\";s:19:\"2020-06-03 10:58:08\";s:12:\"english_name\";s:9:\"Hungarian\";s:11:\"native_name\";s:6:\"Magyar\";s:7:\"package\";s:64:\"https://downloads.wordpress.org/translation/core/5.4.2/hu_HU.zip\";s:3:\"iso\";a:2:{i:1;s:2:\"hu\";i:2;s:3:\"hun\";}s:7:\"strings\";a:1:{s:8:\"continue\";s:10:\"Folytatás\";}}s:2:\"hy\";a:8:{s:8:\"language\";s:2:\"hy\";s:7:\"version\";s:5:\"4.7.2\";s:7:\"updated\";s:19:\"2016-12-03 16:21:10\";s:12:\"english_name\";s:8:\"Armenian\";s:11:\"native_name\";s:14:\"Հայերեն\";s:7:\"package\";s:61:\"https://downloads.wordpress.org/translation/core/4.7.2/hy.zip\";s:3:\"iso\";a:2:{i:1;s:2:\"hy\";i:2;s:3:\"hye\";}s:7:\"strings\";a:1:{s:8:\"continue\";s:20:\"Շարունակել\";}}s:5:\"id_ID\";a:8:{s:8:\"language\";s:5:\"id_ID\";s:7:\"version\";s:5:\"5.4.2\";s:7:\"updated\";s:19:\"2020-07-11 05:59:40\";s:12:\"english_name\";s:10:\"Indonesian\";s:11:\"native_name\";s:16:\"Bahasa Indonesia\";s:7:\"package\";s:64:\"https://downloads.wordpress.org/translation/core/5.4.2/id_ID.zip\";s:3:\"iso\";a:2:{i:1;s:2:\"id\";i:2;s:3:\"ind\";}s:7:\"strings\";a:1:{s:8:\"continue\";s:9:\"Lanjutkan\";}}s:5:\"is_IS\";a:8:{s:8:\"language\";s:5:\"is_IS\";s:7:\"version\";s:6:\"4.7.11\";s:7:\"updated\";s:19:\"2018-09-20 11:13:37\";s:12:\"english_name\";s:9:\"Icelandic\";s:11:\"native_name\";s:9:\"Íslenska\";s:7:\"package\";s:65:\"https://downloads.wordpress.org/translation/core/4.7.11/is_IS.zip\";s:3:\"iso\";a:2:{i:1;s:2:\"is\";i:2;s:3:\"isl\";}s:7:\"strings\";a:1:{s:8:\"continue\";s:6:\"Áfram\";}}s:5:\"it_IT\";a:8:{s:8:\"language\";s:5:\"it_IT\";s:7:\"version\";s:5:\"5.4.2\";s:7:\"updated\";s:19:\"2020-07-16 09:32:36\";s:12:\"english_name\";s:7:\"Italian\";s:11:\"native_name\";s:8:\"Italiano\";s:7:\"package\";s:64:\"https://downloads.wordpress.org/translation/core/5.4.2/it_IT.zip\";s:3:\"iso\";a:2:{i:1;s:2:\"it\";i:2;s:3:\"ita\";}s:7:\"strings\";a:1:{s:8:\"continue\";s:8:\"Continua\";}}s:2:\"ja\";a:8:{s:8:\"language\";s:2:\"ja\";s:7:\"version\";s:5:\"5.4.2\";s:7:\"updated\";s:19:\"2020-07-08 08:23:23\";s:12:\"english_name\";s:8:\"Japanese\";s:11:\"native_name\";s:9:\"日本語\";s:7:\"package\";s:61:\"https://downloads.wordpress.org/translation/core/5.4.2/ja.zip\";s:3:\"iso\";a:1:{i:1;s:2:\"ja\";}s:7:\"strings\";a:1:{s:8:\"continue\";s:6:\"次へ\";}}s:5:\"jv_ID\";a:8:{s:8:\"language\";s:5:\"jv_ID\";s:7:\"version\";s:5:\"4.9.5\";s:7:\"updated\";s:19:\"2018-03-24 13:53:29\";s:12:\"english_name\";s:8:\"Javanese\";s:11:\"native_name\";s:9:\"Basa Jawa\";s:7:\"package\";s:64:\"https://downloads.wordpress.org/translation/core/4.9.5/jv_ID.zip\";s:3:\"iso\";a:2:{i:1;s:2:\"jv\";i:2;s:3:\"jav\";}s:7:\"strings\";a:1:{s:8:\"continue\";s:9:\"Nerusaké\";}}s:5:\"ka_GE\";a:8:{s:8:\"language\";s:5:\"ka_GE\";s:7:\"version\";s:5:\"5.4.1\";s:7:\"updated\";s:19:\"2020-04-30 07:54:16\";s:12:\"english_name\";s:8:\"Georgian\";s:11:\"native_name\";s:21:\"ქართული\";s:7:\"package\";s:64:\"https://downloads.wordpress.org/translation/core/5.4.1/ka_GE.zip\";s:3:\"iso\";a:2:{i:1;s:2:\"ka\";i:2;s:3:\"kat\";}s:7:\"strings\";a:1:{s:8:\"continue\";s:30:\"გაგრძელება\";}}s:3:\"kab\";a:8:{s:8:\"language\";s:3:\"kab\";s:7:\"version\";s:5:\"5.4.2\";s:7:\"updated\";s:19:\"2020-07-08 06:32:24\";s:12:\"english_name\";s:6:\"Kabyle\";s:11:\"native_name\";s:9:\"Taqbaylit\";s:7:\"package\";s:62:\"https://downloads.wordpress.org/translation/core/5.4.2/kab.zip\";s:3:\"iso\";a:2:{i:2;s:3:\"kab\";i:3;s:3:\"kab\";}s:7:\"strings\";a:1:{s:8:\"continue\";s:6:\"Kemmel\";}}s:2:\"kk\";a:8:{s:8:\"language\";s:2:\"kk\";s:7:\"version\";s:5:\"4.9.5\";s:7:\"updated\";s:19:\"2018-03-12 08:08:32\";s:12:\"english_name\";s:6:\"Kazakh\";s:11:\"native_name\";s:19:\"Қазақ тілі\";s:7:\"package\";s:61:\"https://downloads.wordpress.org/translation/core/4.9.5/kk.zip\";s:3:\"iso\";a:2:{i:1;s:2:\"kk\";i:2;s:3:\"kaz\";}s:7:\"strings\";a:1:{s:8:\"continue\";s:20:\"Жалғастыру\";}}s:2:\"km\";a:8:{s:8:\"language\";s:2:\"km\";s:7:\"version\";s:5:\"5.0.3\";s:7:\"updated\";s:19:\"2019-01-09 07:34:10\";s:12:\"english_name\";s:5:\"Khmer\";s:11:\"native_name\";s:27:\"ភាសាខ្មែរ\";s:7:\"package\";s:61:\"https://downloads.wordpress.org/translation/core/5.0.3/km.zip\";s:3:\"iso\";a:2:{i:1;s:2:\"km\";i:2;s:3:\"khm\";}s:7:\"strings\";a:1:{s:8:\"continue\";s:12:\"បន្ត\";}}s:2:\"kn\";a:8:{s:8:\"language\";s:2:\"kn\";s:7:\"version\";s:6:\"4.9.15\";s:7:\"updated\";s:19:\"2019-12-04 12:22:34\";s:12:\"english_name\";s:7:\"Kannada\";s:11:\"native_name\";s:15:\"ಕನ್ನಡ\";s:7:\"package\";s:62:\"https://downloads.wordpress.org/translation/core/4.9.15/kn.zip\";s:3:\"iso\";a:2:{i:1;s:2:\"kn\";i:2;s:3:\"kan\";}s:7:\"strings\";a:1:{s:8:\"continue\";s:30:\"ಮುಂದುವರೆಸಿ\";}}s:5:\"ko_KR\";a:8:{s:8:\"language\";s:5:\"ko_KR\";s:7:\"version\";s:5:\"5.3.4\";s:7:\"updated\";s:19:\"2020-07-29 06:09:28\";s:12:\"english_name\";s:6:\"Korean\";s:11:\"native_name\";s:9:\"한국어\";s:7:\"package\";s:64:\"https://downloads.wordpress.org/translation/core/5.3.4/ko_KR.zip\";s:3:\"iso\";a:2:{i:1;s:2:\"ko\";i:2;s:3:\"kor\";}s:7:\"strings\";a:1:{s:8:\"continue\";s:6:\"계속\";}}s:3:\"ckb\";a:8:{s:8:\"language\";s:3:\"ckb\";s:7:\"version\";s:5:\"4.9.9\";s:7:\"updated\";s:19:\"2018-12-18 14:32:44\";s:12:\"english_name\";s:16:\"Kurdish (Sorani)\";s:11:\"native_name\";s:13:\"كوردی‎\";s:7:\"package\";s:62:\"https://downloads.wordpress.org/translation/core/4.9.9/ckb.zip\";s:3:\"iso\";a:2:{i:1;s:2:\"ku\";i:3;s:3:\"ckb\";}s:7:\"strings\";a:1:{s:8:\"continue\";s:30:\"به‌رده‌وام به‌\";}}s:2:\"lo\";a:8:{s:8:\"language\";s:2:\"lo\";s:7:\"version\";s:5:\"4.7.2\";s:7:\"updated\";s:19:\"2016-11-12 09:59:23\";s:12:\"english_name\";s:3:\"Lao\";s:11:\"native_name\";s:21:\"ພາສາລາວ\";s:7:\"package\";s:61:\"https://downloads.wordpress.org/translation/core/4.7.2/lo.zip\";s:3:\"iso\";a:2:{i:1;s:2:\"lo\";i:2;s:3:\"lao\";}s:7:\"strings\";a:1:{s:8:\"continue\";s:18:\"ຕໍ່​ໄປ\";}}s:5:\"lt_LT\";a:8:{s:8:\"language\";s:5:\"lt_LT\";s:7:\"version\";s:5:\"5.2.7\";s:7:\"updated\";s:19:\"2020-07-14 08:45:32\";s:12:\"english_name\";s:10:\"Lithuanian\";s:11:\"native_name\";s:15:\"Lietuvių kalba\";s:7:\"package\";s:64:\"https://downloads.wordpress.org/translation/core/5.2.7/lt_LT.zip\";s:3:\"iso\";a:2:{i:1;s:2:\"lt\";i:2;s:3:\"lit\";}s:7:\"strings\";a:1:{s:8:\"continue\";s:6:\"Tęsti\";}}s:2:\"lv\";a:8:{s:8:\"language\";s:2:\"lv\";s:7:\"version\";s:5:\"5.4.2\";s:7:\"updated\";s:19:\"2020-07-14 08:34:14\";s:12:\"english_name\";s:7:\"Latvian\";s:11:\"native_name\";s:16:\"Latviešu valoda\";s:7:\"package\";s:61:\"https://downloads.wordpress.org/translation/core/5.4.2/lv.zip\";s:3:\"iso\";a:2:{i:1;s:2:\"lv\";i:2;s:3:\"lav\";}s:7:\"strings\";a:1:{s:8:\"continue\";s:9:\"Turpināt\";}}s:5:\"mk_MK\";a:8:{s:8:\"language\";s:5:\"mk_MK\";s:7:\"version\";s:5:\"5.2.3\";s:7:\"updated\";s:19:\"2019-09-08 12:57:25\";s:12:\"english_name\";s:10:\"Macedonian\";s:11:\"native_name\";s:31:\"Македонски јазик\";s:7:\"package\";s:64:\"https://downloads.wordpress.org/translation/core/5.2.3/mk_MK.zip\";s:3:\"iso\";a:2:{i:1;s:2:\"mk\";i:2;s:3:\"mkd\";}s:7:\"strings\";a:1:{s:8:\"continue\";s:16:\"Продолжи\";}}s:5:\"ml_IN\";a:8:{s:8:\"language\";s:5:\"ml_IN\";s:7:\"version\";s:5:\"4.7.2\";s:7:\"updated\";s:19:\"2017-01-27 03:43:32\";s:12:\"english_name\";s:9:\"Malayalam\";s:11:\"native_name\";s:18:\"മലയാളം\";s:7:\"package\";s:64:\"https://downloads.wordpress.org/translation/core/4.7.2/ml_IN.zip\";s:3:\"iso\";a:2:{i:1;s:2:\"ml\";i:2;s:3:\"mal\";}s:7:\"strings\";a:1:{s:8:\"continue\";s:18:\"തുടരുക\";}}s:2:\"mn\";a:8:{s:8:\"language\";s:2:\"mn\";s:7:\"version\";s:5:\"4.7.2\";s:7:\"updated\";s:19:\"2017-01-12 07:29:35\";s:12:\"english_name\";s:9:\"Mongolian\";s:11:\"native_name\";s:12:\"Монгол\";s:7:\"package\";s:61:\"https://downloads.wordpress.org/translation/core/4.7.2/mn.zip\";s:3:\"iso\";a:2:{i:1;s:2:\"mn\";i:2;s:3:\"mon\";}s:7:\"strings\";a:1:{s:8:\"continue\";s:24:\"Үргэлжлүүлэх\";}}s:2:\"mr\";a:8:{s:8:\"language\";s:2:\"mr\";s:7:\"version\";s:6:\"4.8.14\";s:7:\"updated\";s:19:\"2018-02-13 07:38:55\";s:12:\"english_name\";s:7:\"Marathi\";s:11:\"native_name\";s:15:\"मराठी\";s:7:\"package\";s:62:\"https://downloads.wordpress.org/translation/core/4.8.14/mr.zip\";s:3:\"iso\";a:2:{i:1;s:2:\"mr\";i:2;s:3:\"mar\";}s:7:\"strings\";a:1:{s:8:\"continue\";s:25:\"सुरु ठेवा\";}}s:5:\"ms_MY\";a:8:{s:8:\"language\";s:5:\"ms_MY\";s:7:\"version\";s:6:\"4.9.15\";s:7:\"updated\";s:19:\"2018-08-31 11:57:07\";s:12:\"english_name\";s:5:\"Malay\";s:11:\"native_name\";s:13:\"Bahasa Melayu\";s:7:\"package\";s:65:\"https://downloads.wordpress.org/translation/core/4.9.15/ms_MY.zip\";s:3:\"iso\";a:2:{i:1;s:2:\"ms\";i:2;s:3:\"msa\";}s:7:\"strings\";a:1:{s:8:\"continue\";s:8:\"Teruskan\";}}s:5:\"my_MM\";a:8:{s:8:\"language\";s:5:\"my_MM\";s:7:\"version\";s:6:\"4.1.20\";s:7:\"updated\";s:19:\"2015-03-26 15:57:42\";s:12:\"english_name\";s:17:\"Myanmar (Burmese)\";s:11:\"native_name\";s:15:\"ဗမာစာ\";s:7:\"package\";s:65:\"https://downloads.wordpress.org/translation/core/4.1.20/my_MM.zip\";s:3:\"iso\";a:2:{i:1;s:2:\"my\";i:2;s:3:\"mya\";}s:7:\"strings\";a:1:{s:8:\"continue\";s:54:\"ဆက်လက်လုပ်ဆောင်ပါ။\";}}s:5:\"nb_NO\";a:8:{s:8:\"language\";s:5:\"nb_NO\";s:7:\"version\";s:5:\"5.4.2\";s:7:\"updated\";s:19:\"2020-07-07 22:48:25\";s:12:\"english_name\";s:19:\"Norwegian (Bokmål)\";s:11:\"native_name\";s:13:\"Norsk bokmål\";s:7:\"package\";s:64:\"https://downloads.wordpress.org/translation/core/5.4.2/nb_NO.zip\";s:3:\"iso\";a:2:{i:1;s:2:\"nb\";i:2;s:3:\"nob\";}s:7:\"strings\";a:1:{s:8:\"continue\";s:8:\"Fortsett\";}}s:5:\"ne_NP\";a:8:{s:8:\"language\";s:5:\"ne_NP\";s:7:\"version\";s:5:\"4.9.5\";s:7:\"updated\";s:19:\"2018-03-27 10:30:26\";s:12:\"english_name\";s:6:\"Nepali\";s:11:\"native_name\";s:18:\"नेपाली\";s:7:\"package\";s:64:\"https://downloads.wordpress.org/translation/core/4.9.5/ne_NP.zip\";s:3:\"iso\";a:2:{i:1;s:2:\"ne\";i:2;s:3:\"nep\";}s:7:\"strings\";a:1:{s:8:\"continue\";s:43:\"जारी राख्नुहोस्\";}}s:5:\"nl_NL\";a:8:{s:8:\"language\";s:5:\"nl_NL\";s:7:\"version\";s:5:\"5.4.2\";s:7:\"updated\";s:19:\"2020-08-06 15:47:14\";s:12:\"english_name\";s:5:\"Dutch\";s:11:\"native_name\";s:10:\"Nederlands\";s:7:\"package\";s:64:\"https://downloads.wordpress.org/translation/core/5.4.2/nl_NL.zip\";s:3:\"iso\";a:2:{i:1;s:2:\"nl\";i:2;s:3:\"nld\";}s:7:\"strings\";a:1:{s:8:\"continue\";s:8:\"Doorgaan\";}}s:5:\"nl_BE\";a:8:{s:8:\"language\";s:5:\"nl_BE\";s:7:\"version\";s:5:\"5.4.2\";s:7:\"updated\";s:19:\"2020-07-11 14:56:43\";s:12:\"english_name\";s:15:\"Dutch (Belgium)\";s:11:\"native_name\";s:20:\"Nederlands (België)\";s:7:\"package\";s:64:\"https://downloads.wordpress.org/translation/core/5.4.2/nl_BE.zip\";s:3:\"iso\";a:2:{i:1;s:2:\"nl\";i:2;s:3:\"nld\";}s:7:\"strings\";a:1:{s:8:\"continue\";s:8:\"Doorgaan\";}}s:12:\"nl_NL_formal\";a:8:{s:8:\"language\";s:12:\"nl_NL_formal\";s:7:\"version\";s:5:\"5.4.2\";s:7:\"updated\";s:19:\"2020-07-08 07:06:32\";s:12:\"english_name\";s:14:\"Dutch (Formal)\";s:11:\"native_name\";s:20:\"Nederlands (Formeel)\";s:7:\"package\";s:71:\"https://downloads.wordpress.org/translation/core/5.4.2/nl_NL_formal.zip\";s:3:\"iso\";a:2:{i:1;s:2:\"nl\";i:2;s:3:\"nld\";}s:7:\"strings\";a:1:{s:8:\"continue\";s:8:\"Doorgaan\";}}s:5:\"nn_NO\";a:8:{s:8:\"language\";s:5:\"nn_NO\";s:7:\"version\";s:5:\"5.3.3\";s:7:\"updated\";s:19:\"2020-01-01 08:53:00\";s:12:\"english_name\";s:19:\"Norwegian (Nynorsk)\";s:11:\"native_name\";s:13:\"Norsk nynorsk\";s:7:\"package\";s:64:\"https://downloads.wordpress.org/translation/core/5.3.3/nn_NO.zip\";s:3:\"iso\";a:2:{i:1;s:2:\"nn\";i:2;s:3:\"nno\";}s:7:\"strings\";a:1:{s:8:\"continue\";s:9:\"Hald fram\";}}s:3:\"oci\";a:8:{s:8:\"language\";s:3:\"oci\";s:7:\"version\";s:5:\"4.8.3\";s:7:\"updated\";s:19:\"2017-08-25 10:03:08\";s:12:\"english_name\";s:7:\"Occitan\";s:11:\"native_name\";s:7:\"Occitan\";s:7:\"package\";s:62:\"https://downloads.wordpress.org/translation/core/4.8.3/oci.zip\";s:3:\"iso\";a:2:{i:1;s:2:\"oc\";i:2;s:3:\"oci\";}s:7:\"strings\";a:1:{s:8:\"continue\";s:9:\"Contunhar\";}}s:5:\"pa_IN\";a:8:{s:8:\"language\";s:5:\"pa_IN\";s:7:\"version\";s:5:\"4.7.2\";s:7:\"updated\";s:19:\"2017-01-16 05:19:43\";s:12:\"english_name\";s:7:\"Punjabi\";s:11:\"native_name\";s:18:\"ਪੰਜਾਬੀ\";s:7:\"package\";s:64:\"https://downloads.wordpress.org/translation/core/4.7.2/pa_IN.zip\";s:3:\"iso\";a:2:{i:1;s:2:\"pa\";i:2;s:3:\"pan\";}s:7:\"strings\";a:1:{s:8:\"continue\";s:25:\"ਜਾਰੀ ਰੱਖੋ\";}}s:5:\"pl_PL\";a:8:{s:8:\"language\";s:5:\"pl_PL\";s:7:\"version\";s:5:\"5.4.2\";s:7:\"updated\";s:19:\"2020-08-05 08:53:46\";s:12:\"english_name\";s:6:\"Polish\";s:11:\"native_name\";s:6:\"Polski\";s:7:\"package\";s:64:\"https://downloads.wordpress.org/translation/core/5.4.2/pl_PL.zip\";s:3:\"iso\";a:2:{i:1;s:2:\"pl\";i:2;s:3:\"pol\";}s:7:\"strings\";a:1:{s:8:\"continue\";s:9:\"Kontynuuj\";}}s:2:\"ps\";a:8:{s:8:\"language\";s:2:\"ps\";s:7:\"version\";s:6:\"4.1.20\";s:7:\"updated\";s:19:\"2015-03-29 22:19:48\";s:12:\"english_name\";s:6:\"Pashto\";s:11:\"native_name\";s:8:\"پښتو\";s:7:\"package\";s:62:\"https://downloads.wordpress.org/translation/core/4.1.20/ps.zip\";s:3:\"iso\";a:2:{i:1;s:2:\"ps\";i:2;s:3:\"pus\";}s:7:\"strings\";a:1:{s:8:\"continue\";s:19:\"دوام ورکړه\";}}s:5:\"pt_PT\";a:8:{s:8:\"language\";s:5:\"pt_PT\";s:7:\"version\";s:5:\"5.4.2\";s:7:\"updated\";s:19:\"2020-07-30 20:34:06\";s:12:\"english_name\";s:21:\"Portuguese (Portugal)\";s:11:\"native_name\";s:10:\"Português\";s:7:\"package\";s:64:\"https://downloads.wordpress.org/translation/core/5.4.2/pt_PT.zip\";s:3:\"iso\";a:1:{i:1;s:2:\"pt\";}s:7:\"strings\";a:1:{s:8:\"continue\";s:9:\"Continuar\";}}s:10:\"pt_PT_ao90\";a:8:{s:8:\"language\";s:10:\"pt_PT_ao90\";s:7:\"version\";s:5:\"5.4.2\";s:7:\"updated\";s:19:\"2020-07-08 10:35:41\";s:12:\"english_name\";s:27:\"Portuguese (Portugal, AO90)\";s:11:\"native_name\";s:17:\"Português (AO90)\";s:7:\"package\";s:69:\"https://downloads.wordpress.org/translation/core/5.4.2/pt_PT_ao90.zip\";s:3:\"iso\";a:1:{i:1;s:2:\"pt\";}s:7:\"strings\";a:1:{s:8:\"continue\";s:9:\"Continuar\";}}s:5:\"pt_BR\";a:8:{s:8:\"language\";s:5:\"pt_BR\";s:7:\"version\";s:5:\"5.4.2\";s:7:\"updated\";s:19:\"2020-07-08 16:20:44\";s:12:\"english_name\";s:19:\"Portuguese (Brazil)\";s:11:\"native_name\";s:20:\"Português do Brasil\";s:7:\"package\";s:64:\"https://downloads.wordpress.org/translation/core/5.4.2/pt_BR.zip\";s:3:\"iso\";a:2:{i:1;s:2:\"pt\";i:2;s:3:\"por\";}s:7:\"strings\";a:1:{s:8:\"continue\";s:9:\"Continuar\";}}s:5:\"pt_AO\";a:8:{s:8:\"language\";s:5:\"pt_AO\";s:7:\"version\";s:5:\"5.4.2\";s:7:\"updated\";s:19:\"2020-07-01 11:09:51\";s:12:\"english_name\";s:19:\"Portuguese (Angola)\";s:11:\"native_name\";s:20:\"Português de Angola\";s:7:\"package\";s:64:\"https://downloads.wordpress.org/translation/core/5.4.2/pt_AO.zip\";s:3:\"iso\";a:1:{i:1;s:2:\"pt\";}s:7:\"strings\";a:1:{s:8:\"continue\";s:9:\"Continuar\";}}s:3:\"rhg\";a:8:{s:8:\"language\";s:3:\"rhg\";s:7:\"version\";s:5:\"4.7.2\";s:7:\"updated\";s:19:\"2016-03-16 13:03:18\";s:12:\"english_name\";s:8:\"Rohingya\";s:11:\"native_name\";s:8:\"Ruáinga\";s:7:\"package\";s:62:\"https://downloads.wordpress.org/translation/core/4.7.2/rhg.zip\";s:3:\"iso\";a:1:{i:3;s:3:\"rhg\";}s:7:\"strings\";a:1:{s:8:\"continue\";s:8:\"Continue\";}}s:5:\"ro_RO\";a:8:{s:8:\"language\";s:5:\"ro_RO\";s:7:\"version\";s:5:\"5.4.2\";s:7:\"updated\";s:19:\"2020-07-28 11:13:46\";s:12:\"english_name\";s:8:\"Romanian\";s:11:\"native_name\";s:8:\"Română\";s:7:\"package\";s:64:\"https://downloads.wordpress.org/translation/core/5.4.2/ro_RO.zip\";s:3:\"iso\";a:2:{i:1;s:2:\"ro\";i:2;s:3:\"ron\";}s:7:\"strings\";a:1:{s:8:\"continue\";s:9:\"Continuă\";}}s:5:\"ru_RU\";a:8:{s:8:\"language\";s:5:\"ru_RU\";s:7:\"version\";s:5:\"5.4.2\";s:7:\"updated\";s:19:\"2020-08-06 17:30:39\";s:12:\"english_name\";s:7:\"Russian\";s:11:\"native_name\";s:14:\"Русский\";s:7:\"package\";s:64:\"https://downloads.wordpress.org/translation/core/5.4.2/ru_RU.zip\";s:3:\"iso\";a:2:{i:1;s:2:\"ru\";i:2;s:3:\"rus\";}s:7:\"strings\";a:1:{s:8:\"continue\";s:20:\"Продолжить\";}}s:3:\"sah\";a:8:{s:8:\"language\";s:3:\"sah\";s:7:\"version\";s:5:\"4.7.2\";s:7:\"updated\";s:19:\"2017-01-21 02:06:41\";s:12:\"english_name\";s:5:\"Sakha\";s:11:\"native_name\";s:14:\"Сахалыы\";s:7:\"package\";s:62:\"https://downloads.wordpress.org/translation/core/4.7.2/sah.zip\";s:3:\"iso\";a:2:{i:2;s:3:\"sah\";i:3;s:3:\"sah\";}s:7:\"strings\";a:1:{s:8:\"continue\";s:12:\"Салҕаа\";}}s:3:\"snd\";a:8:{s:8:\"language\";s:3:\"snd\";s:7:\"version\";s:3:\"5.3\";s:7:\"updated\";s:19:\"2019-11-12 04:37:38\";s:12:\"english_name\";s:6:\"Sindhi\";s:11:\"native_name\";s:8:\"سنڌي\";s:7:\"package\";s:60:\"https://downloads.wordpress.org/translation/core/5.3/snd.zip\";s:3:\"iso\";a:3:{i:1;s:2:\"sd\";i:2;s:3:\"snd\";i:3;s:3:\"snd\";}s:7:\"strings\";a:1:{s:8:\"continue\";s:15:\"اڳتي هلو\";}}s:5:\"si_LK\";a:8:{s:8:\"language\";s:5:\"si_LK\";s:7:\"version\";s:5:\"4.7.2\";s:7:\"updated\";s:19:\"2016-11-12 06:00:52\";s:12:\"english_name\";s:7:\"Sinhala\";s:11:\"native_name\";s:15:\"සිංහල\";s:7:\"package\";s:64:\"https://downloads.wordpress.org/translation/core/4.7.2/si_LK.zip\";s:3:\"iso\";a:2:{i:1;s:2:\"si\";i:2;s:3:\"sin\";}s:7:\"strings\";a:1:{s:8:\"continue\";s:44:\"දිගටම කරගෙන යන්න\";}}s:5:\"sk_SK\";a:8:{s:8:\"language\";s:5:\"sk_SK\";s:7:\"version\";s:5:\"5.4.2\";s:7:\"updated\";s:19:\"2020-07-14 13:57:15\";s:12:\"english_name\";s:6:\"Slovak\";s:11:\"native_name\";s:11:\"Slovenčina\";s:7:\"package\";s:64:\"https://downloads.wordpress.org/translation/core/5.4.2/sk_SK.zip\";s:3:\"iso\";a:2:{i:1;s:2:\"sk\";i:2;s:3:\"slk\";}s:7:\"strings\";a:1:{s:8:\"continue\";s:12:\"Pokračovať\";}}s:3:\"skr\";a:8:{s:8:\"language\";s:3:\"skr\";s:7:\"version\";s:5:\"5.4.2\";s:7:\"updated\";s:19:\"2020-05-27 17:42:38\";s:12:\"english_name\";s:7:\"Saraiki\";s:11:\"native_name\";s:14:\"سرائیکی\";s:7:\"package\";s:62:\"https://downloads.wordpress.org/translation/core/5.4.2/skr.zip\";s:3:\"iso\";a:1:{i:3;s:3:\"skr\";}s:7:\"strings\";a:1:{s:8:\"continue\";s:17:\"جاری رکھو\";}}s:5:\"sl_SI\";a:8:{s:8:\"language\";s:5:\"sl_SI\";s:7:\"version\";s:5:\"4.9.2\";s:7:\"updated\";s:19:\"2018-01-04 13:33:13\";s:12:\"english_name\";s:9:\"Slovenian\";s:11:\"native_name\";s:13:\"Slovenščina\";s:7:\"package\";s:64:\"https://downloads.wordpress.org/translation/core/4.9.2/sl_SI.zip\";s:3:\"iso\";a:2:{i:1;s:2:\"sl\";i:2;s:3:\"slv\";}s:7:\"strings\";a:1:{s:8:\"continue\";s:8:\"Nadaljuj\";}}s:2:\"sq\";a:8:{s:8:\"language\";s:2:\"sq\";s:7:\"version\";s:5:\"5.4.2\";s:7:\"updated\";s:19:\"2020-07-20 13:58:58\";s:12:\"english_name\";s:8:\"Albanian\";s:11:\"native_name\";s:5:\"Shqip\";s:7:\"package\";s:61:\"https://downloads.wordpress.org/translation/core/5.4.2/sq.zip\";s:3:\"iso\";a:2:{i:1;s:2:\"sq\";i:2;s:3:\"sqi\";}s:7:\"strings\";a:1:{s:8:\"continue\";s:6:\"Vazhdo\";}}s:5:\"sr_RS\";a:8:{s:8:\"language\";s:5:\"sr_RS\";s:7:\"version\";s:5:\"5.4.2\";s:7:\"updated\";s:19:\"2020-04-01 01:42:23\";s:12:\"english_name\";s:7:\"Serbian\";s:11:\"native_name\";s:23:\"Српски језик\";s:7:\"package\";s:64:\"https://downloads.wordpress.org/translation/core/5.4.2/sr_RS.zip\";s:3:\"iso\";a:2:{i:1;s:2:\"sr\";i:2;s:3:\"srp\";}s:7:\"strings\";a:1:{s:8:\"continue\";s:14:\"Настави\";}}s:5:\"sv_SE\";a:8:{s:8:\"language\";s:5:\"sv_SE\";s:7:\"version\";s:5:\"5.4.2\";s:7:\"updated\";s:19:\"2020-07-26 23:48:05\";s:12:\"english_name\";s:7:\"Swedish\";s:11:\"native_name\";s:7:\"Svenska\";s:7:\"package\";s:64:\"https://downloads.wordpress.org/translation/core/5.4.2/sv_SE.zip\";s:3:\"iso\";a:2:{i:1;s:2:\"sv\";i:2;s:3:\"swe\";}s:7:\"strings\";a:1:{s:8:\"continue\";s:9:\"Fortsätt\";}}s:2:\"sw\";a:8:{s:8:\"language\";s:2:\"sw\";s:7:\"version\";s:5:\"5.2.6\";s:7:\"updated\";s:19:\"2019-10-22 00:19:41\";s:12:\"english_name\";s:7:\"Swahili\";s:11:\"native_name\";s:9:\"Kiswahili\";s:7:\"package\";s:61:\"https://downloads.wordpress.org/translation/core/5.2.6/sw.zip\";s:3:\"iso\";a:2:{i:1;s:2:\"sw\";i:2;s:3:\"swa\";}s:7:\"strings\";a:1:{s:8:\"continue\";s:7:\"Endelea\";}}s:3:\"szl\";a:8:{s:8:\"language\";s:3:\"szl\";s:7:\"version\";s:5:\"4.7.2\";s:7:\"updated\";s:19:\"2016-09-24 19:58:14\";s:12:\"english_name\";s:8:\"Silesian\";s:11:\"native_name\";s:17:\"Ślōnskŏ gŏdka\";s:7:\"package\";s:62:\"https://downloads.wordpress.org/translation/core/4.7.2/szl.zip\";s:3:\"iso\";a:1:{i:3;s:3:\"szl\";}s:7:\"strings\";a:1:{s:8:\"continue\";s:13:\"Kōntynuować\";}}s:5:\"ta_IN\";a:8:{s:8:\"language\";s:5:\"ta_IN\";s:7:\"version\";s:5:\"4.7.2\";s:7:\"updated\";s:19:\"2017-01-27 03:22:47\";s:12:\"english_name\";s:5:\"Tamil\";s:11:\"native_name\";s:15:\"தமிழ்\";s:7:\"package\";s:64:\"https://downloads.wordpress.org/translation/core/4.7.2/ta_IN.zip\";s:3:\"iso\";a:2:{i:1;s:2:\"ta\";i:2;s:3:\"tam\";}s:7:\"strings\";a:1:{s:8:\"continue\";s:24:\"தொடரவும்\";}}s:2:\"te\";a:8:{s:8:\"language\";s:2:\"te\";s:7:\"version\";s:5:\"4.7.2\";s:7:\"updated\";s:19:\"2017-01-26 15:47:39\";s:12:\"english_name\";s:6:\"Telugu\";s:11:\"native_name\";s:18:\"తెలుగు\";s:7:\"package\";s:61:\"https://downloads.wordpress.org/translation/core/4.7.2/te.zip\";s:3:\"iso\";a:2:{i:1;s:2:\"te\";i:2;s:3:\"tel\";}s:7:\"strings\";a:1:{s:8:\"continue\";s:30:\"కొనసాగించు\";}}s:2:\"th\";a:8:{s:8:\"language\";s:2:\"th\";s:7:\"version\";s:5:\"5.4.2\";s:7:\"updated\";s:19:\"2020-06-04 18:21:20\";s:12:\"english_name\";s:4:\"Thai\";s:11:\"native_name\";s:9:\"ไทย\";s:7:\"package\";s:61:\"https://downloads.wordpress.org/translation/core/5.4.2/th.zip\";s:3:\"iso\";a:2:{i:1;s:2:\"th\";i:2;s:3:\"tha\";}s:7:\"strings\";a:1:{s:8:\"continue\";s:15:\"ต่อไป\";}}s:2:\"tl\";a:8:{s:8:\"language\";s:2:\"tl\";s:7:\"version\";s:5:\"4.7.2\";s:7:\"updated\";s:19:\"2016-12-30 02:38:08\";s:12:\"english_name\";s:7:\"Tagalog\";s:11:\"native_name\";s:7:\"Tagalog\";s:7:\"package\";s:61:\"https://downloads.wordpress.org/translation/core/4.7.2/tl.zip\";s:3:\"iso\";a:2:{i:1;s:2:\"tl\";i:2;s:3:\"tgl\";}s:7:\"strings\";a:1:{s:8:\"continue\";s:10:\"Magpatuloy\";}}s:5:\"tr_TR\";a:8:{s:8:\"language\";s:5:\"tr_TR\";s:7:\"version\";s:5:\"5.4.2\";s:7:\"updated\";s:19:\"2020-07-09 14:00:02\";s:12:\"english_name\";s:7:\"Turkish\";s:11:\"native_name\";s:8:\"Türkçe\";s:7:\"package\";s:64:\"https://downloads.wordpress.org/translation/core/5.4.2/tr_TR.zip\";s:3:\"iso\";a:2:{i:1;s:2:\"tr\";i:2;s:3:\"tur\";}s:7:\"strings\";a:1:{s:8:\"continue\";s:5:\"Devam\";}}s:5:\"tt_RU\";a:8:{s:8:\"language\";s:5:\"tt_RU\";s:7:\"version\";s:5:\"4.7.2\";s:7:\"updated\";s:19:\"2016-11-20 20:20:50\";s:12:\"english_name\";s:5:\"Tatar\";s:11:\"native_name\";s:19:\"Татар теле\";s:7:\"package\";s:64:\"https://downloads.wordpress.org/translation/core/4.7.2/tt_RU.zip\";s:3:\"iso\";a:2:{i:1;s:2:\"tt\";i:2;s:3:\"tat\";}s:7:\"strings\";a:1:{s:8:\"continue\";s:17:\"дәвам итү\";}}s:3:\"tah\";a:8:{s:8:\"language\";s:3:\"tah\";s:7:\"version\";s:5:\"4.7.2\";s:7:\"updated\";s:19:\"2016-03-06 18:39:39\";s:12:\"english_name\";s:8:\"Tahitian\";s:11:\"native_name\";s:10:\"Reo Tahiti\";s:7:\"package\";s:62:\"https://downloads.wordpress.org/translation/core/4.7.2/tah.zip\";s:3:\"iso\";a:3:{i:1;s:2:\"ty\";i:2;s:3:\"tah\";i:3;s:3:\"tah\";}s:7:\"strings\";a:1:{s:8:\"continue\";s:8:\"Continue\";}}s:5:\"ug_CN\";a:8:{s:8:\"language\";s:5:\"ug_CN\";s:7:\"version\";s:5:\"4.9.5\";s:7:\"updated\";s:19:\"2018-04-12 12:31:53\";s:12:\"english_name\";s:6:\"Uighur\";s:11:\"native_name\";s:16:\"ئۇيغۇرچە\";s:7:\"package\";s:64:\"https://downloads.wordpress.org/translation/core/4.9.5/ug_CN.zip\";s:3:\"iso\";a:2:{i:1;s:2:\"ug\";i:2;s:3:\"uig\";}s:7:\"strings\";a:1:{s:8:\"continue\";s:26:\"داۋاملاشتۇرۇش\";}}s:2:\"uk\";a:8:{s:8:\"language\";s:2:\"uk\";s:7:\"version\";s:5:\"5.4.2\";s:7:\"updated\";s:19:\"2020-07-27 12:59:35\";s:12:\"english_name\";s:9:\"Ukrainian\";s:11:\"native_name\";s:20:\"Українська\";s:7:\"package\";s:61:\"https://downloads.wordpress.org/translation/core/5.4.2/uk.zip\";s:3:\"iso\";a:2:{i:1;s:2:\"uk\";i:2;s:3:\"ukr\";}s:7:\"strings\";a:1:{s:8:\"continue\";s:20:\"Продовжити\";}}s:2:\"ur\";a:8:{s:8:\"language\";s:2:\"ur\";s:7:\"version\";s:5:\"5.1.6\";s:7:\"updated\";s:19:\"2020-04-09 10:48:08\";s:12:\"english_name\";s:4:\"Urdu\";s:11:\"native_name\";s:8:\"اردو\";s:7:\"package\";s:61:\"https://downloads.wordpress.org/translation/core/5.1.6/ur.zip\";s:3:\"iso\";a:2:{i:1;s:2:\"ur\";i:2;s:3:\"urd\";}s:7:\"strings\";a:1:{s:8:\"continue\";s:19:\"جاری رکھیں\";}}s:5:\"uz_UZ\";a:8:{s:8:\"language\";s:5:\"uz_UZ\";s:7:\"version\";s:6:\"5.0.10\";s:7:\"updated\";s:19:\"2019-01-23 12:32:40\";s:12:\"english_name\";s:5:\"Uzbek\";s:11:\"native_name\";s:11:\"O‘zbekcha\";s:7:\"package\";s:65:\"https://downloads.wordpress.org/translation/core/5.0.10/uz_UZ.zip\";s:3:\"iso\";a:2:{i:1;s:2:\"uz\";i:2;s:3:\"uzb\";}s:7:\"strings\";a:1:{s:8:\"continue\";s:11:\"Davom etish\";}}s:2:\"vi\";a:8:{s:8:\"language\";s:2:\"vi\";s:7:\"version\";s:5:\"5.4.2\";s:7:\"updated\";s:19:\"2020-07-13 09:29:34\";s:12:\"english_name\";s:10:\"Vietnamese\";s:11:\"native_name\";s:14:\"Tiếng Việt\";s:7:\"package\";s:61:\"https://downloads.wordpress.org/translation/core/5.4.2/vi.zip\";s:3:\"iso\";a:2:{i:1;s:2:\"vi\";i:2;s:3:\"vie\";}s:7:\"strings\";a:1:{s:8:\"continue\";s:12:\"Tiếp tục\";}}s:5:\"zh_TW\";a:8:{s:8:\"language\";s:5:\"zh_TW\";s:7:\"version\";s:5:\"5.4.2\";s:7:\"updated\";s:19:\"2020-08-02 01:01:39\";s:12:\"english_name\";s:16:\"Chinese (Taiwan)\";s:11:\"native_name\";s:12:\"繁體中文\";s:7:\"package\";s:64:\"https://downloads.wordpress.org/translation/core/5.4.2/zh_TW.zip\";s:3:\"iso\";a:2:{i:1;s:2:\"zh\";i:2;s:3:\"zho\";}s:7:\"strings\";a:1:{s:8:\"continue\";s:6:\"繼續\";}}s:5:\"zh_CN\";a:8:{s:8:\"language\";s:5:\"zh_CN\";s:7:\"version\";s:5:\"5.4.2\";s:7:\"updated\";s:19:\"2020-08-03 03:32:27\";s:12:\"english_name\";s:15:\"Chinese (China)\";s:11:\"native_name\";s:12:\"简体中文\";s:7:\"package\";s:64:\"https://downloads.wordpress.org/translation/core/5.4.2/zh_CN.zip\";s:3:\"iso\";a:2:{i:1;s:2:\"zh\";i:2;s:3:\"zho\";}s:7:\"strings\";a:1:{s:8:\"continue\";s:6:\"继续\";}}s:5:\"zh_HK\";a:8:{s:8:\"language\";s:5:\"zh_HK\";s:7:\"version\";s:5:\"5.3.3\";s:7:\"updated\";s:19:\"2020-03-08 12:12:22\";s:12:\"english_name\";s:19:\"Chinese (Hong Kong)\";s:11:\"native_name\";s:16:\"香港中文版	\";s:7:\"package\";s:64:\"https://downloads.wordpress.org/translation/core/5.3.3/zh_HK.zip\";s:3:\"iso\";a:2:{i:1;s:2:\"zh\";i:2;s:3:\"zho\";}s:7:\"strings\";a:1:{s:8:\"continue\";s:6:\"繼續\";}}}', 'no'),
(315, '_site_transient_timeout_theme_roots', '1596979775', 'no'),
(316, '_site_transient_theme_roots', 'a:4:{s:9:\"lightning\";s:7:\"/themes\";s:14:\"twentynineteen\";s:7:\"/themes\";s:15:\"twentyseventeen\";s:7:\"/themes\";s:12:\"twentytwenty\";s:7:\"/themes\";}', 'no');
INSERT INTO `balloptions` (`option_id`, `option_name`, `option_value`, `autoload`) VALUES
(318, '_site_transient_update_core', 'O:8:\"stdClass\":4:{s:7:\"updates\";a:1:{i:0;O:8:\"stdClass\":10:{s:8:\"response\";s:6:\"latest\";s:8:\"download\";s:62:\"https://downloads.wordpress.org/release/ja/wordpress-5.4.2.zip\";s:6:\"locale\";s:2:\"ja\";s:8:\"packages\";O:8:\"stdClass\":5:{s:4:\"full\";s:62:\"https://downloads.wordpress.org/release/ja/wordpress-5.4.2.zip\";s:10:\"no_content\";b:0;s:11:\"new_bundled\";b:0;s:7:\"partial\";b:0;s:8:\"rollback\";b:0;}s:7:\"current\";s:5:\"5.4.2\";s:7:\"version\";s:5:\"5.4.2\";s:11:\"php_version\";s:6:\"5.6.20\";s:13:\"mysql_version\";s:3:\"5.0\";s:11:\"new_bundled\";s:3:\"5.3\";s:15:\"partial_version\";s:0:\"\";}}s:12:\"last_checked\";i:1596977980;s:15:\"version_checked\";s:5:\"5.4.2\";s:12:\"translations\";a:0:{}}', 'no'),
(319, '_site_transient_update_themes', 'O:8:\"stdClass\":4:{s:12:\"last_checked\";i:1596978007;s:7:\"checked\";a:4:{s:9:\"lightning\";s:6:\"11.4.4\";s:14:\"twentynineteen\";s:3:\"1.6\";s:15:\"twentyseventeen\";s:3:\"2.3\";s:12:\"twentytwenty\";s:3:\"1.4\";}s:8:\"response\";a:0:{}s:12:\"translations\";a:0:{}}', 'no'),
(321, '_site_transient_timeout_community-events-61a462e2e10fc88446d4c225821bc06d', '1597021190', 'no'),
(322, '_site_transient_community-events-61a462e2e10fc88446d4c225821bc06d', 'a:3:{s:9:\"sandboxed\";b:0;s:8:\"location\";a:1:{s:2:\"ip\";s:12:\"114.186.76.0\";}s:6:\"events\";a:5:{i:0;a:8:{s:4:\"type\";s:8:\"wordcamp\";s:5:\"title\";s:35:\"WordCamp Minneapolis, Minnesota USA\";s:3:\"url\";s:38:\"https://2020.minneapolis.wordcamp.org/\";s:6:\"meetup\";N;s:10:\"meetup_url\";N;s:4:\"date\";s:19:\"2020-08-21 13:45:00\";s:8:\"end_date\";s:19:\"2020-08-21 13:45:00\";s:8:\"location\";a:4:{s:8:\"location\";s:6:\"Online\";s:7:\"country\";s:2:\"US\";s:8:\"latitude\";d:44.977753;s:9:\"longitude\";d:-93.2650108;}}i:1;a:8:{s:4:\"type\";s:6:\"meetup\";s:5:\"title\";s:81:\"八王子WordPressミートアップ（旧・八王子WordPressもくもく会）\";s:3:\"url\";s:63:\"https://www.meetup.com/Tokyo-WordPress-Meetup/events/272018553/\";s:6:\"meetup\";s:22:\"Tokyo WordPress Meetup\";s:10:\"meetup_url\";s:46:\"https://www.meetup.com/Tokyo-WordPress-Meetup/\";s:4:\"date\";s:19:\"2020-08-08 14:00:00\";s:8:\"end_date\";s:19:\"2020-08-08 16:00:00\";s:8:\"location\";a:4:{s:8:\"location\";s:6:\"Online\";s:7:\"country\";s:2:\"JP\";s:8:\"latitude\";d:35.669998168945;s:9:\"longitude\";d:139.77000427246;}}i:2;a:8:{s:4:\"type\";s:6:\"meetup\";s:5:\"title\";s:88:\"[オンライン開催] 神奈川 WordPress meetup  「WordPress5.5を見てみよう」\";s:3:\"url\";s:66:\"https://www.meetup.com/Kanagawa-WordPress-Meetup/events/272275191/\";s:6:\"meetup\";s:25:\"Kanagawa WordPress Meetup\";s:10:\"meetup_url\";s:49:\"https://www.meetup.com/Kanagawa-WordPress-Meetup/\";s:4:\"date\";s:19:\"2020-08-22 14:00:00\";s:8:\"end_date\";s:19:\"2020-08-22 17:00:00\";s:8:\"location\";a:4:{s:8:\"location\";s:6:\"Online\";s:7:\"country\";s:2:\"JP\";s:8:\"latitude\";d:35.330001831055;s:9:\"longitude\";d:139.4700012207;}}i:3;a:8:{s:4:\"type\";s:6:\"meetup\";s:5:\"title\";s:68:\"WordPressもくもく会＠千葉　20年8月の会(オンライン)\";s:3:\"url\";s:63:\"https://www.meetup.com/Chiba-WordPress-Meetup/events/272330146/\";s:6:\"meetup\";s:22:\"Chiba WordPress Meetup\";s:10:\"meetup_url\";s:46:\"https://www.meetup.com/Chiba-WordPress-Meetup/\";s:4:\"date\";s:19:\"2020-08-23 14:00:00\";s:8:\"end_date\";s:19:\"2020-08-23 17:00:00\";s:8:\"location\";a:4:{s:8:\"location\";s:6:\"Online\";s:7:\"country\";s:2:\"JP\";s:8:\"latitude\";d:35.610000610352;s:9:\"longitude\";d:140.11000061035;}}i:4;a:8:{s:4:\"type\";s:8:\"wordcamp\";s:5:\"title\";s:16:\"WordCamp Ogijima\";s:3:\"url\";s:34:\"https://2020.ogijima.wordcamp.org/\";s:6:\"meetup\";N;s:10:\"meetup_url\";N;s:4:\"date\";s:19:\"2020-09-06 01:00:00\";s:8:\"end_date\";s:19:\"2020-09-06 00:00:00\";s:8:\"location\";a:4:{s:8:\"location\";s:6:\"Online\";s:7:\"country\";s:2:\"JP\";s:8:\"latitude\";d:37.8327357;s:9:\"longitude\";d:139.1183573;}}}}', 'no'),
(323, '_transient_timeout_feed_992efac292246ae35bf235a03417a202', '1597021192', 'no');
INSERT INTO `balloptions` (`option_id`, `option_name`, `option_value`, `autoload`) VALUES
(324, '_transient_feed_992efac292246ae35bf235a03417a202', 'a:4:{s:5:\"child\";a:1:{s:0:\"\";a:1:{s:3:\"rss\";a:1:{i:0;a:6:{s:4:\"data\";s:3:\"\n\n\n\";s:7:\"attribs\";a:1:{s:0:\"\";a:1:{s:7:\"version\";s:3:\"2.0\";}}s:8:\"xml_base\";s:0:\"\";s:17:\"xml_base_explicit\";b:0;s:8:\"xml_lang\";s:0:\"\";s:5:\"child\";a:1:{s:0:\"\";a:1:{s:7:\"channel\";a:1:{i:0;a:6:{s:4:\"data\";s:49:\"\n	\n	\n	\n	\n	\n	\n	\n	\n	\n	\n		\n		\n		\n		\n		\n		\n		\n		\n		\n	\";s:7:\"attribs\";a:0:{}s:8:\"xml_base\";s:0:\"\";s:17:\"xml_base_explicit\";b:0;s:8:\"xml_lang\";s:0:\"\";s:5:\"child\";a:3:{s:0:\"\";a:7:{s:5:\"title\";a:1:{i:0;a:5:{s:4:\"data\";s:25:\"ブログ | WordPress.org\";s:7:\"attribs\";a:0:{}s:8:\"xml_base\";s:0:\"\";s:17:\"xml_base_explicit\";b:0;s:8:\"xml_lang\";s:0:\"\";}}s:4:\"link\";a:1:{i:0;a:5:{s:4:\"data\";s:24:\"https://ja.wordpress.org\";s:7:\"attribs\";a:0:{}s:8:\"xml_base\";s:0:\"\";s:17:\"xml_base_explicit\";b:0;s:8:\"xml_lang\";s:0:\"\";}}s:11:\"description\";a:1:{i:0;a:5:{s:4:\"data\";s:49:\"WordPress 日本語ローカルサイトブログ\";s:7:\"attribs\";a:0:{}s:8:\"xml_base\";s:0:\"\";s:17:\"xml_base_explicit\";b:0;s:8:\"xml_lang\";s:0:\"\";}}s:13:\"lastBuildDate\";a:1:{i:0;a:5:{s:4:\"data\";s:31:\"Wed, 05 Aug 2020 04:46:38 +0000\";s:7:\"attribs\";a:0:{}s:8:\"xml_base\";s:0:\"\";s:17:\"xml_base_explicit\";b:0;s:8:\"xml_lang\";s:0:\"\";}}s:8:\"language\";a:1:{i:0;a:5:{s:4:\"data\";s:2:\"ja\";s:7:\"attribs\";a:0:{}s:8:\"xml_base\";s:0:\"\";s:17:\"xml_base_explicit\";b:0;s:8:\"xml_lang\";s:0:\"\";}}s:9:\"generator\";a:1:{i:0;a:5:{s:4:\"data\";s:40:\"https://wordpress.org/?v=5.6-alpha-48764\";s:7:\"attribs\";a:0:{}s:8:\"xml_base\";s:0:\"\";s:17:\"xml_base_explicit\";b:0;s:8:\"xml_lang\";s:0:\"\";}}s:4:\"item\";a:10:{i:0;a:6:{s:4:\"data\";s:60:\"\n		\n		\n		\n		\n		\n				\n		\n		\n\n					\n										\n					\n		\n		\n			\";s:7:\"attribs\";a:0:{}s:8:\"xml_base\";s:0:\"\";s:17:\"xml_base_explicit\";b:0;s:8:\"xml_lang\";s:0:\"\";s:5:\"child\";a:3:{s:0:\"\";a:6:{s:5:\"title\";a:1:{i:0;a:5:{s:4:\"data\";s:32:\"WordPress 5.5リリース候補2\";s:7:\"attribs\";a:0:{}s:8:\"xml_base\";s:0:\"\";s:17:\"xml_base_explicit\";b:0;s:8:\"xml_lang\";s:0:\"\";}}s:4:\"link\";a:1:{i:0;a:5:{s:4:\"data\";s:70:\"https://ja.wordpress.org/2020/08/05/wordpress-5-5-release-candidate-2/\";s:7:\"attribs\";a:0:{}s:8:\"xml_base\";s:0:\"\";s:17:\"xml_base_explicit\";b:0;s:8:\"xml_lang\";s:0:\"\";}}s:7:\"pubDate\";a:1:{i:0;a:5:{s:4:\"data\";s:31:\"Wed, 05 Aug 2020 04:46:38 +0000\";s:7:\"attribs\";a:0:{}s:8:\"xml_base\";s:0:\"\";s:17:\"xml_base_explicit\";b:0;s:8:\"xml_lang\";s:0:\"\";}}s:8:\"category\";a:2:{i:0;a:5:{s:4:\"data\";s:11:\"Development\";s:7:\"attribs\";a:0:{}s:8:\"xml_base\";s:0:\"\";s:17:\"xml_base_explicit\";b:0;s:8:\"xml_lang\";s:0:\"\";}i:1;a:5:{s:4:\"data\";s:8:\"Releases\";s:7:\"attribs\";a:0:{}s:8:\"xml_base\";s:0:\"\";s:17:\"xml_base_explicit\";b:0;s:8:\"xml_lang\";s:0:\"\";}}s:4:\"guid\";a:1:{i:0;a:5:{s:4:\"data\";s:32:\"https://ja.wordpress.org/?p=5901\";s:7:\"attribs\";a:1:{s:0:\"\";a:1:{s:11:\"isPermaLink\";s:5:\"false\";}}s:8:\"xml_base\";s:0:\"\";s:17:\"xml_base_explicit\";b:0;s:8:\"xml_lang\";s:0:\"\";}}s:11:\"description\";a:1:{i:0;a:5:{s:4:\"data\";s:215:\"以下は、Jake Spurlock が書いた WordPress.org 公式ブログの記事「WordPress 5.5 Release Candidate 2」を訳したものです。 誤字脱字誤訳などありましたらフォーラムま [&#8230;]\";s:7:\"attribs\";a:0:{}s:8:\"xml_base\";s:0:\"\";s:17:\"xml_base_explicit\";b:0;s:8:\"xml_lang\";s:0:\"\";}}}s:32:\"http://purl.org/dc/elements/1.1/\";a:1:{s:7:\"creator\";a:1:{i:0;a:5:{s:4:\"data\";s:12:\"Naoko Takano\";s:7:\"attribs\";a:0:{}s:8:\"xml_base\";s:0:\"\";s:17:\"xml_base_explicit\";b:0;s:8:\"xml_lang\";s:0:\"\";}}}s:40:\"http://purl.org/rss/1.0/modules/content/\";a:1:{s:7:\"encoded\";a:1:{i:0;a:5:{s:4:\"data\";s:3517:\"\n<p>以下は、<a href=\"https://profiles.wordpress.org/audrasjb/\"><a href=\"https://profiles.wordpress.org/whyisjake/\">Jake Spurlock</a></a> が書いた WordPress.org 公式ブログの記事「<a href=\"https://wordpress.org/news/2020/08/wordpress-5-5-release-candidate-2/\">WordPress 5.5 Release Candidate 2</a>」を訳したものです。</p>\n\n\n\n<p>誤字脱字誤訳などありましたら<a href=\"https://ja.wordpress.org/support/forum/alphabeta/\">フォーラムまでお知らせください</a>。</p>\n\n\n\n<hr class=\"wp-block-separator\" />\n\n\n\n<p>WordPress 5.5の2つめのリリース候補版がご利用いただけるようになりました。</p>\n\n\n\n<p>WordPress 5.5は<strong>2020年8月11日</strong>にリリース予定ですが、そこにたどり着くためには<strong>皆さんの協力が必要</strong>です。まだ5.5をテストしていない方は、今が行うべきタイミングです。</p>\n\n\n\n<p>WordPress 5.5リリース候補版をテストする方法は2つあります。</p>\n\n\n\n<ul><li><a href=\"https://ja.wordpress.org/plugins/wordpress-beta-tester/\">WordPress Beta Tester</a> プラグイン (「最新版ナイトリービルド」を選択) を利用する</li><li><a href=\"https://wordpress.org/wordpress-5.5-RC2.zip\">リリース候補版の ZIP ファイルをこちらからダウンロード</a>する</li></ul>\n\n\n\n<p>ベータ版リリースをテストし、フィードバックをくださったすべての貢献者の方々にお礼を申し上げます。バグ発見のためのテストは、リリースごとにソフトウェアに磨きをかけるための重要な部分であり、WordPress に貢献するための素晴らしい方法です。</p>\n\n\n\n<h2>プラグイン・テーマ開発者の皆さんへ</h2>\n\n\n\n<p>WordPress 5.5でプラグインやテーマのテストを行い、readme の <em>Tested up to</em> バージョンを 5.5に更新してください。もしも互換性の問題を見つけた場合は、最終リリース前に解決できるよう必ず<a href=\"https://wordpress.org/support/forum/alphabeta/\">サポートフォーラム</a>に投稿してください。</p>\n\n\n\n<p>WordPress 5.5に含まれる変更点の詳しい内訳は、<a href=\"https://ja.wordpress.org/2020/07/23/wordpress-5-5-beta-3/\" data-type=\"post\" data-id=\"5881\">WordPress 5.5 beta 3の記事</a>をご覧ください。<a href=\"https://make.wordpress.org/core/2020/07/30/wordpress-5-5-field-guide/\">WordPress 5.5フィールドガイド</a>もリリースされ、こちらで主な変更点の詳細を知ることができます。</p>\n\n\n\n<h2 id=\"block-bc89fd56-47b0-439f-8e2c-4a642c80a616\">協力するには</h2>\n\n\n\n<p>英語以外の言語を話す方は、<a href=\"https://translate.wordpress.org/projects/wp/dev\">WordPress を100言語以上に翻訳するのにご協力</a>ください。</p>\n\n\n\n<p>バグを見つけたと思った場合は、サポートフォーラムの<a href=\"https://wordpress.org/support/forum/alphabeta\">アルファ・ベータエリア</a><a href=\"https://ja.wordpress.org/support/forum/alphabeta/\">&nbsp;(日本語はこちら)</a>&nbsp;に投稿できます。情報をお待ちしています。</p>\n\n\n\n<p>もし再現可能なバグ報告を書ける場合は&nbsp;<a href=\"https://make.wordpress.org/core/reports/\">WordPress Trac に報告</a>してください。<a href=\"https://core.trac.wordpress.org/tickets/major\">既知のバグ一覧はこちら</a>で見ることができます。</p>\n\";s:7:\"attribs\";a:0:{}s:8:\"xml_base\";s:0:\"\";s:17:\"xml_base_explicit\";b:0;s:8:\"xml_lang\";s:0:\"\";}}}}}i:1;a:6:{s:4:\"data\";s:57:\"\n		\n		\n		\n		\n		\n				\n		\n\n					\n										\n					\n		\n		\n			\";s:7:\"attribs\";a:0:{}s:8:\"xml_base\";s:0:\"\";s:17:\"xml_base_explicit\";b:0;s:8:\"xml_lang\";s:0:\"\";s:5:\"child\";a:3:{s:0:\"\";a:6:{s:5:\"title\";a:1:{i:0;a:5:{s:4:\"data\";s:31:\"WordPress 5.5リリース候補\";s:7:\"attribs\";a:0:{}s:8:\"xml_base\";s:0:\"\";s:17:\"xml_base_explicit\";b:0;s:8:\"xml_lang\";s:0:\"\";}}s:4:\"link\";a:1:{i:0;a:5:{s:4:\"data\";s:68:\"https://ja.wordpress.org/2020/07/29/wordpress-5-5-release-candidate/\";s:7:\"attribs\";a:0:{}s:8:\"xml_base\";s:0:\"\";s:17:\"xml_base_explicit\";b:0;s:8:\"xml_lang\";s:0:\"\";}}s:7:\"pubDate\";a:1:{i:0;a:5:{s:4:\"data\";s:31:\"Wed, 29 Jul 2020 03:48:54 +0000\";s:7:\"attribs\";a:0:{}s:8:\"xml_base\";s:0:\"\";s:17:\"xml_base_explicit\";b:0;s:8:\"xml_lang\";s:0:\"\";}}s:8:\"category\";a:1:{i:0;a:5:{s:4:\"data\";s:8:\"Releases\";s:7:\"attribs\";a:0:{}s:8:\"xml_base\";s:0:\"\";s:17:\"xml_base_explicit\";b:0;s:8:\"xml_lang\";s:0:\"\";}}s:4:\"guid\";a:1:{i:0;a:5:{s:4:\"data\";s:32:\"https://ja.wordpress.org/?p=5896\";s:7:\"attribs\";a:1:{s:0:\"\";a:1:{s:11:\"isPermaLink\";s:5:\"false\";}}s:8:\"xml_base\";s:0:\"\";s:17:\"xml_base_explicit\";b:0;s:8:\"xml_lang\";s:0:\"\";}}s:11:\"description\";a:1:{i:0;a:5:{s:4:\"data\";s:100:\"WordPress 5.5の最初のリリース候補版がご利用いただけるようになりました。\";s:7:\"attribs\";a:0:{}s:8:\"xml_base\";s:0:\"\";s:17:\"xml_base_explicit\";b:0;s:8:\"xml_lang\";s:0:\"\";}}}s:32:\"http://purl.org/dc/elements/1.1/\";a:1:{s:7:\"creator\";a:1:{i:0;a:5:{s:4:\"data\";s:12:\"Naoko Takano\";s:7:\"attribs\";a:0:{}s:8:\"xml_base\";s:0:\"\";s:17:\"xml_base_explicit\";b:0;s:8:\"xml_lang\";s:0:\"\";}}}s:40:\"http://purl.org/rss/1.0/modules/content/\";a:1:{s:7:\"encoded\";a:1:{i:0;a:5:{s:4:\"data\";s:4289:\"\n<p>以下は、<a href=\"https://profiles.wordpress.org/whyisjake/\"></a><a href=\"https://profiles.wordpress.org/davidbaumwald/\"><a href=\"https://profiles.wordpress.org/audrasjb/\">Jb Audras</a></a> が書いた WordPress.org 公式ブログの記事「<a href=\"https://wordpress.org/news/2020/07/wordpress-5-5-beta-3/\"></a><a href=\"https://wordpress.org/news/2020/07/wordpress-5-5-beta-4/\"><a href=\"https://wordpress.org/news/2020/07/wordpress-5-5-release-candidate/\">WordPress 5.5 Release Candidate</a></a>」を訳したものです。</p>\n\n\n\n<p>誤字脱字誤訳などありましたら<a href=\"https://ja.wordpress.org/support/forum/alphabeta/\">フォーラムまでお知らせください</a>。</p>\n\n\n\n<hr class=\"wp-block-separator\" />\n\n\n\n<p>WordPress 5.5の最初のリリース候補版がご利用いただけるようになりました。</p>\n\n\n\n<p>これは WordPress 5.5の公開に向けた重要なマイルストーンです。</p>\n\n\n\n<p>「リリース候補」とは、この新しいバージョンは公開可能なレベルではあるものの、多くのユーザーが様々なプラグイン・テーマと共に使うには何らかの見落としがあるかもしれない、といった意味合いのものとなります。WordPress 5.5は<strong>2020年8月11日</strong>にリリース予定ですが、まだテストしていない方は<strong>今が行うべきタイミングです</strong>。</p>\n\n\n\n<p>WordPress 5.5リリース候補版をテストする方法は2つあります。</p>\n\n\n\n<ul><li><a href=\"https://ja.wordpress.org/plugins/wordpress-beta-tester/\">WordPress Beta Tester</a> プラグイン (「最新版ナイトリービルド」を選択) を利用する</li><li><a href=\"https://wordpress.org/wordpress-5.5-RC1.zip\">リリース候補版の ZIP ファイルをこちらからダウンロード</a>する</li></ul>\n\n\n\n<p>ベータ版リリースをテストし、フィードバックをくださったすべての貢献者の方々にお礼を申し上げます。バグ発見のためのテストは、リリースごとにソフトウェアに磨きをかけるための重要な部分であり、WordPress に貢献するための素晴らしい方法です。</p>\n\n\n\n<h2>WordPress 5.5の詳細</h2>\n\n\n\n<p>ordPress 5.5では、開発者のエクスペリエンスをより洗練させるために多くの改良が加えられています。最新の情報を得るには、<a href=\"https://make.wordpress.org/core/\">Make WordPress Core ブログ</a>を購読し、<a href=\"https://make.wordpress.org/core/tag/5-5+dev-notes/\">開発者向けノート</a>に注目し、プロダクトに影響を与える可能性のある変更点やその他の変更点についての最新情報を入手してください。</p>\n\n\n\n<h2>プラグイン・テーマ開発者の皆さんへ</h2>\n\n\n\n<p>WordPress 5.5でプラグインやテーマのテストを行い、readme の <em>Tested up to</em> バージョンを 5.5に更新してください。もしも互換性の問題を見つけた場合は、最終リリース前に解決できるよう必ず<a href=\"https://wordpress.org/support/forum/alphabeta/\">サポートフォーラム</a>に投稿してください。</p>\n\n\n\n<p>WordPress 5.5フィールドガイドを近々公開予定です。主要変更点の詳細についてはこちらを参照してください。</p>\n\n\n\n<h2 id=\"block-bc89fd56-47b0-439f-8e2c-4a642c80a616\">協力するには</h2>\n\n\n\n<p>英語以外の言語を話す方は、<a href=\"https://translate.wordpress.org/projects/wp/dev\">WordPress を100言語以上に翻訳するのにご協力</a>ください。</p>\n\n\n\n<p>バグを見つけたと思った場合は、サポートフォーラムの<a href=\"https://wordpress.org/support/forum/alphabeta\">アルファ・ベータエリア</a><a href=\"https://ja.wordpress.org/support/forum/alphabeta/\">&nbsp;(日本語はこちら)</a>&nbsp;に投稿できます。情報をお待ちしています。</p>\n\n\n\n<p>もし再現可能なバグ報告を書ける場合は&nbsp;<a href=\"https://make.wordpress.org/core/reports/\">WordPress Trac に報告</a>してください。<a href=\"https://core.trac.wordpress.org/tickets/major\">既知のバグ一覧はこちら</a>で見ることができます。</p>\n\";s:7:\"attribs\";a:0:{}s:8:\"xml_base\";s:0:\"\";s:17:\"xml_base_explicit\";b:0;s:8:\"xml_lang\";s:0:\"\";}}}}}i:2;a:6:{s:4:\"data\";s:60:\"\n		\n		\n		\n		\n		\n				\n		\n		\n\n					\n										\n					\n		\n		\n			\";s:7:\"attribs\";a:0:{}s:8:\"xml_base\";s:0:\"\";s:17:\"xml_base_explicit\";b:0;s:8:\"xml_lang\";s:0:\"\";s:5:\"child\";a:3:{s:0:\"\";a:6:{s:5:\"title\";a:1:{i:0;a:5:{s:4:\"data\";s:23:\"WordPress 5.5ベータ4\";s:7:\"attribs\";a:0:{}s:8:\"xml_base\";s:0:\"\";s:17:\"xml_base_explicit\";b:0;s:8:\"xml_lang\";s:0:\"\";}}s:4:\"link\";a:1:{i:0;a:5:{s:4:\"data\";s:57:\"https://ja.wordpress.org/2020/07/28/wordpress-5-5-beta-4/\";s:7:\"attribs\";a:0:{}s:8:\"xml_base\";s:0:\"\";s:17:\"xml_base_explicit\";b:0;s:8:\"xml_lang\";s:0:\"\";}}s:7:\"pubDate\";a:1:{i:0;a:5:{s:4:\"data\";s:31:\"Tue, 28 Jul 2020 03:47:26 +0000\";s:7:\"attribs\";a:0:{}s:8:\"xml_base\";s:0:\"\";s:17:\"xml_base_explicit\";b:0;s:8:\"xml_lang\";s:0:\"\";}}s:8:\"category\";a:2:{i:0;a:5:{s:4:\"data\";s:11:\"Development\";s:7:\"attribs\";a:0:{}s:8:\"xml_base\";s:0:\"\";s:17:\"xml_base_explicit\";b:0;s:8:\"xml_lang\";s:0:\"\";}i:1;a:5:{s:4:\"data\";s:8:\"Releases\";s:7:\"attribs\";a:0:{}s:8:\"xml_base\";s:0:\"\";s:17:\"xml_base_explicit\";b:0;s:8:\"xml_lang\";s:0:\"\";}}s:4:\"guid\";a:1:{i:0;a:5:{s:4:\"data\";s:32:\"https://ja.wordpress.org/?p=5886\";s:7:\"attribs\";a:1:{s:0:\"\";a:1:{s:11:\"isPermaLink\";s:5:\"false\";}}s:8:\"xml_base\";s:0:\"\";s:17:\"xml_base_explicit\";b:0;s:8:\"xml_lang\";s:0:\"\";}}s:11:\"description\";a:1:{i:0;a:5:{s:4:\"data\";s:77:\"WordPress 5.5ベータ4がご利用いただけるようになりました。\";s:7:\"attribs\";a:0:{}s:8:\"xml_base\";s:0:\"\";s:17:\"xml_base_explicit\";b:0;s:8:\"xml_lang\";s:0:\"\";}}}s:32:\"http://purl.org/dc/elements/1.1/\";a:1:{s:7:\"creator\";a:1:{i:0;a:5:{s:4:\"data\";s:12:\"Naoko Takano\";s:7:\"attribs\";a:0:{}s:8:\"xml_base\";s:0:\"\";s:17:\"xml_base_explicit\";b:0;s:8:\"xml_lang\";s:0:\"\";}}}s:40:\"http://purl.org/rss/1.0/modules/content/\";a:1:{s:7:\"encoded\";a:1:{i:0;a:5:{s:4:\"data\";s:4826:\"\n<p>以下は、<a href=\"https://profiles.wordpress.org/whyisjake/\"></a><a href=\"https://profiles.wordpress.org/davidbaumwald/\">David Baumwald</a>&nbsp;が書いた WordPress.org 公式ブログの記事「<a href=\"https://wordpress.org/news/2020/07/wordpress-5-5-beta-3/\"></a><a href=\"https://wordpress.org/news/2020/07/wordpress-5-5-beta-4/\">WordPress 5.5 Beta 4</a>」を訳したものです。</p>\n\n\n\n<p>誤字脱字誤訳などありましたら<a href=\"https://ja.wordpress.org/support/forum/alphabeta/\">フォーラムまでお知らせください</a>。</p>\n\n\n\n<hr class=\"wp-block-separator\" />\n\n\n\n<p>WordPress 5.5ベータ4がご利用いただけるようになりました。</p>\n\n\n\n<p><strong>このソフトウェアはまだ開発中です</strong>ので、本番サイトで使うことはおすすめしません。新しいバージョンを試すためにテストサイトを立ち上げることを検討してみてください。</p>\n\n\n\n<p>WordPress 5.5ベータ4をテストする方法は2つあります。</p>\n\n\n\n<ul><li><a href=\"https://ja.wordpress.org/plugins/wordpress-beta-tester/\">WordPress Beta Tester</a>&nbsp;プラグイン (「最新版ナイトリービルド」を選択) を利用する</li><li><a href=\"https://wordpress.org/wordpress-5.5-beta4.zip\">ベータ版の ZIP ファイルをこちらからダウンロード</a>する</li></ul>\n\n\n\n<p>WordPress 5.5は<a href=\"https://make.wordpress.org/core/5-5/\">2020年8月11日</a>にリリース予定ですが、そこにたどり着くためには<strong>皆さんの協力が必要</strong>です。</p>\n\n\n\n<p><a href=\"https://wordpress.org/news/2020/07/wordpress-5-5-beta-2/\">ベータ 3</a>開発版リリースをテストし、フィードバックをくださったすべての貢献者の方々にお礼を申し上げます。バグ発見のためのテストは、リリースごとにソフトウェアに磨きをかけるための重要な部分であり、WordPress に貢献するための素晴らしい方法です。</p>\n\n\n\n<h2>ハイライトの一部</h2>\n\n\n\n<p id=\"block-85da84ec-c841-42f9-8d3b-1a4537a61d10\">ベータ3以来、<a href=\"https://core.trac.wordpress.org/query?status=closed&amp;changetime=07%2F15%2F2020..07%2F21%2F2020&amp;milestone=5.5&amp;group=component&amp;col=id&amp;col=summary&amp;col=owner&amp;col=type&amp;col=priority&amp;col=component&amp;col=version&amp;order=priority\">43件のバグ</a>が修正されました。以下がベータ4の変更点です。</p>\n\n\n\n<ul><li>許可された kses 画像属性として&nbsp;<code>\"loading (読み込み中)\"</code>&nbsp;を追加 (<a href=\"https://core.trac.wordpress.org/ticket/50731\">#50731</a>)。</li><li>サイトヘルスの情報タブ内のプラグイン/テーマ自動更新メッセージにフィルターを追加 (&nbsp;<a rel=\"noreferrer noopener\" target=\"_blank\" href=\"https://core.trac.wordpress.org/ticket/50663\">#50663</a>)。</li><li><code>$_SERVER[\'SERVER_NAME\']</code>&nbsp;がメールのホスト名を正確に生成しないことがある問題を修正 (<a href=\"https://core.trac.wordpress.org/ticket/25239\">#25239</a>)。</li><li>Gutenberg からの複数の修正をバックポートして WordPress 5.5 Beta 4 に同梱 (<a href=\"https://github.com/WordPress/gutenberg/pull/24218\">PR #24218</a>)。</li></ul>\n\n\n\n<h2 id=\"block-76156b2b-0a52-4502-b585-6cbe9481f55b\">開発者の方へ</h2>\n\n\n\n<p>WordPress 5.5では、開発者のエクスペリエンスをより洗練させるために多くの改良が加えられています。最新の情報を得るには、<a href=\"https://make.wordpress.org/core/\">Make WordPress Core ブログ</a>を購読し、<a href=\"https://make.wordpress.org/core/tag/5-5+dev-notes/\">開発者向けノート</a>に注目し、プロダクトに影響を与える可能性のある変更点やその他の変更点についての最新情報を入手してください。</p>\n\n\n\n<h2 id=\"block-bc89fd56-47b0-439f-8e2c-4a642c80a616\">協力するには</h2>\n\n\n\n<p>英語以外の言語を話す方は、<a href=\"https://translate.wordpress.org/projects/wp/dev\">WordPress を100言語以上に翻訳するのにご協力</a>ください。</p>\n\n\n\n<p>バグを見つけたと思った場合は、サポートフォーラムの<a href=\"https://wordpress.org/support/forum/alphabeta\">アルファ・ベータエリア</a><a href=\"https://ja.wordpress.org/support/forum/alphabeta/\">&nbsp;(日本語はこちら)</a>&nbsp;に投稿できます。情報をお待ちしています。</p>\n\n\n\n<p>もし再現可能なバグ報告を書ける場合は&nbsp;<a href=\"https://make.wordpress.org/core/reports/\">WordPress Trac に報告</a>してください。<a href=\"https://core.trac.wordpress.org/tickets/major\">既知のバグ一覧はこちら</a>で見ることができます。</p>\n\";s:7:\"attribs\";a:0:{}s:8:\"xml_base\";s:0:\"\";s:17:\"xml_base_explicit\";b:0;s:8:\"xml_lang\";s:0:\"\";}}}}}i:3;a:6:{s:4:\"data\";s:60:\"\n		\n		\n		\n		\n		\n				\n		\n		\n\n					\n										\n					\n		\n		\n			\";s:7:\"attribs\";a:0:{}s:8:\"xml_base\";s:0:\"\";s:17:\"xml_base_explicit\";b:0;s:8:\"xml_lang\";s:0:\"\";s:5:\"child\";a:3:{s:0:\"\";a:6:{s:5:\"title\";a:1:{i:0;a:5:{s:4:\"data\";s:23:\"WordPress 5.5ベータ3\";s:7:\"attribs\";a:0:{}s:8:\"xml_base\";s:0:\"\";s:17:\"xml_base_explicit\";b:0;s:8:\"xml_lang\";s:0:\"\";}}s:4:\"link\";a:1:{i:0;a:5:{s:4:\"data\";s:57:\"https://ja.wordpress.org/2020/07/23/wordpress-5-5-beta-3/\";s:7:\"attribs\";a:0:{}s:8:\"xml_base\";s:0:\"\";s:17:\"xml_base_explicit\";b:0;s:8:\"xml_lang\";s:0:\"\";}}s:7:\"pubDate\";a:1:{i:0;a:5:{s:4:\"data\";s:31:\"Thu, 23 Jul 2020 05:41:54 +0000\";s:7:\"attribs\";a:0:{}s:8:\"xml_base\";s:0:\"\";s:17:\"xml_base_explicit\";b:0;s:8:\"xml_lang\";s:0:\"\";}}s:8:\"category\";a:2:{i:0;a:5:{s:4:\"data\";s:11:\"Development\";s:7:\"attribs\";a:0:{}s:8:\"xml_base\";s:0:\"\";s:17:\"xml_base_explicit\";b:0;s:8:\"xml_lang\";s:0:\"\";}i:1;a:5:{s:4:\"data\";s:8:\"Releases\";s:7:\"attribs\";a:0:{}s:8:\"xml_base\";s:0:\"\";s:17:\"xml_base_explicit\";b:0;s:8:\"xml_lang\";s:0:\"\";}}s:4:\"guid\";a:1:{i:0;a:5:{s:4:\"data\";s:32:\"https://ja.wordpress.org/?p=5881\";s:7:\"attribs\";a:1:{s:0:\"\";a:1:{s:11:\"isPermaLink\";s:5:\"false\";}}s:8:\"xml_base\";s:0:\"\";s:17:\"xml_base_explicit\";b:0;s:8:\"xml_lang\";s:0:\"\";}}s:11:\"description\";a:1:{i:0;a:5:{s:4:\"data\";s:78:\"WordPress 5.5ベータ 3がご利用いただけるようになりました。\";s:7:\"attribs\";a:0:{}s:8:\"xml_base\";s:0:\"\";s:17:\"xml_base_explicit\";b:0;s:8:\"xml_lang\";s:0:\"\";}}}s:32:\"http://purl.org/dc/elements/1.1/\";a:1:{s:7:\"creator\";a:1:{i:0;a:5:{s:4:\"data\";s:12:\"Naoko Takano\";s:7:\"attribs\";a:0:{}s:8:\"xml_base\";s:0:\"\";s:17:\"xml_base_explicit\";b:0;s:8:\"xml_lang\";s:0:\"\";}}}s:40:\"http://purl.org/rss/1.0/modules/content/\";a:1:{s:7:\"encoded\";a:1:{i:0;a:5:{s:4:\"data\";s:12304:\"\n<p>以下は、<a href=\"https://profiles.wordpress.org/matt/\"></a><a href=\"https://profiles.wordpress.org/whyisjake/\">Jake Spurlock</a> が書いた WordPress.org 公式ブログの記事「<a href=\"https://wordpress.org/news/2020/04/wordpress-5-4-1/\"></a><a href=\"https://wordpress.org/news/2020/07/wordpress-5-5-beta-3/\">WordPress 5.5 Beta 3</a>」を訳し、<a href=\"https://wordpress.org/news/2020/07/wordpress-5-5-beta-1/\">ベータ1の記事</a>に含まれる情報を追加したものです。</p>\n\n\n\n<p>誤字脱字誤訳などありましたら<a href=\"https://ja.wordpress.org/support/forum/alphabeta/\">フォーラムまでお知らせください</a>。</p>\n\n\n\n<hr class=\"wp-block-separator\" />\n\n\n\n<p>WordPress 5.5ベータ3がご利用いただけるようになりました。</p>\n\n\n\n<p><strong>このソフトウェアはまだ開発中です</strong>ので、本番サイトで使うことはおすすめしません。新しいバージョンを試すためにテストサイトを立ち上げることを検討してみてください。</p>\n\n\n\n<p>WordPress 5.5ベータ3をテストする方法は2つあります。</p>\n\n\n\n<ul><li><a href=\"https://ja.wordpress.org/plugins/wordpress-beta-tester/\">WordPress Beta Tester</a>&nbsp;プラグイン (「最新版ナイトリービルド」を選択) を利用する</li><li><a href=\"https://wordpress.org/wordpress-5.5-beta3.zip\">ベータ版の ZIP ファイルをこちらからダウンロード</a>する</li></ul>\n\n\n\n<p>WordPress 5.5は<a href=\"https://make.wordpress.org/core/5-5/\">2020年8月11日</a>にリリース予定ですが、そこにたどり着くためには<strong>皆さんの協力が必要</strong>です。</p>\n\n\n\n<p><a href=\"https://wordpress.org/news/2020/07/wordpress-5-5-beta-2/\">ベータ 2</a>開発版リリースをテストし、フィードバックをくださったすべての貢献者の方々にお礼を申し上げます。バグ発見のためのテストは、リリースごとにソフトウェアに磨きをかけるための重要な部分であり、WordPress に貢献するための素晴らしい方法です。</p>\n\n\n\n<h2>ブロックエディター: 機能と改善点</h2>\n\n\n\n<p>WordPress 5.5では Gutenberg プラグインの10回分のリリースが含められる予定で、新機能が数多く導入されます。ここではその一部をご紹介します。</p>\n\n\n\n<ul><li><strong>インライン画像編集 </strong>–&nbsp;画像ブロック内で直接、切り抜き、回転、ズームを実行できます。</li><li><strong>ブロックパターン</strong>&nbsp;– 新しいブロックパターン機能を使えば、凝ったページをかんたんに作ることができます。いくつかのブロックパターンがデフォルトで含まれています。</li><li><strong>端末プレビュー</strong>&nbsp;– さまざまな画面サイズのユーザーにコンテンツがどのように見えるかを確認できます。</li><li><strong>ブロックの数に圧倒されない新パネル。</strong>新しくなったブロック挿入パネルでは、より整理されたカテゴリーとコレクションを表示します。さらに、ブロックパターンをサポートし、新しいブロックディレクトリと統合されます。</li><li>新しいブロックディレクトリを使って、エディターから<strong>サードパーティ製のブロックを検出、インストール、挿入</strong>できるようになります。</li><li>改善された、スムーズな編集エクスペリエンス:<ul><li>ドラッグ &amp; ドロップの改善</li><li>目に見え、掴めるブロック移動ツール</li><li>親ブロックの選択</li><li>文脈に応じたフォーカスのハイライト</li><li>複数のブロックを一括変更できるマルチセレクト整形</li><li>パフォーマンスの向上</li></ul></li><li><strong>テーマ用の拡張デザインツールセット。</strong></li><li>グループ、列、メディア、テキストなど、より多くの種類のブロックに<strong>背景やグラデーションを追加</strong>できるようになりました。</li><li><strong>ピクセルだけでなく、より多くの種類の単位</strong>に対応。em、rem、%、vh、vw など。さらに、テキスト入力中に行の高さを調整できるようになり、ライティングやタイプセッティングをシームレスに行うことができます。</li></ul>\n\n\n\n<p>全体として、WordPress 5.5はブロックエディターのエクスペリエンスに1,500個以上の便利な改善をもたらします。</p>\n\n\n\n<p>各リリースのすべての機能を詳しく知るには、リリース記事をご覧ください。<a href=\"https://github.com/WordPress/gutenberg/releases/tag/v7.5.0\">7.5</a>、<a href=\"https://github.com/WordPress/gutenberg/releases/tag/v7.6.0\">7.6</a>、<a href=\"https://github.com/WordPress/gutenberg/releases/tag/v7.7.0\">7.7</a>、<a href=\"https://github.com/WordPress/gutenberg/releases/tag/v7.8.0\">7.8</a>、<a href=\"https://github.com/WordPress/gutenberg/releases/tag/v7.9.0\">7.9</a>、<a href=\"https://github.com/WordPress/gutenberg/releases/tag/v8.0.0\">8.0</a>、<a href=\"https://github.com/WordPress/gutenberg/releases/tag/v8.1.0\">8.1</a>、<a href=\"https://github.com/WordPress/gutenberg/releases/tag/v8.2.0\">8.2</a>、<a href=\"https://github.com/WordPress/gutenberg/releases/tag/v8.3.0\">8.3</a>、<a href=\"https://github.com/WordPress/gutenberg/releases/tag/v8.4.0\">8.4</a></p>\n\n\n\n<h2>それ以外にも色々</h2>\n\n\n\n<h3>XML サイトマップ</h3>\n\n\n\n<p><a href=\"https://make.wordpress.org/core/2020/06/10/merge-announcement-extensible-core-sitemaps/\">XML サイトマップが WordPress に含まれ</a>、デフォルトで有効化されます。サイトマップは、検索エンジンがサイトのコンテンツを発見するために不可欠です。ホームページ、投稿、ページ、カスタム投稿タイプなどが含まれ、サイトがより発見されやすくなります。</p>\n\n\n\n<h3>プラグインとテーマの自動更新</h3>\n\n\n\n<p>WordPress 5.5では、<a href=\"https://make.wordpress.org/core/tag/core-auto-updates/\">プラグインやテーマの自動更新機能</a>が導入されます。どのプラグインやテーマを自動で最新の状態に保つかを簡単にコントロールできます。すべてのプラグインやテーマの最新バージョンを実行することは常に推奨されていますが、この機能が追加されたことでこれまで以上に簡単になりました。</p>\n\n\n\n<h3>画像の遅延読み込み</h3>\n\n\n\n<p>WordPress 5.5では、新しいブラウザー標準を利用した<a href=\"https://make.wordpress.org/core/2020/04/08/lazy-loading-of-images-is-in-core/\">画像の遅延読み込み (lazy-loading) のネイティブサポート</a>が含まれます。遅延読み込みでは、ユーザーが viewport に近づくまで画像は送信されません。これにより、すべて (ユーザー、ホスト、ISP) の帯域幅が節約され、インターネットの速度が遅くてもウェブを閲覧しやすくなり、電気代も節約できます。</p>\n\n\n\n<p>WordPress はリリースのたびにアクセシビリティの向上に努めています。バージョン5.5でも同様に、アクセシビリティの修正と強化が詰め込まれています。ぜひご覧ください。</p>\n\n\n\n<ul><li>リストテーブルに広範な代替表示モードが追加されました。</li><li>リンクリストウィジェットを HTML5 ナビゲーションブロックに変換できるようになりました。</li><li>ボタンをクリックするだけで、メディア画面やモーダルダイアログでのリンクをコピーできるようになりました。</li><li>無効なボタンが、実際に無効化されたように見えるようになりました。</li><li>キーボードを使ってメタボックスを移動できるようになりました。</li><li>フロントページで、カスタムロゴをフロントページにリンクしないようにしました。</li><li>画像エディターで、補助ツールがステータスメッセージを見ることができるようになりました。</li><li>ログイン失敗を示す振動アニメーションが、<code>prefers-reduced-motion</code> メディアクエリーでのユーザーの選択を尊重するようになりました。</li><li>冗長なエラー: エラー通知から接頭辞を削除しました。</li></ul>\n\n\n\n<h2>その他の変更点</h2>\n\n\n\n<ul><li>ZIP ファイルをアップロードしてプラグインやテーマを更新できるようになりました。</li><li><a href=\"https://make.wordpress.org/core/2020/06/26/wordpress-5-5-better-fine-grained-control-of-redirect_guess_404_permalink/\">direct_guess_404_permalink() をより細かく制御</a>できるようになりました。</li><li>PHPMailer、SimplePie、Twemoji、Masonry など、<a href=\"https://make.wordpress.org/core/2020/07/01/external-library-updates-in-wordpress-5-5-call-for-testing/\">パッケージ化された外部ライブラリをいくつか更新</a>しました。</li></ul>\n\n\n\n<h2 id=\"block-15d6d57f-905d-4a47-9f66-839468a5375a\">ベータ3ハイライトの一部</h2>\n\n\n\n<p id=\"block-85da84ec-c841-42f9-8d3b-1a4537a61d10\"><a href=\"https://wordpress.org/news/2020/02/wordpress-5-4-beta-2/\">ベータ2</a>以来、<a href=\"https://core.trac.wordpress.org/query?status=closed&amp;changetime=07%2F15%2F2020..07%2F21%2F2020&amp;milestone=5.5&amp;group=component&amp;col=id&amp;col=summary&amp;col=owner&amp;col=type&amp;col=priority&amp;col=component&amp;col=version&amp;order=priority\">43件のバグ</a>が修正されました。以下がベータ3の変更点です。</p>\n\n\n\n<ul><li>自動更新時にプラグインとテーマのバージョンをメールで共有するようになりました (<a href=\"https://core.trac.wordpress.org/ticket/50350\">#50350</a>)。</li><li><code>permission_callback</code> のない REST API ルートで <code>_doing_it_wrong()</code> 警告をトリガーするようになりました (<a rel=\"noreferrer noopener\" target=\"_blank\" href=\"https://core.trac.wordpress.org/ticket/50075\">#50075</a>)。</li><li>23件以上の Gutenberg 関連の変更と更新 (<a href=\"https://github.com/WordPress/gutenberg/pull/24068\">#24068</a>、<a href=\"https://core.trac.wordpress.org/ticket/50712\">#50712</a>)。</li><li>新規インポート・エクスポートデータベースの Dashicons のバグを修正 (<a href=\"https://core.trac.wordpress.org/ticket/49913\">#49913</a>)。</li></ul>\n\n\n\n<h2 id=\"block-76156b2b-0a52-4502-b585-6cbe9481f55b\">開発者の方へ</h2>\n\n\n\n<p>WordPress 5.5では、開発者のエクスペリエンスをより洗練させるために多くの改良が加えられています。最新の情報を得るには、<a href=\"https://make.wordpress.org/core/\">Make WordPress Core ブログ</a>を購読し、<a href=\"https://make.wordpress.org/core/tag/5-5+dev-notes/\">開発者向けノート</a>に注目し、プロダクトに影響を与える可能性のある変更点やその他の変更点についての最新情報を入手してください。</p>\n\n\n\n<h2 id=\"block-bc89fd56-47b0-439f-8e2c-4a642c80a616\">協力するには</h2>\n\n\n\n<p>英語以外の言語を話す方は、<a href=\"https://translate.wordpress.org/projects/wp/dev\">WordPress を100言語以上に翻訳するのにご協力</a>ください。</p>\n\n\n\n<p>バグを見つけたと思った場合は、サポートフォーラムの<a href=\"https://wordpress.org/support/forum/alphabeta\">アルファ・ベータエリア</a><a href=\"https://ja.wordpress.org/support/forum/alphabeta/\">&nbsp;(日本語はこちら)</a>&nbsp;に投稿できます。情報をお待ちしています。</p>\n\n\n\n<p>もし再現可能なバグ報告を書ける場合は&nbsp;<a href=\"https://make.wordpress.org/core/reports/\">WordPress Trac に報告</a>してください。<a href=\"https://core.trac.wordpress.org/tickets/major\">既知のバグ一覧はこちら</a>で見ることができます。</p>\n\";s:7:\"attribs\";a:0:{}s:8:\"xml_base\";s:0:\"\";s:17:\"xml_base_explicit\";b:0;s:8:\"xml_lang\";s:0:\"\";}}}}}i:4;a:6:{s:4:\"data\";s:76:\"\n		\n		\n					\n		\n		\n		\n				\n		\n		\n\n					\n										\n					\n					\n			\n		\n		\n			\";s:7:\"attribs\";a:0:{}s:8:\"xml_base\";s:0:\"\";s:17:\"xml_base_explicit\";b:0;s:8:\"xml_lang\";s:0:\"\";s:5:\"child\";a:5:{s:0:\"\";a:7:{s:5:\"title\";a:1:{i:0;a:5:{s:4:\"data\";s:70:\"WordPress 5.4.2 セキュリティとメンテナンスのリリース\";s:7:\"attribs\";a:0:{}s:8:\"xml_base\";s:0:\"\";s:17:\"xml_base_explicit\";b:0;s:8:\"xml_lang\";s:0:\"\";}}s:4:\"link\";a:1:{i:0;a:5:{s:4:\"data\";s:85:\"https://ja.wordpress.org/2020/06/14/wordpress-5-4-2-security-and-maintenance-release/\";s:7:\"attribs\";a:0:{}s:8:\"xml_base\";s:0:\"\";s:17:\"xml_base_explicit\";b:0;s:8:\"xml_lang\";s:0:\"\";}}s:8:\"comments\";a:1:{i:0;a:5:{s:4:\"data\";s:94:\"https://ja.wordpress.org/2020/06/14/wordpress-5-4-2-security-and-maintenance-release/#comments\";s:7:\"attribs\";a:0:{}s:8:\"xml_base\";s:0:\"\";s:17:\"xml_base_explicit\";b:0;s:8:\"xml_lang\";s:0:\"\";}}s:7:\"pubDate\";a:1:{i:0;a:5:{s:4:\"data\";s:31:\"Sun, 14 Jun 2020 02:13:56 +0000\";s:7:\"attribs\";a:0:{}s:8:\"xml_base\";s:0:\"\";s:17:\"xml_base_explicit\";b:0;s:8:\"xml_lang\";s:0:\"\";}}s:8:\"category\";a:2:{i:0;a:5:{s:4:\"data\";s:8:\"Releases\";s:7:\"attribs\";a:0:{}s:8:\"xml_base\";s:0:\"\";s:17:\"xml_base_explicit\";b:0;s:8:\"xml_lang\";s:0:\"\";}i:1;a:5:{s:4:\"data\";s:8:\"Security\";s:7:\"attribs\";a:0:{}s:8:\"xml_base\";s:0:\"\";s:17:\"xml_base_explicit\";b:0;s:8:\"xml_lang\";s:0:\"\";}}s:4:\"guid\";a:1:{i:0;a:5:{s:4:\"data\";s:32:\"https://ja.wordpress.org/?p=5869\";s:7:\"attribs\";a:1:{s:0:\"\";a:1:{s:11:\"isPermaLink\";s:5:\"false\";}}s:8:\"xml_base\";s:0:\"\";s:17:\"xml_base_explicit\";b:0;s:8:\"xml_lang\";s:0:\"\";}}s:11:\"description\";a:1:{i:0;a:5:{s:4:\"data\";s:182:\"以下は、Jake Spurlock が書いた WordPress.org 公式ブログの記事「WordPress 5.4.2 Security and Maintenance Release 」を訳したものです。 誤字脱字 [&#8230;]\";s:7:\"attribs\";a:0:{}s:8:\"xml_base\";s:0:\"\";s:17:\"xml_base_explicit\";b:0;s:8:\"xml_lang\";s:0:\"\";}}}s:32:\"http://purl.org/dc/elements/1.1/\";a:1:{s:7:\"creator\";a:1:{i:0;a:5:{s:4:\"data\";s:3:\"Tai\";s:7:\"attribs\";a:0:{}s:8:\"xml_base\";s:0:\"\";s:17:\"xml_base_explicit\";b:0;s:8:\"xml_lang\";s:0:\"\";}}}s:40:\"http://purl.org/rss/1.0/modules/content/\";a:1:{s:7:\"encoded\";a:1:{i:0;a:5:{s:4:\"data\";s:8359:\"\n<p>以下は、<a href=\"https://profiles.wordpress.org/whyisjake/\">Jake Spurlock</a> が書いた WordPress.org 公式ブログの記事「<a href=\"https://wordpress.org/news/2020/06/wordpress-5-4-2-security-and-maintenance-release/\">WordPress 5.4.2 Security and Maintenance Release</a> 」を訳したものです。</p>\n\n\n\n<p>誤字脱字誤訳などありましたら<a href=\"https://ja.wordpress.org/support/forum/alphabeta/\">フォーラムまでお知らせください</a>。</p>\n\n\n\n<hr class=\"wp-block-separator\" />\n\n\n\n<p>WordPress 5.4.2がリリースされました!</p>\n\n\n\n<p>このセキュリティとメンテナンスのリリースには、23の修正と機能強化が含まれています。さらに、いくつかのセキュリティ修正が追加されていますので、詳しくは以下のリストを参照してください。</p>\n\n\n\n<p>これらのバグは WordPress バージョン 5.4.1 とそれ以前のバージョンに影響を与えます。バージョン 5.4.2 ではそれらが修正されているので、アップグレードしてください。</p>\n\n\n\n<p>まだ 5.4 にアップデートしていない場合は、5.3 とそれ以前のバージョンでもバグが修正されたアップデートがあります。</p>\n\n\n\n<h3>セキュリティアップデート</h3>\n\n\n\n<p>WordPress のバージョン 5.4 やそれ以前のバージョンでは、以下のバグの影響を受けており、バージョン 5.4.2 で修正されています。まだ 5.4 にアップデートしていない場合は、セキュリティ問題を修正した 5.3 やそれ以前のバージョンもあります。</p>\n\n\n\n<ul><li>Sam Thomas (jazzy2fives) は、権限の低い認証済みユーザーがブロックエディタの投稿に JavaScript を追加できるという XSS の問題を発見してくれました。</li><li>アップロード権限を持つ認証済みユーザがメディアファイルに JavaScript を追加できる XSS 問題を発見した Luigi &#8211; (<a href=\"https://www.gubello.me/\">gubello.me</a>) に感謝します。</li><li><em>wp_validate_redirect()</em> のオープンリダイレクトの問題を発見してくれた WordPress セキュリティチームの Ben Bidner に感謝します。</li><li>テーマのアップロードで認証済み XSS の問題を発見した <a href=\"http://apapedulimu.click\">Nrimo Ing Pandum</a> に感謝します。</li><li><em>set-screen-option</em> がプラグインによって悪用されて権限昇格されうる問題を発見してくれた <a href=\"https://blog.ripstech.com/authors/simon-scannell\">Simon Scannell of RIPS Technologies</a> に感謝します。</li><li>パスワードで保護された投稿やページのコメントが特定の条件下で表示されうる問題を発見した <a href=\"https://profiles.wordpress.org/poena/\">Carolina Nymark</a> に感謝します。</li></ul>\n\n\n\n<p><a href=\"https://make.wordpress.org/core/handbook/testing/reporting-security-vulnerabilities/\">脆弱性を非公開で報告</a>してくれた報告者の皆さんに感謝します。これにより、セキュリティチームは WordPress サイトが攻撃される前に脆弱性を修正する時間を確保することができました。</p>\n\n\n\n<p>また、バージョン5.1、5.2、5.3にもメンテナンスアップデートが1件反映されました。詳細は<a href=\"https://make.wordpress.org/core/2020/06/09/wordpress-5-4-2-prevent-unmoderated-comments-from-search-engine-indexation/\">関連する開発者ノート</a>を参照してください。</p>\n\n\n\n<p><a href=\"https://core.trac.wordpress.org/query?status=closed&amp;resolution=fixed&amp;milestone=5.4.2&amp;order=priority\">Trac で変更点の全リスト</a>を閲覧することができます。</p>\n\n\n\n<p>詳細については、Trac で変更点の全リストを閲覧するか、<a href=\"https://wordpress.org/support/wordpress-version/version-5-4-2/\">バージョン 5.4.2 のドキュメントページ</a>をチェックしてください。</p>\n\n\n\n<p>WordPress 5.4.2 はショートサイクルメンテナンスリリースの一つです。次のメジャーリリースは<a href=\"https://make.wordpress.org/core/5-5/\">バージョン 5.5</a>になります。</p>\n\n\n\n<p>WordPress 5.4.2 は、このページの上部にあるボタンからダウンロードするか、<strong>ダッシュボード</strong>→<strong>更新</strong>を開いて、<strong>今すぐ更新</strong>をクリックしてください。</p>\n\n\n\n<p>バックグラウンドの自動更新に対応しているサイトであれば、すでに更新作業が開始されています。</p>\n\n\n\n<h3>感謝と敬意を!</h3>\n\n\n\n<p>上記のセキュリティ研究者の方々に加え、WordPress 5.4.2の実現にご協力いただいた皆様、ありがとうございました。</p>\n\n\n\n<p><a href=\"https://profiles.wordpress.org/afercia\">Andrea Fercia</a>, <a href=\"https://profiles.wordpress.org/argentite\">argentite</a>, <a href=\"https://profiles.wordpress.org/asif2bd\">M Asif Rahman</a>, <a href=\"https://profiles.wordpress.org/audrasjb\">Jb Audras</a>, <a href=\"https://profiles.wordpress.org/ayeshrajans\">Ayesh Karunaratne</a>, <a href=\"https://profiles.wordpress.org/bdcstr\">bdcstr</a>, <a href=\"https://profiles.wordpress.org/delowardev\">Delowar Hossain</a>, <a href=\"https://profiles.wordpress.org/dhrrob\">Rob Migchels</a>, <a href=\"https://profiles.wordpress.org/donmhico\">donmhico</a>, <a href=\"https://profiles.wordpress.org/ehtis/\">Ehtisham Siddiqui</a>, <a href=\"https://profiles.wordpress.org/emlebrun\">Emilie LEBRUN</a>, <a href=\"https://profiles.wordpress.org/finomeno\">finomeno</a>, <a href=\"https://profiles.wordpress.org/garethgillman\">garethgillman</a>, <a href=\"https://profiles.wordpress.org/giorgio25b\">Giorgio25b</a>, <a href=\"https://profiles.wordpress.org/gma992\">Gabriel Maldonado</a>, <a href=\"https://profiles.wordpress.org/h71\">Hector F</a>, <a href=\"https://profiles.wordpress.org/ianbelanger\">Ian Belanger</a>, <a href=\"https://profiles.wordpress.org/jorbin/\">Aaron Jorbin</a>, <a href=\"https://profiles.wordpress.org/imath\">Mathieu Viet</a>, <a href=\"https://profiles.wordpress.org/javiercasares\">Javier Casares</a>, <a href=\"https://profiles.wordpress.org/joemcgill\">Joe McGill</a>, <a href=\"https://profiles.wordpress.org/jonkolbert\">jonkolbert</a>, <a href=\"https://profiles.wordpress.org/jonoaldersonwp\">Jono Alderson</a>, <a href=\"https://profiles.wordpress.org/joyously\">Joy</a>, <a href=\"https://profiles.wordpress.org/karmatosed\">Tammie Lister</a>, <a href=\"https://profiles.wordpress.org/kjellr\">Kjell Reigstad</a>, <a href=\"https://profiles.wordpress.org/kthmd\">KT</a>, <a href=\"https://profiles.wordpress.org/markusthiel\">markusthiel</a>, <a href=\"https://profiles.wordpress.org/mayankmajeji\">Mayank Majeji</a>, <a href=\"https://profiles.wordpress.org/melchoyce\">Mel Choyce-Dwan</a>, <a href=\"https://profiles.wordpress.org/mislavjuric\">mislavjuric</a>, <a href=\"https://profiles.wordpress.org/mukesh27\">Mukesh Panchal</a>, <a href=\"https://profiles.wordpress.org/nikhilbhansi\">Nikhil Bhansi</a>, <a href=\"https://profiles.wordpress.org/oakesjosh\">oakesjosh</a>, <a href=\"https://profiles.wordpress.org/ocean90\">Dominik Schilling</a>, <a href=\"https://profiles.wordpress.org/passoniate\">Arslan Ahmed</a>, <a href=\"https://profiles.wordpress.org/peterwilsoncc\">Peter Wilson</a>, <a href=\"https://profiles.wordpress.org/poena\">Carolina Nymark</a>, <a href=\"https://profiles.wordpress.org/sabernhardt\">Stephen Bernhardt</a>, <a href=\"https://profiles.wordpress.org/samful\">Sam Fullalove</a>, <a href=\"https://profiles.wordpress.org/schlessera\">Alain Schlesser</a>, <a href=\"https://profiles.wordpress.org/sergeybiryukov\">Sergey Biryukov</a>, <a href=\"https://profiles.wordpress.org/skarabeq\">skarabeq</a>, <a href=\"https://profiles.wordpress.org/talldanwp/\">Daniel Richards</a>, <a href=\"https://profiles.wordpress.org/skithund\">Toni Viemerö</a>, <a href=\"https://profiles.wordpress.org/suzylah\">suzylah</a>, <a href=\"https://profiles.wordpress.org/timothyblynjacobs\">Timothy Jacobs</a>, <a href=\"https://profiles.wordpress.org/utz119\">TeBenachi</a>, <a href=\"https://profiles.wordpress.org/whyisjake\">Jake Spurlock</a> そして <a href=\"https://profiles.wordpress.org/yuhin\">yuhin</a>。</p>\n\";s:7:\"attribs\";a:0:{}s:8:\"xml_base\";s:0:\"\";s:17:\"xml_base_explicit\";b:0;s:8:\"xml_lang\";s:0:\"\";}}}s:36:\"http://wellformedweb.org/CommentAPI/\";a:1:{s:10:\"commentRss\";a:1:{i:0;a:5:{s:4:\"data\";s:90:\"https://ja.wordpress.org/2020/06/14/wordpress-5-4-2-security-and-maintenance-release/feed/\";s:7:\"attribs\";a:0:{}s:8:\"xml_base\";s:0:\"\";s:17:\"xml_base_explicit\";b:0;s:8:\"xml_lang\";s:0:\"\";}}}s:38:\"http://purl.org/rss/1.0/modules/slash/\";a:1:{s:8:\"comments\";a:1:{i:0;a:5:{s:4:\"data\";s:1:\"1\";s:7:\"attribs\";a:0:{}s:8:\"xml_base\";s:0:\"\";s:17:\"xml_base_explicit\";b:0;s:8:\"xml_lang\";s:0:\"\";}}}}}i:5;a:6:{s:4:\"data\";s:60:\"\n		\n		\n		\n		\n		\n				\n		\n		\n\n					\n										\n					\n		\n		\n			\";s:7:\"attribs\";a:0:{}s:8:\"xml_base\";s:0:\"\";s:17:\"xml_base_explicit\";b:0;s:8:\"xml_lang\";s:0:\"\";s:5:\"child\";a:3:{s:0:\"\";a:6:{s:5:\"title\";a:1:{i:0;a:5:{s:4:\"data\";s:36:\"公平性とコミュニティの力\";s:7:\"attribs\";a:0:{}s:8:\"xml_base\";s:0:\"\";s:17:\"xml_base_explicit\";b:0;s:8:\"xml_lang\";s:0:\"\";}}s:4:\"link\";a:1:{i:0;a:5:{s:4:\"data\";s:70:\"https://ja.wordpress.org/2020/06/08/equity-and-the-power-of-community/\";s:7:\"attribs\";a:0:{}s:8:\"xml_base\";s:0:\"\";s:17:\"xml_base_explicit\";b:0;s:8:\"xml_lang\";s:0:\"\";}}s:7:\"pubDate\";a:1:{i:0;a:5:{s:4:\"data\";s:31:\"Mon, 08 Jun 2020 09:22:32 +0000\";s:7:\"attribs\";a:0:{}s:8:\"xml_base\";s:0:\"\";s:17:\"xml_base_explicit\";b:0;s:8:\"xml_lang\";s:0:\"\";}}s:8:\"category\";a:2:{i:0;a:5:{s:4:\"data\";s:9:\"Community\";s:7:\"attribs\";a:0:{}s:8:\"xml_base\";s:0:\"\";s:17:\"xml_base_explicit\";b:0;s:8:\"xml_lang\";s:0:\"\";}i:1;a:5:{s:4:\"data\";s:7:\"General\";s:7:\"attribs\";a:0:{}s:8:\"xml_base\";s:0:\"\";s:17:\"xml_base_explicit\";b:0;s:8:\"xml_lang\";s:0:\"\";}}s:4:\"guid\";a:1:{i:0;a:5:{s:4:\"data\";s:32:\"https://ja.wordpress.org/?p=5865\";s:7:\"attribs\";a:1:{s:0:\"\";a:1:{s:11:\"isPermaLink\";s:5:\"false\";}}s:8:\"xml_base\";s:0:\"\";s:17:\"xml_base_explicit\";b:0;s:8:\"xml_lang\";s:0:\"\";}}s:11:\"description\";a:1:{i:0;a:5:{s:4:\"data\";s:334:\"オープンソースプロジェクトとしての WordPress には、不公平な司法制度を再構築したり、構造的な不平等を上書きしたりする力はないかもしれません。でもそれは、私たち WordPress コミュニティが無力であることを意味しているわけではありません。\";s:7:\"attribs\";a:0:{}s:8:\"xml_base\";s:0:\"\";s:17:\"xml_base_explicit\";b:0;s:8:\"xml_lang\";s:0:\"\";}}}s:32:\"http://purl.org/dc/elements/1.1/\";a:1:{s:7:\"creator\";a:1:{i:0;a:5:{s:4:\"data\";s:12:\"Naoko Takano\";s:7:\"attribs\";a:0:{}s:8:\"xml_base\";s:0:\"\";s:17:\"xml_base_explicit\";b:0;s:8:\"xml_lang\";s:0:\"\";}}}s:40:\"http://purl.org/rss/1.0/modules/content/\";a:1:{s:7:\"encoded\";a:1:{i:0;a:5:{s:4:\"data\";s:4138:\"\n<p>以下は、<a href=\"https://profiles.wordpress.org/chanthaboune/\">Josepha</a> が書いた WordPress.org 公式ブログの記事「<a href=\"https://wordpress.org/news/2020/03/adderley/\"><a href=\"https://wordpress.org/news/2020/06/equity-and-the-power-of-community/\">Equity and the Power of Community</a></a>」を訳したものです。</p>\n\n\n\n<p>誤字脱字誤訳などありましたら<a href=\"https://ja.wordpress.org/support/forum/alphabeta/\">フォーラムまでお知らせください</a>。</p>\n\n\n\n<hr class=\"wp-block-separator\" />\n\n\n\n<p>この一週間、ジョージ・フロイド (George Floyd)、ブレオナ・テイラー (Breonna Taylor)、アマド・オーブリー (Ahmaud Arbery) についてたくさん考えていました。白人至上主義、世界中で黒人女性や男性が立ち上がっている不当な仕打ち、そして私が知らない、見ていないすべての不平等について考えてきました。</p>\n\n\n\n<p>WordPress のミッションはパブリッシングを民主化することであり、私にとって常にそれは、「自身を表現する自由」という以上の意味を持っています。パブリッシングの民主化とは、声なき人々に声を与え、不公平性に反対する人々の声を増幅させることを意味します。民主的なパブリッシングがなければ知り得なかったことを知ることを意味します。人種、富、権力、機会に関係なく、すべての声が耳を傾けられる可能性を与えられることを意味すると私は思います。WordPress は商業活動へのポータルであり、アイデンティティのキャンバスであり、変化のためのカタリストです。</p>\n\n\n\n<p>オープンソースプロジェクトとしての WordPress には、不公平な司法制度を再構築したり、構造的な不平等を上書きしたりする力はないかもしれません。でもそれは、私たち WordPress コミュニティが無力であることを意味しているわけではありません。WordPress は白人至上主義を根絶することはできませんが、WordPress コミュニティは、<a href=\"https://ja.wikipedia.org/wiki/%E9%81%8E%E5%B0%8F%E8%A9%95%E4%BE%A1%E3%82%B0%E3%83%AB%E3%83%BC%E3%83%97?\">代表者が少ない (= underrepresented) グループ</a>に対してリソースを投資し、公平に雇用することはできます。WordPress は偏見を根絶することはできませんが、WordPress コミュニティは、コミュニティ内の疎外された声のためにスペースを用意することができます。</p>\n\n\n\n<p>闘わなければならない人種的、社会的、制度的な不公平はたくさんあります。時には、変化は不可能に思えるかもしれませんし、今までの動きがあまりにも遅いものだったことは確かです。しかし、WordPress コミュニティは世界を変えることができることを、私は心の中で知っています。</p>\n\n\n\n<p>自分のコミュニティで変化をもたらす方法についてもっと知りたい方のために、皆さんと同じような WordPress コミュニティメンバーから集めたリソースをいくつかここに紹介します。</p>\n\n\n\n<ul><li><a href=\"http://www.socialjusticetoolbox.com/\">Social Justice Toolbox</a></li><li><a href=\"http://antiracismforbeginners.com/\">Anti-racism resource list</a></li><li>An open-source <a href=\"https://guidetoallyship.com/\">Guide to Allyship</a></li><li><a href=\"https://allienimmons.com/how-to-be-a-wordpress-ally/\">How to be a WordPress Ally</a></li><li><a href=\"https://www.highsnobiety.com/p/black-lives-matter-europe/\">Supporting Black Lives Matter in Europe</a></li><li><a href=\"https://feminisminindia.com/2019/06/03/colourism-fairness-india/\">Cost of Colourism in India</a> </li><li><a href=\"https://www.ted.com/talks/verna_myers_how_to_overcome_our_biases_walk_boldly_toward_them?language=en\">Overcoming Biases by Walking Toward Them</a> (TED Talk、日本語字幕あり)</li></ul>\n\n\n\n<p></p>\n\";s:7:\"attribs\";a:0:{}s:8:\"xml_base\";s:0:\"\";s:17:\"xml_base_explicit\";b:0;s:8:\"xml_lang\";s:0:\"\";}}}}}i:6;a:6:{s:4:\"data\";s:60:\"\n		\n		\n		\n		\n		\n				\n		\n		\n\n					\n										\n					\n		\n		\n			\";s:7:\"attribs\";a:0:{}s:8:\"xml_base\";s:0:\"\";s:17:\"xml_base_explicit\";b:0;s:8:\"xml_lang\";s:0:\"\";s:5:\"child\";a:3:{s:0:\"\";a:6:{s:5:\"title\";a:1:{i:0;a:5:{s:4:\"data\";s:15:\"WordPress 5.4.1\";s:7:\"attribs\";a:0:{}s:8:\"xml_base\";s:0:\"\";s:17:\"xml_base_explicit\";b:0;s:8:\"xml_lang\";s:0:\"\";}}s:4:\"link\";a:1:{i:0;a:5:{s:4:\"data\";s:52:\"https://ja.wordpress.org/2020/05/01/wordpress-5-4-1/\";s:7:\"attribs\";a:0:{}s:8:\"xml_base\";s:0:\"\";s:17:\"xml_base_explicit\";b:0;s:8:\"xml_lang\";s:0:\"\";}}s:7:\"pubDate\";a:1:{i:0;a:5:{s:4:\"data\";s:31:\"Fri, 01 May 2020 11:00:30 +0000\";s:7:\"attribs\";a:0:{}s:8:\"xml_base\";s:0:\"\";s:17:\"xml_base_explicit\";b:0;s:8:\"xml_lang\";s:0:\"\";}}s:8:\"category\";a:2:{i:0;a:5:{s:4:\"data\";s:8:\"Releases\";s:7:\"attribs\";a:0:{}s:8:\"xml_base\";s:0:\"\";s:17:\"xml_base_explicit\";b:0;s:8:\"xml_lang\";s:0:\"\";}i:1;a:5:{s:4:\"data\";s:8:\"Security\";s:7:\"attribs\";a:0:{}s:8:\"xml_base\";s:0:\"\";s:17:\"xml_base_explicit\";b:0;s:8:\"xml_lang\";s:0:\"\";}}s:4:\"guid\";a:1:{i:0;a:5:{s:4:\"data\";s:32:\"https://ja.wordpress.org/?p=5857\";s:7:\"attribs\";a:1:{s:0:\"\";a:1:{s:11:\"isPermaLink\";s:5:\"false\";}}s:8:\"xml_base\";s:0:\"\";s:17:\"xml_base_explicit\";b:0;s:8:\"xml_lang\";s:0:\"\";}}s:11:\"description\";a:1:{i:0;a:5:{s:4:\"data\";s:234:\"以下は、Jake Spurlock が書いた WordPress.org 公式ブログの記事「WordPress 5.4.1」を訳したものです。 誤字脱字誤訳などありましたらフォーラムまでお知らせください。 WordPre [&#8230;]\";s:7:\"attribs\";a:0:{}s:8:\"xml_base\";s:0:\"\";s:17:\"xml_base_explicit\";b:0;s:8:\"xml_lang\";s:0:\"\";}}}s:32:\"http://purl.org/dc/elements/1.1/\";a:1:{s:7:\"creator\";a:1:{i:0;a:5:{s:4:\"data\";s:26:\"Seisuke Kuraishi (tenpura)\";s:7:\"attribs\";a:0:{}s:8:\"xml_base\";s:0:\"\";s:17:\"xml_base_explicit\";b:0;s:8:\"xml_lang\";s:0:\"\";}}}s:40:\"http://purl.org/rss/1.0/modules/content/\";a:1:{s:7:\"encoded\";a:1:{i:0;a:5:{s:4:\"data\";s:4821:\"\n<p>以下は、<a href=\"https://profiles.wordpress.org/whyisjake/\">Jake Spurlock</a> が書いた WordPress.org 公式ブログの記事「<a href=\"https://wordpress.org/news/2020/04/wordpress-5-4-1/\">WordPress 5.4.1</a>」を訳したものです。</p>\n\n\n\n<p>誤字脱字誤訳などありましたら<a href=\"https://ja.wordpress.org/support/forum/alphabeta/\">フォーラムまでお知らせください</a>。</p>\n\n\n\n<hr class=\"wp-block-separator\" />\n\n\n\n<p>WordPress 5.4.1 がご利用いただけるようになりました。</p>\n\n\n\n<p>このセキュリティとメンテナンスのリリースには、7つのセキュリティ修正に加え、17の<a href=\"https://core.trac.wordpress.org/query?milestone=5.4.1&amp;group=component&amp;col=id&amp;col=summary&amp;col=milestone&amp;col=owner&amp;col=type&amp;col=status&amp;col=priority&amp;order=priorityhttps://core.trac.wordpress.org/query?milestone=5.4.1&amp;group=component&amp;col=id&amp;col=summary&amp;col=milestone&amp;col=owner&amp;col=type&amp;col=status&amp;col=priority&amp;order=priority\">バグ修正</a>が含まれています。<strong>セキュリティリリース</strong>ですので、すぐにサイトを更新することをお勧めします。WordPress 3.7 以降のすべてのバージョンも更新されています。</p>\n\n\n\n<p>WordPress 5.4.1 は短期サイクルのセキュリティとメンテナンスのリリースです。次のメジャーリリースはバージョン 5.5 となります。</p>\n\n\n\n<p>WordPress 5.4.1 を入手するには WordPress.org からダウンロード、または、「ダッシュボード」→「更新」から「今すぐ更新」をクリックします。</p>\n\n\n\n<p>自動バックグラウンド更新に対応しているサイトであれば、すでに更新プロセスが開始されています。</p>\n\n\n\n<h3>セキュリティ更新</h3>\n\n\n\n<p>7つのセキュリティの問題が WordPress 5.4 とそれ以前のバージョンに影響を与えています。5.4 への更新をまだ行っていない場合、3.7 以降のすべての WordPress バージョンでも以下のセキュリティ問題が修正されています。</p>\n\n\n\n<ul><li>パスワードリセットトークンが適切に無効化されない問題（<a href=\"https://hackerone.com/hijibiji\">Muaz Bin Abdus Sattar</a> と <a href=\"https://hackerone.com/dyennez\">Jannes</a> の個別報告）</li><li>特定のプライベートな投稿が認証されていない状態で閲覧できてしまう問題（<a href=\"https://github.com/ka1n4t\">ka1n4t</a> の報告）</li><li>カスタマイザーの XSS 問題（<a href=\"https://evanricafort.com/\">Evan Ricafort</a> の報告）</li><li>検索ブロックの XSS 問題（WordPress セキュリティチーム Ben Bidner の報告）</li><li><code>wp-object-cache</code> の XSS 問題（<a href=\"https://wpvip.com/\">WordPress VIP</a> / WordPress セキュリティチーム Nick Daugherty の報告）</li><li>ファイルアップロードの XSS 問題（Ronnie Goodrich（<a href=\"https://hackerone.com/kahoots\">Kahoots</a>）と <a href=\"http://pentestusa.com/\">Jason Medeiros</a> の個別報告）</li><li>カスタマイザーに保存された XSS 脆弱性（<a href=\"https://weston.ruter.net/\">Weston Ruter</a> により修正）</li><li>さらに WordPress 5.4 RC1 と RC2 のブロックエディターの認証済み XSS 問題（Nguyen The Duc（<a href=\"https://twitter.com/ducnt_\">ducnt</a>）の報告）が 5.4 RC5 で修正されました。WordPress をより安全にするために行われたすべての作業に対しクレジットと謝意を示したいと思います。</li></ul>\n\n\n\n<p><a href=\"https://make.wordpress.org/core/handbook/testing/reporting-security-vulnerabilities/\">非公開で脆弱性情報を開示</a>してくださった報告者の皆様、ありがとうございました。これにより、セキュリティチームは WordPress サイトが攻撃される前に脆弱性を修正する時間を得ることができました。</p>\n\n\n\n<p>詳細については、Trac で<a href=\"https://core.trac.wordpress.org/query?milestone=5.4.1&amp;group=component&amp;col=id&amp;col=summary&amp;col=milestone&amp;col=owner&amp;col=type&amp;col=status&amp;col=priority&amp;order=priority\">変更点の全リスト</a>を参照するか、<a href=\"https://wordpress.org/support/wordpress-version/version-5-4-1/\">バージョン 5.4.1 の HelpHub ページ</a>を確認してください。</p>\n\n\n\n<p>上記セキュリティ研究者の方々に加え、WordPress 5.4.1 にご協力いただいた皆様、ありがとうございました。</p>\n\n\n\n<p>（訳注: 貢献者一覧は<a href=\"https://wordpress.org/news/2020/04/wordpress-5-4-1/\">元記事</a>を参照してください。）</p>\n\";s:7:\"attribs\";a:0:{}s:8:\"xml_base\";s:0:\"\";s:17:\"xml_base_explicit\";b:0;s:8:\"xml_lang\";s:0:\"\";}}}}}i:7;a:6:{s:4:\"data\";s:58:\"\n		\n		\n		\n		\n		\n				\n		\n\n					\n										\n					\n		\n		\n\n			\";s:7:\"attribs\";a:0:{}s:8:\"xml_base\";s:0:\"\";s:17:\"xml_base_explicit\";b:0;s:8:\"xml_lang\";s:0:\"\";s:5:\"child\";a:3:{s:0:\"\";a:7:{s:5:\"title\";a:1:{i:0;a:5:{s:4:\"data\";s:32:\"WordPress 5.4 “アダレイ”\";s:7:\"attribs\";a:0:{}s:8:\"xml_base\";s:0:\"\";s:17:\"xml_base_explicit\";b:0;s:8:\"xml_lang\";s:0:\"\";}}s:4:\"link\";a:1:{i:0;a:5:{s:4:\"data\";s:45:\"https://ja.wordpress.org/2020/04/01/adderley/\";s:7:\"attribs\";a:0:{}s:8:\"xml_base\";s:0:\"\";s:17:\"xml_base_explicit\";b:0;s:8:\"xml_lang\";s:0:\"\";}}s:7:\"pubDate\";a:1:{i:0;a:5:{s:4:\"data\";s:31:\"Wed, 01 Apr 2020 10:38:46 +0000\";s:7:\"attribs\";a:0:{}s:8:\"xml_base\";s:0:\"\";s:17:\"xml_base_explicit\";b:0;s:8:\"xml_lang\";s:0:\"\";}}s:8:\"category\";a:1:{i:0;a:5:{s:4:\"data\";s:8:\"Releases\";s:7:\"attribs\";a:0:{}s:8:\"xml_base\";s:0:\"\";s:17:\"xml_base_explicit\";b:0;s:8:\"xml_lang\";s:0:\"\";}}s:4:\"guid\";a:1:{i:0;a:5:{s:4:\"data\";s:32:\"https://ja.wordpress.org/?p=5826\";s:7:\"attribs\";a:1:{s:0:\"\";a:1:{s:11:\"isPermaLink\";s:5:\"false\";}}s:8:\"xml_base\";s:0:\"\";s:17:\"xml_base_explicit\";b:0;s:8:\"xml_lang\";s:0:\"\";}}s:11:\"description\";a:1:{i:0;a:5:{s:4:\"data\";s:234:\"以下は、Matt Mullenweg が書いた WordPress.org 公式ブログの記事「WordPress 5.4 “Adderley”」を訳したものです。 誤字脱字誤訳などありましたらフォーラムまでお知らせくださ [&#8230;]\";s:7:\"attribs\";a:0:{}s:8:\"xml_base\";s:0:\"\";s:17:\"xml_base_explicit\";b:0;s:8:\"xml_lang\";s:0:\"\";}}s:9:\"enclosure\";a:1:{i:0;a:5:{s:4:\"data\";s:0:\"\";s:7:\"attribs\";a:1:{s:0:\"\";a:3:{s:3:\"url\";s:54:\"https://wordpress.org/news/files/2020/03/textcolor.mp4\";s:6:\"length\";s:6:\"440616\";s:4:\"type\";s:9:\"video/mp4\";}}s:8:\"xml_base\";s:0:\"\";s:17:\"xml_base_explicit\";b:0;s:8:\"xml_lang\";s:0:\"\";}}}s:32:\"http://purl.org/dc/elements/1.1/\";a:1:{s:7:\"creator\";a:1:{i:0;a:5:{s:4:\"data\";s:26:\"Seisuke Kuraishi (tenpura)\";s:7:\"attribs\";a:0:{}s:8:\"xml_base\";s:0:\"\";s:17:\"xml_base_explicit\";b:0;s:8:\"xml_lang\";s:0:\"\";}}}s:40:\"http://purl.org/rss/1.0/modules/content/\";a:1:{s:7:\"encoded\";a:1:{i:0;a:5:{s:4:\"data\";s:10439:\"\n<p>以下は、<a href=\"https://profiles.wordpress.org/matt/\">Matt Mullenweg</a> が書いた WordPress.org 公式ブログの記事「<a href=\"https://wordpress.org/news/2020/03/adderley/\">WordPress 5.4 “Adderley”</a>」を訳したものです。</p>\n\n\n\n<p>誤字脱字誤訳などありましたら<a href=\"https://ja.wordpress.org/support/forum/alphabeta/\">フォーラムまでお知らせください</a>。</p>\n\n\n\n<hr class=\"wp-block-separator\" />\n\n\n\n<p>お待たせしました！ナット・アダレイにちなんで「アダレイ」と名付けられた最新で最高なバージョンの WordPress を<a href=\"https://ja.wordpress.org/download/\">ダウンロード</a>、または、ダッシュボードから更新いただけます。</p>\n\n\n\n<figure class=\"wp-block-image size-large\"><img src=\"https://i0.wp.com/wordpress.org/news/files/2020/03/5-4_album-cover.png?resize=768%2C768&amp;ssl=1\" alt=\"\" /></figure>\n\n\n\n<div class=\"wp-block-cover has-background-dim\" style=\"background-color:#0400e0\"><div class=\"wp-block-cover__inner-container\">\n<p style=\"font-size:32px\" class=\"has-text-align-center\"><strong>Hello, さらなる機能と向上</strong></p>\n\n\n\n<p class=\"has-text-align-center\">ページを生き生きと見せる方法が増えました。より簡単な方法で、いまだかつてなく美しく、感じるスピードも向上します。</p>\n</div></div>\n\n\n\n<div style=\"height:20px\" aria-hidden=\"true\" class=\"wp-block-spacer\"></div>\n\n\n\n<h2><strong>WordPress 5.4 へようこそ</strong></h2>\n\n\n\n<p style=\"font-size:15px\"><strong>メジャーリリースのたびにブロックエディターにさらに機能を追加。</strong></p>\n\n\n\n<p>最高の画像で、投稿やページをさらに活かす方法。 人気の Web サービスからのリッチな埋め込みメディアにより、さまざまな方法で訪問者を引き寄せ、サイトのファンにします。</p>\n\n\n\n<p>ビジョンを実現し、完璧な場所にブロックを配置するより多くの方法 — ある種類のブロックを使うのが初めてでも。さらに効率的なプロセス。</p>\n\n\n\n<p>そしてあらゆる場面でより速く。セクションやギャラリーを作成したり、文章をただ入力するだけでも作業レスポンスの向上を体感するでしょう。</p>\n\n\n\n<div style=\"height:20px\" aria-hidden=\"true\" class=\"wp-block-spacer\"></div>\n\n\n\n<figure class=\"wp-block-image size-large\"><img src=\"https://i1.wp.com/wordpress.org/news/files/2020/03/Squares.jpg?resize=768%2C384&amp;ssl=1\" alt=\"\" /></figure>\n\n\n\n<h3>2つの新しいブロック。そしてあらゆるブロックの改善。</h3>\n\n\n\n<ul><li>2つの新ブロック「ソーシャルアイコン」と「(複数追加可能な) ボタン」を使って、早く、簡単に、インタラクティブな機能を追加できます。</li><li>色の新しい使い方。ボタンブロックとカバーブロックのグラデーション、リッチテキストブロックで初の色設定へのツールバーアクセス、グループおよびカラムブロックでの色設定。</li><li>分かりづらい操作が減りました。バージョン5.4では、マルチメディアの配置や置換のプロセス全体を各ブロックで効率化。ほぼすべてのブロックで同じように動作します。</li><li>「メディア」と「テキスト」ブロック内の画像を何か他のもの (例えばパンフレットの画像) にリンクして、そのパンフレットをドキュメントとしてダウンロードできたらいいのに、と思ったことはありませんか ? これができるようになりました。</li></ul>\n\n\n\n<figure class=\"wp-block-video\"><video controls src=\"https://wordpress.org/news/files/2020/03/textcolor.mp4\"></video></figure>\n\n\n\n<div style=\"height:20px\" aria-hidden=\"true\" class=\"wp-block-spacer\"></div>\n\n\n\n<h3>クリーンな UI、明快なナビゲーション—簡単なタブ移動 !</h3>\n\n\n\n<ul><li>ブロックパンくずリストによる明快なブロックナビゲーション。そして一度いた場所へ簡単に戻れます。</li><li>キーボード操作が必要な場合のタブ移動とフォーカスを改善。加えて、ほぼすべてのブロックでのタブキーを使ったサイドバーへの移動。</li><li>エディターの読み込みが14％、入力にかかる時間が51％速くなりました！</li><li>「ヒント」はなくなりました。代わりに、必要に応じて「ウェルカムガイド」を表示できます。必要な場合のみに、何度でもです。</li><li>ブロックの「編集」モードにいるのか「移動」モードにいるのかが一瞬でわかります。視覚的に難しい場合も、スクリーンリーダーがモードを知らせます。</li></ul>\n\n\n\n<p style=\"background-color:#f8f8f9\" class=\"has-background\">ブロックエディターの最新のツールや機能を使用したければ <a href=\"https://ja.wordpress.org/plugins/gutenberg/\">Gutenberg プラグイン</a>をインストールしてください。まだ誰も使っていない新しくエキサイティングな機能を試すことができます。</p>\n\n\n\n<div style=\"height:20px\" aria-hidden=\"true\" class=\"wp-block-spacer\"></div>\n\n\n\n<figure class=\"wp-block-image size-large\"><img src=\"https://i0.wp.com/wordpress.org/news/files/2020/03/Rectangles-and-circles.jpg?resize=768%2C384&amp;ssl=1\" alt=\"\" /></figure>\n\n\n\n<h3>基本的な権利: プライバシー</h3>\n\n\n\n<p>5.4 は世界中のさまざまなプライバシー問題の解決を支援します。ユーザーや関係者がコンプライアンス遵守を求めてきたり、チームでのユーザーデータの取り扱いに悩む場合も、より簡単に正しい答えを導きます。</p>\n\n\n\n<p>詳細:</p>\n\n\n\n<ul><li>個人データのエクスポートに、ユーザーセッション情報と、コミュニティイベントウィジェットからのユーザーの位置データが含まれるようになりました。また、目次も追加しました。</li><li>プライバシーツールを使用してエクスポートおよび消去のリクエストを処理する際の進捗を確認してください。</li><li>さらに、プライバシーツール全体に細かな拡張を加えて見た感じをかなりスッキリさせました。</li></ul>\n\n\n\n<div style=\"height:20px\" aria-hidden=\"true\" class=\"wp-block-spacer\"></div>\n\n\n\n<figure class=\"wp-block-image size-large\"><img src=\"https://i1.wp.com/wordpress.org/news/files/2020/03/Mixed.jpg?resize=768%2C384&amp;ssl=1\" alt=\"\" /></figure>\n\n\n\n<h2>開発者向け情報</h2>\n\n\n\n<h3>メニュー項目へのカスタムフィールド追加をネイティブサポート</h3>\n\n\n\n<p>新しい2つのアクションにより、メニュー項目にカスタムフィールドを追加できます—プラグインもカスタムウォーカーを書く必要もありません。</p>\n\n\n\n<p>メニュー管理画面では、メニューエディターのナビゲーションメニュー項目移動ボタンの直前で <code>wp_nav_menu_item_custom_fields</code> が発火します。</p>\n\n\n\n<p>カスタマイザー内では、メニュー項目フォームフィールドテンプレートの最後で <code>wp_nav_menu_item_custom_fields_customize_template</code> が発火します。</p>\n\n\n\n<p>コードを確認し、この新しいアクションで置換できるカスタムコードを見つけてください。重複が嫌なら WordPress のバージョンチェックを追加してください。</p>\n\n\n\n<h3>ブロック: よりシンプルなスタイル、新しい API と埋め込み</h3>\n\n\n\n<ul><li>ブロックのスタイリングが徹底的に簡単になりました。マイナス値のマージンやデフォルトのパディングはなくなりました。必要に応じて、ブロックに自由にスタイルを当てられます。さらにリファクタリングにより、4段階の冗長なラッパー div を取り除きました。</li><li>プラグインを作成すると、カテゴリーの名前空間ごとにブロックのコレクションを登録できるようになりました。これにより、ブランドの認知度を高めることができます。</li><li>ブロックバリエーションとグラデーションの2つの新しい API を使用して、ユーザーがさらに多くのことを行えるようにしましょう。</li><li>埋め込みでは、ブロックエディターが TikTok をサポートするようになり、CollegeHumor はなくなりました。</li></ul>\n\n\n\n<p style=\"background-color:#f8f8f9\" class=\"has-background\">開発者が気に入る変更点が WordPress 5.4 にはまだ沢山あります。サイトやテーマ、プラグインなどでこれらの変更をさらに発見する方法を学ぶには、 <a href=\"https://make.wordpress.org/core/2020/03/03/wordpress-5-4-field-guide/\">WordPress 5.4 フィールドガイド</a>を確認してください。</p>\n\n\n\n<div style=\"height:20px\" aria-hidden=\"true\" class=\"wp-block-spacer\"></div>\n\n\n\n<h2>The Squad</h2>\n\n\n\n<p>（訳注: このセクションの内容は<a href=\"https://wordpress.org/news/2020/03/adderley/\">元記事</a>を参照してください）</p>\n\n\n\n<div style=\"height:20px\" aria-hidden=\"true\" class=\"wp-block-spacer\"></div>\n\n\n\n<p><a href=\"https://ja.wordpress.org/support/\">サポートフォーラム</a>に貢献されているコミュニティボランティアの皆さんに感謝します。彼らは WordPress を初めて使う人であれ、最初のリリースから使っている人であれ、世界中の人々からの質問に答えてくれています。リリースは、その努力のおかげで成功をおさめています。</p>\n\n\n\n<p>最後に、WordPress 5.4 に取り組んでくれたコミュニティ翻訳者の皆さんに感謝します。彼らの努力により、リリース時に WordPress は、46言語に完全翻訳され、さらに多くの言語に翻訳されるでしょう。</p>\n\n\n\n<p>WordPress のボランティア活動について詳しく知りたい方は、<a href=\"https://make.wordpress.org/\">Make WordPress</a> や<a href=\"https://make.wordpress.org/core/\">コア開発ブログ</a>をチェックしてみてください。</p>\n\";s:7:\"attribs\";a:0:{}s:8:\"xml_base\";s:0:\"\";s:17:\"xml_base_explicit\";b:0;s:8:\"xml_lang\";s:0:\"\";}}}}}i:8;a:6:{s:4:\"data\";s:60:\"\n		\n		\n		\n		\n		\n				\n		\n		\n\n					\n										\n					\n		\n		\n			\";s:7:\"attribs\";a:0:{}s:8:\"xml_base\";s:0:\"\";s:17:\"xml_base_explicit\";b:0;s:8:\"xml_lang\";s:0:\"\";s:5:\"child\";a:3:{s:0:\"\";a:6:{s:5:\"title\";a:1:{i:0;a:5:{s:4:\"data\";s:17:\"WordPress 5.4 RC5\";s:7:\"attribs\";a:0:{}s:8:\"xml_base\";s:0:\"\";s:17:\"xml_base_explicit\";b:0;s:8:\"xml_lang\";s:0:\"\";}}s:4:\"link\";a:1:{i:0;a:5:{s:4:\"data\";s:54:\"https://ja.wordpress.org/2020/03/29/wordpress-5-4-rc5/\";s:7:\"attribs\";a:0:{}s:8:\"xml_base\";s:0:\"\";s:17:\"xml_base_explicit\";b:0;s:8:\"xml_lang\";s:0:\"\";}}s:7:\"pubDate\";a:1:{i:0;a:5:{s:4:\"data\";s:31:\"Sun, 29 Mar 2020 12:45:48 +0000\";s:7:\"attribs\";a:0:{}s:8:\"xml_base\";s:0:\"\";s:17:\"xml_base_explicit\";b:0;s:8:\"xml_lang\";s:0:\"\";}}s:8:\"category\";a:2:{i:0;a:5:{s:4:\"data\";s:11:\"Development\";s:7:\"attribs\";a:0:{}s:8:\"xml_base\";s:0:\"\";s:17:\"xml_base_explicit\";b:0;s:8:\"xml_lang\";s:0:\"\";}i:1;a:5:{s:4:\"data\";s:8:\"Releases\";s:7:\"attribs\";a:0:{}s:8:\"xml_base\";s:0:\"\";s:17:\"xml_base_explicit\";b:0;s:8:\"xml_lang\";s:0:\"\";}}s:4:\"guid\";a:1:{i:0;a:5:{s:4:\"data\";s:32:\"https://ja.wordpress.org/?p=5824\";s:7:\"attribs\";a:1:{s:0:\"\";a:1:{s:11:\"isPermaLink\";s:5:\"false\";}}s:8:\"xml_base\";s:0:\"\";s:17:\"xml_base_explicit\";b:0;s:8:\"xml_lang\";s:0:\"\";}}s:11:\"description\";a:1:{i:0;a:5:{s:4:\"data\";s:234:\"以下は、David Baumwald が書いた WordPress.org 公式ブログの記事「WordPress 5.4 RC5」を訳したものです。 誤字脱字誤訳などありましたらフォーラムまでお知らせください。 Word [&#8230;]\";s:7:\"attribs\";a:0:{}s:8:\"xml_base\";s:0:\"\";s:17:\"xml_base_explicit\";b:0;s:8:\"xml_lang\";s:0:\"\";}}}s:32:\"http://purl.org/dc/elements/1.1/\";a:1:{s:7:\"creator\";a:1:{i:0;a:5:{s:4:\"data\";s:26:\"Seisuke Kuraishi (tenpura)\";s:7:\"attribs\";a:0:{}s:8:\"xml_base\";s:0:\"\";s:17:\"xml_base_explicit\";b:0;s:8:\"xml_lang\";s:0:\"\";}}}s:40:\"http://purl.org/rss/1.0/modules/content/\";a:1:{s:7:\"encoded\";a:1:{i:0;a:5:{s:4:\"data\";s:2889:\"<p>以下は、<a href=\"https://profiles.wordpress.org/davidbaumwald/\">David Baumwald</a> が書いた WordPress.org 公式ブログの記事「<a href=\"https://wordpress.org/news/2020/03/wordpress-5-4-rc5/\">WordPress 5.4 RC5</a>」を訳したものです。</p>\n<p>誤字脱字誤訳などありましたら<a href=\"https://ja.wordpress.org/support/forum/alphabeta/\">フォーラムまでお知らせください</a>。</p>\n<hr>\n<p>WordPress 5.4 の5つ目のリリース候補がご利用いただけるようになりました。</p>\n<p>WordPress 5.4 は、<strong><a href=\"https://make.wordpress.org/core/5-4/\">2020年3月31日</a></strong>に公開が予定されていますが、そのためには皆様からの助けが必要です。まだ 5.4 を試していないなら今がその時です！</p>\n<p>WordPress 5.4 リリース候補は、次の2通りの方法でテストすることができます。</p>\n<ul>\n<li><a href=\"https://wordpress.org/plugins/wordpress-beta-tester/\">WordPress Beta Tester</a> プラグインを使う（「最新版ナイトリービルド」を選択）。</li>\n<li><a href=\"https://wordpress.org/wordpress-5.4-RC5.zip\">リリース候補の zip ファイルをダウンロード</a>する。</li>\n</ul>\n<p>WordPress 5.4 の詳細については、<a href=\"https://wordpress.org/news/2020/03/wordpress-5-4-release-candidate/\">最初のリリース候補の投稿</a>を参照してください。</p>\n<h2>プラグイン・テーマ開発者の方へ</h2>\n<p>WordPress 5.4 でプラグインやテーマのテストを行い、readme の <em>Tested up to</em> バージョンを 5.4 に更新してください。テストで優先すべきは互換性です。もしも問題を見つけた場合は、最終リリース前に解決できるよう必ず<a href=\"https://wordpress.org/support/forum/alphabeta/\">サポートフォーラム</a>に投稿してください。</p>\n<p><a href=\"https://make.wordpress.org/core/2020/03/03/wordpress-5-4-field-guide/\">WordPress 5.4 フィールドガイド</a>が公開されています！主要変更点の詳細についてはこちらを参照してください。</p>\n<h2>リリースに協力する</h2>\n<p>英語以外の言語が話せますか？ <a href=\"https://translate.wordpress.org/projects/wp/dev\">WordPress の100言語を超す翻訳にご協力ください</a>！</p>\n<p><strong>バグを見つけた場合</strong>は、サポートフォーラムの<a href=\"https://wordpress.org/support/forum/alphabeta\">アルファ・ベータエリア</a>に投稿してください。情報をお待ちしています！再現可能なバグのレポートが書ける方は <a href=\"https://make.wordpress.org/core/reports/\">WordPress Trac に報告</a>してください。こちらでは<a href=\"https://core.trac.wordpress.org/tickets/major\">既知のバグ</a>を確認できます。</p>\n\";s:7:\"attribs\";a:0:{}s:8:\"xml_base\";s:0:\"\";s:17:\"xml_base_explicit\";b:0;s:8:\"xml_lang\";s:0:\"\";}}}}}i:9;a:6:{s:4:\"data\";s:60:\"\n		\n		\n		\n		\n		\n				\n		\n		\n\n					\n										\n					\n		\n		\n			\";s:7:\"attribs\";a:0:{}s:8:\"xml_base\";s:0:\"\";s:17:\"xml_base_explicit\";b:0;s:8:\"xml_lang\";s:0:\"\";s:5:\"child\";a:3:{s:0:\"\";a:6:{s:5:\"title\";a:1:{i:0;a:5:{s:4:\"data\";s:17:\"WordPress 5.4 RC4\";s:7:\"attribs\";a:0:{}s:8:\"xml_base\";s:0:\"\";s:17:\"xml_base_explicit\";b:0;s:8:\"xml_lang\";s:0:\"\";}}s:4:\"link\";a:1:{i:0;a:5:{s:4:\"data\";s:54:\"https://ja.wordpress.org/2020/03/25/wordpress-5-4-rc4/\";s:7:\"attribs\";a:0:{}s:8:\"xml_base\";s:0:\"\";s:17:\"xml_base_explicit\";b:0;s:8:\"xml_lang\";s:0:\"\";}}s:7:\"pubDate\";a:1:{i:0;a:5:{s:4:\"data\";s:31:\"Wed, 25 Mar 2020 12:56:54 +0000\";s:7:\"attribs\";a:0:{}s:8:\"xml_base\";s:0:\"\";s:17:\"xml_base_explicit\";b:0;s:8:\"xml_lang\";s:0:\"\";}}s:8:\"category\";a:2:{i:0;a:5:{s:4:\"data\";s:11:\"Development\";s:7:\"attribs\";a:0:{}s:8:\"xml_base\";s:0:\"\";s:17:\"xml_base_explicit\";b:0;s:8:\"xml_lang\";s:0:\"\";}i:1;a:5:{s:4:\"data\";s:8:\"Releases\";s:7:\"attribs\";a:0:{}s:8:\"xml_base\";s:0:\"\";s:17:\"xml_base_explicit\";b:0;s:8:\"xml_lang\";s:0:\"\";}}s:4:\"guid\";a:1:{i:0;a:5:{s:4:\"data\";s:32:\"https://ja.wordpress.org/?p=5821\";s:7:\"attribs\";a:1:{s:0:\"\";a:1:{s:11:\"isPermaLink\";s:5:\"false\";}}s:8:\"xml_base\";s:0:\"\";s:17:\"xml_base_explicit\";b:0;s:8:\"xml_lang\";s:0:\"\";}}s:11:\"description\";a:1:{i:0;a:5:{s:4:\"data\";s:234:\"以下は、Francesca Marano が書いた WordPress.org 公式ブログの記事「WordPress 5.4 RC4」を訳したものです。 誤字脱字誤訳などありましたらフォーラムまでお知らせください。 Wo [&#8230;]\";s:7:\"attribs\";a:0:{}s:8:\"xml_base\";s:0:\"\";s:17:\"xml_base_explicit\";b:0;s:8:\"xml_lang\";s:0:\"\";}}}s:32:\"http://purl.org/dc/elements/1.1/\";a:1:{s:7:\"creator\";a:1:{i:0;a:5:{s:4:\"data\";s:26:\"Seisuke Kuraishi (tenpura)\";s:7:\"attribs\";a:0:{}s:8:\"xml_base\";s:0:\"\";s:17:\"xml_base_explicit\";b:0;s:8:\"xml_lang\";s:0:\"\";}}}s:40:\"http://purl.org/rss/1.0/modules/content/\";a:1:{s:7:\"encoded\";a:1:{i:0;a:5:{s:4:\"data\";s:3149:\"<p>以下は、<a href=\"https://profiles.wordpress.org/francina/\">Francesca Marano</a> が書いた WordPress.org 公式ブログの記事「<a href=\"https://wordpress.org/news/2020/03/wordpress-5-4-rc4/\">WordPress 5.4 RC4</a>」を訳したものです。</p>\n<p>誤字脱字誤訳などありましたら<a href=\"https://ja.wordpress.org/support/forum/alphabeta/\">フォーラムまでお知らせください</a>。</p>\n<hr>\n<p>WordPress 5.4 の4つ目のリリース候補がご利用いただけるようになりました。</p>\n<p>WordPress 5.4 は、<strong><a href=\"https://make.wordpress.org/core/5-4/\">2020年3月31日</a></strong>に公開が予定されていますが、そのためには皆様からの助けが必要です。まだ 5.4 を試していないなら今がその時です！</p>\n<p>WordPress 5.4 リリース候補は、次の2通りの方法でテストすることができます。</p>\n<ul>\n<li><a href=\"https://wordpress.org/plugins/wordpress-beta-tester/\">WordPress Beta Tester</a> プラグインを使う（「最新版ナイトリービルド」を選択）。</li>\n<li><a href=\"https://wordpress.org/wordpress-5.4-RC4.zip\">リリース候補の zip ファイルをダウンロード</a>する。</li>\n</ul>\n<p>WordPress 5.4 の詳細については、<a href=\"https://wordpress.org/news/2020/03/wordpress-5-4-release-candidate/\">最初のリリース候補の投稿</a>を参照してください。</p>\n<p>RC4 では、新しい<a href=\"https://core.trac.wordpress.org/ticket/49295\">「WordPress について」ページ</a>をコミットし、<a href=\"https://core.trac.wordpress.org/ticket/49688\">エディターパッケージを更新</a>しています。</p>\n<h2>プラグイン・テーマ開発者の方へ</h2>\n<p>WordPress 5.4 でプラグインやテーマのテストを行い、readme の <em>Tested up to</em> バージョンを 5.4 に更新してください。テストで優先すべきは互換性です。もしも問題を見つけた場合は、最終リリース前に解決できるよう必ず<a href=\"https://wordpress.org/support/forum/alphabeta/\">サポートフォーラム</a>に投稿してください。</p>\n<p><a href=\"https://make.wordpress.org/core/2020/03/03/wordpress-5-4-field-guide/\">WordPress 5.4 フィールドガイド</a>が公開されています！主要変更点の詳細についてはこちらを参照してください。</p>\n<h2>リリースに協力する</h2>\n<p>英語以外の言語が話せますか？ <a href=\"https://translate.wordpress.org/projects/wp/dev\">WordPress の100言語を超す翻訳にご協力ください</a>！</p>\n<p><strong>バグを見つけた場合</strong>は、サポートフォーラムの<a href=\"https://wordpress.org/support/forum/alphabeta\">アルファ・ベータエリア</a>に投稿してください。情報をお待ちしています！再現可能なバグのレポートが書ける方は <a href=\"https://make.wordpress.org/core/reports/\">WordPress Trac に報告</a>してください。こちらでは<a href=\"https://core.trac.wordpress.org/tickets/major\">既知のバグ</a>を確認できます。</p>\n\";s:7:\"attribs\";a:0:{}s:8:\"xml_base\";s:0:\"\";s:17:\"xml_base_explicit\";b:0;s:8:\"xml_lang\";s:0:\"\";}}}}}}}s:27:\"http://www.w3.org/2005/Atom\";a:1:{s:4:\"link\";a:1:{i:0;a:5:{s:4:\"data\";s:0:\"\";s:7:\"attribs\";a:1:{s:0:\"\";a:3:{s:4:\"href\";s:35:\"https://ja.wordpress.org/news/feed/\";s:3:\"rel\";s:4:\"self\";s:4:\"type\";s:19:\"application/rss+xml\";}}s:8:\"xml_base\";s:0:\"\";s:17:\"xml_base_explicit\";b:0;s:8:\"xml_lang\";s:0:\"\";}}}s:44:\"http://purl.org/rss/1.0/modules/syndication/\";a:2:{s:12:\"updatePeriod\";a:1:{i:0;a:5:{s:4:\"data\";s:9:\"\n	hourly	\";s:7:\"attribs\";a:0:{}s:8:\"xml_base\";s:0:\"\";s:17:\"xml_base_explicit\";b:0;s:8:\"xml_lang\";s:0:\"\";}}s:15:\"updateFrequency\";a:1:{i:0;a:5:{s:4:\"data\";s:4:\"\n	1	\";s:7:\"attribs\";a:0:{}s:8:\"xml_base\";s:0:\"\";s:17:\"xml_base_explicit\";b:0;s:8:\"xml_lang\";s:0:\"\";}}}}}}}}}}}}s:4:\"type\";i:128;s:7:\"headers\";O:42:\"Requests_Utility_CaseInsensitiveDictionary\":1:{s:7:\"\0*\0data\";a:8:{s:6:\"server\";s:5:\"nginx\";s:4:\"date\";s:29:\"Sun, 09 Aug 2020 12:59:51 GMT\";s:12:\"content-type\";s:34:\"application/rss+xml; charset=UTF-8\";s:6:\"x-olaf\";s:3:\"⛄\";s:13:\"last-modified\";s:29:\"Mon, 15 Jun 2020 00:12:19 GMT\";s:4:\"link\";s:61:\"<https://ja.wordpress.org/wp-json/>; rel=\"https://api.w.org/\"\";s:15:\"x-frame-options\";s:10:\"SAMEORIGIN\";s:4:\"x-nc\";s:9:\"HIT ord 1\";}}s:5:\"build\";s:14:\"20130911040210\";}', 'no');
INSERT INTO `balloptions` (`option_id`, `option_name`, `option_value`, `autoload`) VALUES
(325, '_transient_timeout_feed_mod_992efac292246ae35bf235a03417a202', '1597021192', 'no'),
(326, '_transient_feed_mod_992efac292246ae35bf235a03417a202', '1596977992', 'no'),
(327, '_transient_timeout_feed_6f409681938158427d2ded6eb1b9ea27', '1597021192', 'no'),
(328, '_transient_feed_6f409681938158427d2ded6eb1b9ea27', 'a:4:{s:5:\"child\";a:1:{s:0:\"\";a:1:{s:3:\"rss\";a:1:{i:0;a:6:{s:4:\"data\";s:5:\"\n\n	\n	\";s:7:\"attribs\";a:1:{s:0:\"\";a:1:{s:7:\"version\";s:3:\"2.0\";}}s:8:\"xml_base\";s:0:\"\";s:17:\"xml_base_explicit\";b:0;s:8:\"xml_lang\";s:0:\"\";s:5:\"child\";a:1:{s:0:\"\";a:1:{s:7:\"channel\";a:1:{i:0;a:6:{s:4:\"data\";s:141:\"\n\n		\n		\n		\n				\n		\n		\n\n		\n		\n					\n				\n\n			\n				\n\n			\n				\n\n			\n				\n\n			\n				\n\n			\n				\n\n			\n				\n\n			\n				\n\n			\n				\n\n			\n				\n\n					\n		\n	\";s:7:\"attribs\";a:0:{}s:8:\"xml_base\";s:0:\"\";s:17:\"xml_base_explicit\";b:0;s:8:\"xml_lang\";s:0:\"\";s:5:\"child\";a:2:{s:0:\"\";a:7:{s:5:\"title\";a:1:{i:0;a:5:{s:4:\"data\";s:55:\"WordPress | サポートフォーラム » 返信一覧\";s:7:\"attribs\";a:0:{}s:8:\"xml_base\";s:0:\"\";s:17:\"xml_base_explicit\";b:0;s:8:\"xml_lang\";s:0:\"\";}}s:4:\"link\";a:1:{i:0;a:5:{s:4:\"data\";s:44:\"https://ja.wordpress.org/support/forums/feed\";s:7:\"attribs\";a:0:{}s:8:\"xml_base\";s:0:\"\";s:17:\"xml_base_explicit\";b:0;s:8:\"xml_lang\";s:0:\"\";}}s:11:\"description\";a:1:{i:0;a:5:{s:4:\"data\";s:0:\"\";s:7:\"attribs\";a:0:{}s:8:\"xml_base\";s:0:\"\";s:17:\"xml_base_explicit\";b:0;s:8:\"xml_lang\";s:0:\"\";}}s:13:\"lastBuildDate\";a:1:{i:0;a:5:{s:4:\"data\";s:31:\"Sun, 09 Aug 2020 12:59:34 +0000\";s:7:\"attribs\";a:0:{}s:8:\"xml_base\";s:0:\"\";s:17:\"xml_base_explicit\";b:0;s:8:\"xml_lang\";s:0:\"\";}}s:9:\"generator\";a:1:{i:0;a:5:{s:4:\"data\";s:36:\"https://bbpress.org/?v=2.7.0-alpha-1\";s:7:\"attribs\";a:0:{}s:8:\"xml_base\";s:0:\"\";s:17:\"xml_base_explicit\";b:0;s:8:\"xml_lang\";s:0:\"\";}}s:8:\"language\";a:1:{i:0;a:5:{s:4:\"data\";s:2:\"ja\";s:7:\"attribs\";a:0:{}s:8:\"xml_base\";s:0:\"\";s:17:\"xml_base_explicit\";b:0;s:8:\"xml_lang\";s:0:\"\";}}s:4:\"item\";a:10:{i:0;a:6:{s:4:\"data\";s:55:\"\n					\n					\n					\n					\n					\n\n					\n\n					\n					\n				\";s:7:\"attribs\";a:0:{}s:8:\"xml_base\";s:0:\"\";s:17:\"xml_base_explicit\";b:0;s:8:\"xml_lang\";s:0:\"\";s:5:\"child\";a:2:{s:0:\"\";a:5:{s:4:\"guid\";a:1:{i:0;a:5:{s:4:\"data\";s:180:\"https://ja.wordpress.org/support/topic/%e3%82%b5%e3%82%a4%e3%83%88%e3%83%98%e3%83%ab%e3%82%b9%e3%81%ab%e8%ad%a6%e5%91%8a%e3%81%8c%e5%87%ba%e3%81%a6%e3%81%84%e3%82%8b/#post-11665865\";s:7:\"attribs\";a:0:{}s:8:\"xml_base\";s:0:\"\";s:17:\"xml_base_explicit\";b:0;s:8:\"xml_lang\";s:0:\"\";}}s:5:\"title\";a:1:{i:0;a:5:{s:4:\"data\";s:53:\"返信先: サイトヘルスに警告が出ている\";s:7:\"attribs\";a:0:{}s:8:\"xml_base\";s:0:\"\";s:17:\"xml_base_explicit\";b:0;s:8:\"xml_lang\";s:0:\"\";}}s:4:\"link\";a:1:{i:0;a:5:{s:4:\"data\";s:180:\"https://ja.wordpress.org/support/topic/%e3%82%b5%e3%82%a4%e3%83%88%e3%83%98%e3%83%ab%e3%82%b9%e3%81%ab%e8%ad%a6%e5%91%8a%e3%81%8c%e5%87%ba%e3%81%a6%e3%81%84%e3%82%8b/#post-11665865\";s:7:\"attribs\";a:0:{}s:8:\"xml_base\";s:0:\"\";s:17:\"xml_base_explicit\";b:0;s:8:\"xml_lang\";s:0:\"\";}}s:7:\"pubDate\";a:1:{i:0;a:5:{s:4:\"data\";s:31:\"Sun, 09 Aug 2020 08:05:31 +0000\";s:7:\"attribs\";a:0:{}s:8:\"xml_base\";s:0:\"\";s:17:\"xml_base_explicit\";b:0;s:8:\"xml_lang\";s:0:\"\";}}s:11:\"description\";a:1:{i:0;a:5:{s:4:\"data\";s:153:\"\n						\n						<p>何故か、この警告が消えました。<br />\n現在は、phpinfo の中に、imagick が存在しています。</p>\n						\n					\";s:7:\"attribs\";a:0:{}s:8:\"xml_base\";s:0:\"\";s:17:\"xml_base_explicit\";b:0;s:8:\"xml_lang\";s:0:\"\";}}}s:32:\"http://purl.org/dc/elements/1.1/\";a:1:{s:7:\"creator\";a:1:{i:0;a:5:{s:4:\"data\";s:10:\"jazzwalker\";s:7:\"attribs\";a:0:{}s:8:\"xml_base\";s:0:\"\";s:17:\"xml_base_explicit\";b:0;s:8:\"xml_lang\";s:0:\"\";}}}}}i:1;a:6:{s:4:\"data\";s:55:\"\n					\n					\n					\n					\n					\n\n					\n\n					\n					\n				\";s:7:\"attribs\";a:0:{}s:8:\"xml_base\";s:0:\"\";s:17:\"xml_base_explicit\";b:0;s:8:\"xml_lang\";s:0:\"\";s:5:\"child\";a:2:{s:0:\"\";a:5:{s:4:\"guid\";a:1:{i:0;a:5:{s:4:\"data\";s:144:\"https://ja.wordpress.org/support/topic/%e3%83%ad%e3%82%b0%e3%82%a4%e3%83%b3%e6%96%b9%e6%b3%95%e3%82%92%e6%95%99%e3%81%88%e3%81%a6/#post-11665864\";s:7:\"attribs\";a:0:{}s:8:\"xml_base\";s:0:\"\";s:17:\"xml_base_explicit\";b:0;s:8:\"xml_lang\";s:0:\"\";}}s:5:\"title\";a:1:{i:0;a:5:{s:4:\"data\";s:30:\"ログイン方法を教えて\";s:7:\"attribs\";a:0:{}s:8:\"xml_base\";s:0:\"\";s:17:\"xml_base_explicit\";b:0;s:8:\"xml_lang\";s:0:\"\";}}s:4:\"link\";a:1:{i:0;a:5:{s:4:\"data\";s:144:\"https://ja.wordpress.org/support/topic/%e3%83%ad%e3%82%b0%e3%82%a4%e3%83%b3%e6%96%b9%e6%b3%95%e3%82%92%e6%95%99%e3%81%88%e3%81%a6/#post-11665864\";s:7:\"attribs\";a:0:{}s:8:\"xml_base\";s:0:\"\";s:17:\"xml_base_explicit\";b:0;s:8:\"xml_lang\";s:0:\"\";}}s:7:\"pubDate\";a:1:{i:0;a:5:{s:4:\"data\";s:31:\"Sun, 09 Aug 2020 03:57:03 +0000\";s:7:\"attribs\";a:0:{}s:8:\"xml_base\";s:0:\"\";s:17:\"xml_base_explicit\";b:0;s:8:\"xml_lang\";s:0:\"\";}}s:11:\"description\";a:1:{i:0;a:5:{s:4:\"data\";s:674:\"\n						\n						<p>WordPressを使って、ブログを始めようとしている初心者です。<br />\nConohawingサーバーから、Cocoonテーマで、WordPressをインストールして、固定ページ、投稿ページの作成を始めたのですが、3日後位に再度.wordprss.orgからログインしようとユーザー名、パスワードを入力するのですが、ログインできません。<br />\nWordpressサポートにログインするため、これまでとは違うユーザー名、パスワードを設定しました。<br />\n以前作成途中の、WordPress cocoonにログインする方法を教えてほしい。</p>\n						\n					\";s:7:\"attribs\";a:0:{}s:8:\"xml_base\";s:0:\"\";s:17:\"xml_base_explicit\";b:0;s:8:\"xml_lang\";s:0:\"\";}}}s:32:\"http://purl.org/dc/elements/1.1/\";a:1:{s:7:\"creator\";a:1:{i:0;a:5:{s:4:\"data\";s:10:\"tanaka3689\";s:7:\"attribs\";a:0:{}s:8:\"xml_base\";s:0:\"\";s:17:\"xml_base_explicit\";b:0;s:8:\"xml_lang\";s:0:\"\";}}}}}i:2;a:6:{s:4:\"data\";s:55:\"\n					\n					\n					\n					\n					\n\n					\n\n					\n					\n				\";s:7:\"attribs\";a:0:{}s:8:\"xml_base\";s:0:\"\";s:17:\"xml_base_explicit\";b:0;s:8:\"xml_lang\";s:0:\"\";s:5:\"child\";a:2:{s:0:\"\";a:5:{s:4:\"guid\";a:1:{i:0;a:5:{s:4:\"data\";s:135:\"https://ja.wordpress.org/support/topic/%e3%82%b9%e3%83%a9%e3%82%a4%e3%83%80%e3%83%bc%e3%81%ab%e3%81%a4%e3%81%84%e3%81%a6/#post-11665862\";s:7:\"attribs\";a:0:{}s:8:\"xml_base\";s:0:\"\";s:17:\"xml_base_explicit\";b:0;s:8:\"xml_lang\";s:0:\"\";}}s:5:\"title\";a:1:{i:0;a:5:{s:4:\"data\";s:27:\"スライダーについて\";s:7:\"attribs\";a:0:{}s:8:\"xml_base\";s:0:\"\";s:17:\"xml_base_explicit\";b:0;s:8:\"xml_lang\";s:0:\"\";}}s:4:\"link\";a:1:{i:0;a:5:{s:4:\"data\";s:135:\"https://ja.wordpress.org/support/topic/%e3%82%b9%e3%83%a9%e3%82%a4%e3%83%80%e3%83%bc%e3%81%ab%e3%81%a4%e3%81%84%e3%81%a6/#post-11665862\";s:7:\"attribs\";a:0:{}s:8:\"xml_base\";s:0:\"\";s:17:\"xml_base_explicit\";b:0;s:8:\"xml_lang\";s:0:\"\";}}s:7:\"pubDate\";a:1:{i:0;a:5:{s:4:\"data\";s:31:\"Sat, 08 Aug 2020 06:06:23 +0000\";s:7:\"attribs\";a:0:{}s:8:\"xml_base\";s:0:\"\";s:17:\"xml_base_explicit\";b:0;s:8:\"xml_lang\";s:0:\"\";}}s:11:\"description\";a:1:{i:0;a:5:{s:4:\"data\";s:426:\"\n						\n						<p>スクロールでページがめくれるようなスライダーなどのプラグインを探しています。<br />\n下記にようなサイトの感じです。<br />\n<a href=\"http://www.haluta.jp/365/special/vol020/\" rel=\"nofollow ugc\">http://www.haluta.jp/365/special/vol020/</a></p>\n<p>どなたかご存知であればお教えください。<br />\nよろしくお願いします。</p>\n						\n					\";s:7:\"attribs\";a:0:{}s:8:\"xml_base\";s:0:\"\";s:17:\"xml_base_explicit\";b:0;s:8:\"xml_lang\";s:0:\"\";}}}s:32:\"http://purl.org/dc/elements/1.1/\";a:1:{s:7:\"creator\";a:1:{i:0;a:5:{s:4:\"data\";s:9:\"hachikuma\";s:7:\"attribs\";a:0:{}s:8:\"xml_base\";s:0:\"\";s:17:\"xml_base_explicit\";b:0;s:8:\"xml_lang\";s:0:\"\";}}}}}i:3;a:6:{s:4:\"data\";s:55:\"\n					\n					\n					\n					\n					\n\n					\n\n					\n					\n				\";s:7:\"attribs\";a:0:{}s:8:\"xml_base\";s:0:\"\";s:17:\"xml_base_explicit\";b:0;s:8:\"xml_lang\";s:0:\"\";s:5:\"child\";a:2:{s:0:\"\";a:5:{s:4:\"guid\";a:1:{i:0;a:5:{s:4:\"data\";s:252:\"https://ja.wordpress.org/support/topic/%e5%9b%ba%e5%ae%9a%e3%83%9a%e3%83%bc%e3%82%b8%e3%83%bb%e6%8a%95%e7%a8%bf%e3%83%9a%e3%83%bc%e3%82%b8%e3%81%ae%e7%b7%a8%e9%9b%86%e3%83%9a%e3%83%bc%e3%82%b8%e3%81%ae%e3%83%98%e3%83%83%e3%83%80%e3%83%bc/#post-11665861\";s:7:\"attribs\";a:0:{}s:8:\"xml_base\";s:0:\"\";s:17:\"xml_base_explicit\";b:0;s:8:\"xml_lang\";s:0:\"\";}}s:5:\"title\";a:1:{i:0;a:5:{s:4:\"data\";s:89:\"返信先: 固定ページ・投稿ページの編集ページのヘッダーについて\";s:7:\"attribs\";a:0:{}s:8:\"xml_base\";s:0:\"\";s:17:\"xml_base_explicit\";b:0;s:8:\"xml_lang\";s:0:\"\";}}s:4:\"link\";a:1:{i:0;a:5:{s:4:\"data\";s:252:\"https://ja.wordpress.org/support/topic/%e5%9b%ba%e5%ae%9a%e3%83%9a%e3%83%bc%e3%82%b8%e3%83%bb%e6%8a%95%e7%a8%bf%e3%83%9a%e3%83%bc%e3%82%b8%e3%81%ae%e7%b7%a8%e9%9b%86%e3%83%9a%e3%83%bc%e3%82%b8%e3%81%ae%e3%83%98%e3%83%83%e3%83%80%e3%83%bc/#post-11665861\";s:7:\"attribs\";a:0:{}s:8:\"xml_base\";s:0:\"\";s:17:\"xml_base_explicit\";b:0;s:8:\"xml_lang\";s:0:\"\";}}s:7:\"pubDate\";a:1:{i:0;a:5:{s:4:\"data\";s:31:\"Fri, 07 Aug 2020 23:47:44 +0000\";s:7:\"attribs\";a:0:{}s:8:\"xml_base\";s:0:\"\";s:17:\"xml_base_explicit\";b:0;s:8:\"xml_lang\";s:0:\"\";}}s:11:\"description\";a:1:{i:0;a:5:{s:4:\"data\";s:226:\"\n						\n						<p>ありがとうございます。<br />\nユーザープロフィールの中に「ツールバー」という項目があります。</p>\n<p>これはどちらで見れますでしょうか？</p>\n						\n					\";s:7:\"attribs\";a:0:{}s:8:\"xml_base\";s:0:\"\";s:17:\"xml_base_explicit\";b:0;s:8:\"xml_lang\";s:0:\"\";}}}s:32:\"http://purl.org/dc/elements/1.1/\";a:1:{s:7:\"creator\";a:1:{i:0;a:5:{s:4:\"data\";s:6:\"alf123\";s:7:\"attribs\";a:0:{}s:8:\"xml_base\";s:0:\"\";s:17:\"xml_base_explicit\";b:0;s:8:\"xml_lang\";s:0:\"\";}}}}}i:4;a:6:{s:4:\"data\";s:55:\"\n					\n					\n					\n					\n					\n\n					\n\n					\n					\n				\";s:7:\"attribs\";a:0:{}s:8:\"xml_base\";s:0:\"\";s:17:\"xml_base_explicit\";b:0;s:8:\"xml_lang\";s:0:\"\";s:5:\"child\";a:2:{s:0:\"\";a:5:{s:4:\"guid\";a:1:{i:0;a:5:{s:4:\"data\";s:213:\"https://ja.wordpress.org/support/topic/mail%e3%82%82pw%e3%82%82%e5%90%88%e3%81%a3%e3%81%a6%e3%81%84%e3%82%8b%e3%81%ae%e3%81%ab%e3%83%ad%e3%82%b0%e3%82%a4%e3%83%b3%e3%81%a7%e3%81%8d%e3%81%aa%e3%81%84/#post-11665860\";s:7:\"attribs\";a:0:{}s:8:\"xml_base\";s:0:\"\";s:17:\"xml_base_explicit\";b:0;s:8:\"xml_lang\";s:0:\"\";}}s:5:\"title\";a:1:{i:0;a:5:{s:4:\"data\";s:68:\"返信先: mailもPWも合っているのにログインできない\";s:7:\"attribs\";a:0:{}s:8:\"xml_base\";s:0:\"\";s:17:\"xml_base_explicit\";b:0;s:8:\"xml_lang\";s:0:\"\";}}s:4:\"link\";a:1:{i:0;a:5:{s:4:\"data\";s:213:\"https://ja.wordpress.org/support/topic/mail%e3%82%82pw%e3%82%82%e5%90%88%e3%81%a3%e3%81%a6%e3%81%84%e3%82%8b%e3%81%ae%e3%81%ab%e3%83%ad%e3%82%b0%e3%82%a4%e3%83%b3%e3%81%a7%e3%81%8d%e3%81%aa%e3%81%84/#post-11665860\";s:7:\"attribs\";a:0:{}s:8:\"xml_base\";s:0:\"\";s:17:\"xml_base_explicit\";b:0;s:8:\"xml_lang\";s:0:\"\";}}s:7:\"pubDate\";a:1:{i:0;a:5:{s:4:\"data\";s:31:\"Fri, 07 Aug 2020 21:24:47 +0000\";s:7:\"attribs\";a:0:{}s:8:\"xml_base\";s:0:\"\";s:17:\"xml_base_explicit\";b:0;s:8:\"xml_lang\";s:0:\"\";}}s:11:\"description\";a:1:{i:0;a:5:{s:4:\"data\";s:213:\"\n						\n						<p><a href=\"https://ja.wordpress.org/support/users/upixie0418/\" class=\"mention\" rel=\"nofollow\">@upixie0418</a> 様</p>\n<p>私もそれでした。解決出来て良かったです。</p>\n						\n					\";s:7:\"attribs\";a:0:{}s:8:\"xml_base\";s:0:\"\";s:17:\"xml_base_explicit\";b:0;s:8:\"xml_lang\";s:0:\"\";}}}s:32:\"http://purl.org/dc/elements/1.1/\";a:1:{s:7:\"creator\";a:1:{i:0;a:5:{s:4:\"data\";s:12:\"handmade1977\";s:7:\"attribs\";a:0:{}s:8:\"xml_base\";s:0:\"\";s:17:\"xml_base_explicit\";b:0;s:8:\"xml_lang\";s:0:\"\";}}}}}i:5;a:6:{s:4:\"data\";s:55:\"\n					\n					\n					\n					\n					\n\n					\n\n					\n					\n				\";s:7:\"attribs\";a:0:{}s:8:\"xml_base\";s:0:\"\";s:17:\"xml_base_explicit\";b:0;s:8:\"xml_lang\";s:0:\"\";s:5:\"child\";a:2:{s:0:\"\";a:5:{s:4:\"guid\";a:1:{i:0;a:5:{s:4:\"data\";s:213:\"https://ja.wordpress.org/support/topic/mail%e3%82%82pw%e3%82%82%e5%90%88%e3%81%a3%e3%81%a6%e3%81%84%e3%82%8b%e3%81%ae%e3%81%ab%e3%83%ad%e3%82%b0%e3%82%a4%e3%83%b3%e3%81%a7%e3%81%8d%e3%81%aa%e3%81%84/#post-11665859\";s:7:\"attribs\";a:0:{}s:8:\"xml_base\";s:0:\"\";s:17:\"xml_base_explicit\";b:0;s:8:\"xml_lang\";s:0:\"\";}}s:5:\"title\";a:1:{i:0;a:5:{s:4:\"data\";s:68:\"返信先: mailもPWも合っているのにログインできない\";s:7:\"attribs\";a:0:{}s:8:\"xml_base\";s:0:\"\";s:17:\"xml_base_explicit\";b:0;s:8:\"xml_lang\";s:0:\"\";}}s:4:\"link\";a:1:{i:0;a:5:{s:4:\"data\";s:213:\"https://ja.wordpress.org/support/topic/mail%e3%82%82pw%e3%82%82%e5%90%88%e3%81%a3%e3%81%a6%e3%81%84%e3%82%8b%e3%81%ae%e3%81%ab%e3%83%ad%e3%82%b0%e3%82%a4%e3%83%b3%e3%81%a7%e3%81%8d%e3%81%aa%e3%81%84/#post-11665859\";s:7:\"attribs\";a:0:{}s:8:\"xml_base\";s:0:\"\";s:17:\"xml_base_explicit\";b:0;s:8:\"xml_lang\";s:0:\"\";}}s:7:\"pubDate\";a:1:{i:0;a:5:{s:4:\"data\";s:31:\"Fri, 07 Aug 2020 12:12:29 +0000\";s:7:\"attribs\";a:0:{}s:8:\"xml_base\";s:0:\"\";s:17:\"xml_base_explicit\";b:0;s:8:\"xml_lang\";s:0:\"\";}}s:11:\"description\";a:1:{i:0;a:5:{s:4:\"data\";s:371:\"\n						\n						<p><a href=\"https://ja.wordpress.org/support/users/handmade1977/\" class=\"mention\" rel=\"nofollow\">@handmade1977</a> 様</p>\n<p>ご回答ありがとうございます。<br />\n私もプラグイン(invisible reCAPTCHA)が原因だったことがわかりました。</p>\n<p>大変助かりました。<br />\nありがとうございます。</p>\n						\n					\";s:7:\"attribs\";a:0:{}s:8:\"xml_base\";s:0:\"\";s:17:\"xml_base_explicit\";b:0;s:8:\"xml_lang\";s:0:\"\";}}}s:32:\"http://purl.org/dc/elements/1.1/\";a:1:{s:7:\"creator\";a:1:{i:0;a:5:{s:4:\"data\";s:10:\"upixie0418\";s:7:\"attribs\";a:0:{}s:8:\"xml_base\";s:0:\"\";s:17:\"xml_base_explicit\";b:0;s:8:\"xml_lang\";s:0:\"\";}}}}}i:6;a:6:{s:4:\"data\";s:55:\"\n					\n					\n					\n					\n					\n\n					\n\n					\n					\n				\";s:7:\"attribs\";a:0:{}s:8:\"xml_base\";s:0:\"\";s:17:\"xml_base_explicit\";b:0;s:8:\"xml_lang\";s:0:\"\";s:5:\"child\";a:2:{s:0:\"\";a:5:{s:4:\"guid\";a:1:{i:0;a:5:{s:4:\"data\";s:252:\"https://ja.wordpress.org/support/topic/%e5%9b%ba%e5%ae%9a%e3%83%9a%e3%83%bc%e3%82%b8%e3%83%bb%e6%8a%95%e7%a8%bf%e3%83%9a%e3%83%bc%e3%82%b8%e3%81%ae%e7%b7%a8%e9%9b%86%e3%83%9a%e3%83%bc%e3%82%b8%e3%81%ae%e3%83%98%e3%83%83%e3%83%80%e3%83%bc/#post-11665858\";s:7:\"attribs\";a:0:{}s:8:\"xml_base\";s:0:\"\";s:17:\"xml_base_explicit\";b:0;s:8:\"xml_lang\";s:0:\"\";}}s:5:\"title\";a:1:{i:0;a:5:{s:4:\"data\";s:89:\"返信先: 固定ページ・投稿ページの編集ページのヘッダーについて\";s:7:\"attribs\";a:0:{}s:8:\"xml_base\";s:0:\"\";s:17:\"xml_base_explicit\";b:0;s:8:\"xml_lang\";s:0:\"\";}}s:4:\"link\";a:1:{i:0;a:5:{s:4:\"data\";s:252:\"https://ja.wordpress.org/support/topic/%e5%9b%ba%e5%ae%9a%e3%83%9a%e3%83%bc%e3%82%b8%e3%83%bb%e6%8a%95%e7%a8%bf%e3%83%9a%e3%83%bc%e3%82%b8%e3%81%ae%e7%b7%a8%e9%9b%86%e3%83%9a%e3%83%bc%e3%82%b8%e3%81%ae%e3%83%98%e3%83%83%e3%83%80%e3%83%bc/#post-11665858\";s:7:\"attribs\";a:0:{}s:8:\"xml_base\";s:0:\"\";s:17:\"xml_base_explicit\";b:0;s:8:\"xml_lang\";s:0:\"\";}}s:7:\"pubDate\";a:1:{i:0;a:5:{s:4:\"data\";s:31:\"Fri, 07 Aug 2020 03:57:35 +0000\";s:7:\"attribs\";a:0:{}s:8:\"xml_base\";s:0:\"\";s:17:\"xml_base_explicit\";b:0;s:8:\"xml_lang\";s:0:\"\";}}s:11:\"description\";a:1:{i:0;a:5:{s:4:\"data\";s:286:\"\n						\n						<p>こんにちは</p>\n<p>ユーザープロフィールの中に「ツールバー」という項目があります。<br />\n「サイトを見るときにツールバーを表示する」のチェックは外れているのではないでしょうか？</p>\n						\n					\";s:7:\"attribs\";a:0:{}s:8:\"xml_base\";s:0:\"\";s:17:\"xml_base_explicit\";b:0;s:8:\"xml_lang\";s:0:\"\";}}}s:32:\"http://purl.org/dc/elements/1.1/\";a:1:{s:7:\"creator\";a:1:{i:0;a:5:{s:4:\"data\";s:7:\"munyagu\";s:7:\"attribs\";a:0:{}s:8:\"xml_base\";s:0:\"\";s:17:\"xml_base_explicit\";b:0;s:8:\"xml_lang\";s:0:\"\";}}}}}i:7;a:6:{s:4:\"data\";s:55:\"\n					\n					\n					\n					\n					\n\n					\n\n					\n					\n				\";s:7:\"attribs\";a:0:{}s:8:\"xml_base\";s:0:\"\";s:17:\"xml_base_explicit\";b:0;s:8:\"xml_lang\";s:0:\"\";s:5:\"child\";a:2:{s:0:\"\";a:5:{s:4:\"guid\";a:1:{i:0;a:5:{s:4:\"data\";s:153:\"https://ja.wordpress.org/support/topic/%e7%ae%a1%e7%90%86%e7%94%bb%e9%9d%a2%e3%83%ad%e3%82%b0%e3%82%a4%e3%83%b3%e6%99%82%e3%81%aerecaptcha/#post-11665857\";s:7:\"attribs\";a:0:{}s:8:\"xml_base\";s:0:\"\";s:17:\"xml_base_explicit\";b:0;s:8:\"xml_lang\";s:0:\"\";}}s:5:\"title\";a:1:{i:0;a:5:{s:4:\"data\";s:50:\"返信先: 管理画面ログイン時のReCaptcha\";s:7:\"attribs\";a:0:{}s:8:\"xml_base\";s:0:\"\";s:17:\"xml_base_explicit\";b:0;s:8:\"xml_lang\";s:0:\"\";}}s:4:\"link\";a:1:{i:0;a:5:{s:4:\"data\";s:153:\"https://ja.wordpress.org/support/topic/%e7%ae%a1%e7%90%86%e7%94%bb%e9%9d%a2%e3%83%ad%e3%82%b0%e3%82%a4%e3%83%b3%e6%99%82%e3%81%aerecaptcha/#post-11665857\";s:7:\"attribs\";a:0:{}s:8:\"xml_base\";s:0:\"\";s:17:\"xml_base_explicit\";b:0;s:8:\"xml_lang\";s:0:\"\";}}s:7:\"pubDate\";a:1:{i:0;a:5:{s:4:\"data\";s:31:\"Fri, 07 Aug 2020 02:54:04 +0000\";s:7:\"attribs\";a:0:{}s:8:\"xml_base\";s:0:\"\";s:17:\"xml_base_explicit\";b:0;s:8:\"xml_lang\";s:0:\"\";}}s:11:\"description\";a:1:{i:0;a:5:{s:4:\"data\";s:726:\"\n						\n						<p>こんにちは</p>\n<p>WordPress 本体には ReCaptcha の機能はついていません。</p>\n<p>基本的にはカスタマイズして入れるか、プラグインを入れるかしないと、ログイン画面に reCaptcha が現れることはありませんが、もしかしたらホスティングサービスの機能で有効になっている可能性もあります。<br />\n（WordPress or Joomla と書かれているので、WordPress 固有の機能で reCaptcha が表示されているのではなさそうにも思います）</p>\n<p>サーバーのコントロールパネルを確認するか、サーバー会社に問合せしてみてはどうかと思います。</p>\n						\n					\";s:7:\"attribs\";a:0:{}s:8:\"xml_base\";s:0:\"\";s:17:\"xml_base_explicit\";b:0;s:8:\"xml_lang\";s:0:\"\";}}}s:32:\"http://purl.org/dc/elements/1.1/\";a:1:{s:7:\"creator\";a:1:{i:0;a:5:{s:4:\"data\";s:7:\"munyagu\";s:7:\"attribs\";a:0:{}s:8:\"xml_base\";s:0:\"\";s:17:\"xml_base_explicit\";b:0;s:8:\"xml_lang\";s:0:\"\";}}}}}i:8;a:6:{s:4:\"data\";s:55:\"\n					\n					\n					\n					\n					\n\n					\n\n					\n					\n				\";s:7:\"attribs\";a:0:{}s:8:\"xml_base\";s:0:\"\";s:17:\"xml_base_explicit\";b:0;s:8:\"xml_lang\";s:0:\"\";s:5:\"child\";a:2:{s:0:\"\";a:5:{s:4:\"guid\";a:1:{i:0;a:5:{s:4:\"data\";s:126:\"https://ja.wordpress.org/support/topic/%e3%83%a1%e3%83%8b%e3%83%a5%e3%83%bc%e6%a7%8b%e9%80%a0%e3%81%ab%e3%81%a6/#post-11665855\";s:7:\"attribs\";a:0:{}s:8:\"xml_base\";s:0:\"\";s:17:\"xml_base_explicit\";b:0;s:8:\"xml_lang\";s:0:\"\";}}s:5:\"title\";a:1:{i:0;a:5:{s:4:\"data\";s:24:\"メニュー構造にて\";s:7:\"attribs\";a:0:{}s:8:\"xml_base\";s:0:\"\";s:17:\"xml_base_explicit\";b:0;s:8:\"xml_lang\";s:0:\"\";}}s:4:\"link\";a:1:{i:0;a:5:{s:4:\"data\";s:126:\"https://ja.wordpress.org/support/topic/%e3%83%a1%e3%83%8b%e3%83%a5%e3%83%bc%e6%a7%8b%e9%80%a0%e3%81%ab%e3%81%a6/#post-11665855\";s:7:\"attribs\";a:0:{}s:8:\"xml_base\";s:0:\"\";s:17:\"xml_base_explicit\";b:0;s:8:\"xml_lang\";s:0:\"\";}}s:7:\"pubDate\";a:1:{i:0;a:5:{s:4:\"data\";s:31:\"Fri, 07 Aug 2020 01:40:53 +0000\";s:7:\"attribs\";a:0:{}s:8:\"xml_base\";s:0:\"\";s:17:\"xml_base_explicit\";b:0;s:8:\"xml_lang\";s:0:\"\";}}s:11:\"description\";a:1:{i:0;a:5:{s:4:\"data\";s:331:\"\n						\n						<p>ホームページを作成したいのですが<br />\nメニュー項目から階層化したいのですがメニュー項目の追加にて<br />\n一般的に固定ページ、投稿、カスタムリンク、カテゴリーとありますが<br />\nどれを使うものなんでしょうか？</p>\n						\n					\";s:7:\"attribs\";a:0:{}s:8:\"xml_base\";s:0:\"\";s:17:\"xml_base_explicit\";b:0;s:8:\"xml_lang\";s:0:\"\";}}}s:32:\"http://purl.org/dc/elements/1.1/\";a:1:{s:7:\"creator\";a:1:{i:0;a:5:{s:4:\"data\";s:12:\"beginner2020\";s:7:\"attribs\";a:0:{}s:8:\"xml_base\";s:0:\"\";s:17:\"xml_base_explicit\";b:0;s:8:\"xml_lang\";s:0:\"\";}}}}}i:9;a:6:{s:4:\"data\";s:55:\"\n					\n					\n					\n					\n					\n\n					\n\n					\n					\n				\";s:7:\"attribs\";a:0:{}s:8:\"xml_base\";s:0:\"\";s:17:\"xml_base_explicit\";b:0;s:8:\"xml_lang\";s:0:\"\";s:5:\"child\";a:2:{s:0:\"\";a:5:{s:4:\"guid\";a:1:{i:0;a:5:{s:4:\"data\";s:135:\"https://ja.wordpress.org/support/topic/%e7%ae%a1%e7%90%86%e7%94%bb%e9%9d%a2%e3%81%8c%e9%96%8b%e3%81%91%e3%81%aa%e3%81%84/#post-11665854\";s:7:\"attribs\";a:0:{}s:8:\"xml_base\";s:0:\"\";s:17:\"xml_base_explicit\";b:0;s:8:\"xml_lang\";s:0:\"\";}}s:5:\"title\";a:1:{i:0;a:5:{s:4:\"data\";s:38:\"返信先: 管理画面が開けない\";s:7:\"attribs\";a:0:{}s:8:\"xml_base\";s:0:\"\";s:17:\"xml_base_explicit\";b:0;s:8:\"xml_lang\";s:0:\"\";}}s:4:\"link\";a:1:{i:0;a:5:{s:4:\"data\";s:135:\"https://ja.wordpress.org/support/topic/%e7%ae%a1%e7%90%86%e7%94%bb%e9%9d%a2%e3%81%8c%e9%96%8b%e3%81%91%e3%81%aa%e3%81%84/#post-11665854\";s:7:\"attribs\";a:0:{}s:8:\"xml_base\";s:0:\"\";s:17:\"xml_base_explicit\";b:0;s:8:\"xml_lang\";s:0:\"\";}}s:7:\"pubDate\";a:1:{i:0;a:5:{s:4:\"data\";s:31:\"Fri, 07 Aug 2020 01:35:37 +0000\";s:7:\"attribs\";a:0:{}s:8:\"xml_base\";s:0:\"\";s:17:\"xml_base_explicit\";b:0;s:8:\"xml_lang\";s:0:\"\";}}s:11:\"description\";a:1:{i:0;a:5:{s:4:\"data\";s:375:\"\n						\n						<p>返事が遅れてすいません。<br />\nやっとログイン復旧できました。<br />\nアドバイス通りと書籍で何とか出来ました。<br />\nやたらに変更したら怖いですねもっと勉強する重要性が感じました。<br />\nお手数をお掛けしました。<br />\nありがとうございました。</p>\n						\n					\";s:7:\"attribs\";a:0:{}s:8:\"xml_base\";s:0:\"\";s:17:\"xml_base_explicit\";b:0;s:8:\"xml_lang\";s:0:\"\";}}}s:32:\"http://purl.org/dc/elements/1.1/\";a:1:{s:7:\"creator\";a:1:{i:0;a:5:{s:4:\"data\";s:12:\"beginner2020\";s:7:\"attribs\";a:0:{}s:8:\"xml_base\";s:0:\"\";s:17:\"xml_base_explicit\";b:0;s:8:\"xml_lang\";s:0:\"\";}}}}}}}s:27:\"http://www.w3.org/2005/Atom\";a:1:{s:4:\"link\";a:1:{i:0;a:5:{s:4:\"data\";s:0:\"\";s:7:\"attribs\";a:1:{s:0:\"\";a:3:{s:4:\"href\";s:44:\"https://ja.wordpress.org/support/forums/feed\";s:3:\"rel\";s:4:\"self\";s:4:\"type\";s:19:\"application/rss+xml\";}}s:8:\"xml_base\";s:0:\"\";s:17:\"xml_base_explicit\";b:0;s:8:\"xml_lang\";s:0:\"\";}}}}}}}}}}}}s:4:\"type\";i:128;s:7:\"headers\";O:42:\"Requests_Utility_CaseInsensitiveDictionary\":1:{s:7:\"\0*\0data\";a:7:{s:6:\"server\";s:5:\"nginx\";s:4:\"date\";s:29:\"Sun, 09 Aug 2020 12:59:52 GMT\";s:12:\"content-type\";s:34:\"application/rss+xml; charset=UTF-8\";s:6:\"x-olaf\";s:3:\"⛄\";s:12:\"x-robots-tag\";s:15:\"noindex, follow\";s:15:\"x-frame-options\";s:10:\"SAMEORIGIN\";s:4:\"x-nc\";s:9:\"HIT ord 1\";}}s:5:\"build\";s:14:\"20130911040210\";}', 'no'),
(329, '_transient_timeout_feed_mod_6f409681938158427d2ded6eb1b9ea27', '1597021192', 'no'),
(330, '_transient_feed_mod_6f409681938158427d2ded6eb1b9ea27', '1596977992', 'no'),
(331, '_transient_timeout_dash_v2_45827e8e892dd0b85803a110fad8690f', '1597021192', 'no'),
(332, '_transient_dash_v2_45827e8e892dd0b85803a110fad8690f', '<div class=\"rss-widget\"><ul><li><a class=\'rsswidget\' href=\'https://ja.wordpress.org/2020/08/05/wordpress-5-5-release-candidate-2/\'>WordPress 5.5リリース候補2</a></li></ul></div><div class=\"rss-widget\"><ul><li><a class=\'rsswidget\' href=\'https://ja.wordpress.org/support/topic/%E3%82%B5%E3%82%A4%E3%83%88%E3%83%98%E3%83%AB%E3%82%B9%E3%81%AB%E8%AD%A6%E5%91%8A%E3%81%8C%E5%87%BA%E3%81%A6%E3%81%84%E3%82%8B/#post-11665865\'>返信先: サイトヘルスに警告が出ている</a></li><li><a class=\'rsswidget\' href=\'https://ja.wordpress.org/support/topic/%E3%83%AD%E3%82%B0%E3%82%A4%E3%83%B3%E6%96%B9%E6%B3%95%E3%82%92%E6%95%99%E3%81%88%E3%81%A6/#post-11665864\'>ログイン方法を教えて</a></li><li><a class=\'rsswidget\' href=\'https://ja.wordpress.org/support/topic/%E3%82%B9%E3%83%A9%E3%82%A4%E3%83%80%E3%83%BC%E3%81%AB%E3%81%A4%E3%81%84%E3%81%A6/#post-11665862\'>スライダーについて</a></li></ul></div>', 'no'),
(333, '_site_transient_update_plugins', 'O:8:\"stdClass\":4:{s:12:\"last_checked\";i:1596978005;s:8:\"response\";a:0:{}s:12:\"translations\";a:0:{}s:9:\"no_update\";a:15:{s:35:\"advanced-cf7-db/advanced-cf7-db.php\";O:8:\"stdClass\":9:{s:2:\"id\";s:29:\"w.org/plugins/advanced-cf7-db\";s:4:\"slug\";s:15:\"advanced-cf7-db\";s:6:\"plugin\";s:35:\"advanced-cf7-db/advanced-cf7-db.php\";s:11:\"new_version\";s:5:\"1.7.2\";s:3:\"url\";s:46:\"https://wordpress.org/plugins/advanced-cf7-db/\";s:7:\"package\";s:64:\"https://downloads.wordpress.org/plugin/advanced-cf7-db.1.7.2.zip\";s:5:\"icons\";a:2:{s:2:\"2x\";s:68:\"https://ps.w.org/advanced-cf7-db/assets/icon-256x256.jpg?rev=1696186\";s:2:\"1x\";s:68:\"https://ps.w.org/advanced-cf7-db/assets/icon-128x128.jpg?rev=1696186\";}s:7:\"banners\";a:2:{s:2:\"2x\";s:71:\"https://ps.w.org/advanced-cf7-db/assets/banner-1544x500.jpg?rev=1696186\";s:2:\"1x\";s:70:\"https://ps.w.org/advanced-cf7-db/assets/banner-772x250.jpg?rev=1696186\";}s:11:\"banners_rtl\";a:0:{}}s:19:\"akismet/akismet.php\";O:8:\"stdClass\":9:{s:2:\"id\";s:21:\"w.org/plugins/akismet\";s:4:\"slug\";s:7:\"akismet\";s:6:\"plugin\";s:19:\"akismet/akismet.php\";s:11:\"new_version\";s:5:\"4.1.6\";s:3:\"url\";s:38:\"https://wordpress.org/plugins/akismet/\";s:7:\"package\";s:56:\"https://downloads.wordpress.org/plugin/akismet.4.1.6.zip\";s:5:\"icons\";a:2:{s:2:\"2x\";s:59:\"https://ps.w.org/akismet/assets/icon-256x256.png?rev=969272\";s:2:\"1x\";s:59:\"https://ps.w.org/akismet/assets/icon-128x128.png?rev=969272\";}s:7:\"banners\";a:1:{s:2:\"1x\";s:61:\"https://ps.w.org/akismet/assets/banner-772x250.jpg?rev=479904\";}s:11:\"banners_rtl\";a:0:{}}s:51:\"all-in-one-wp-security-and-firewall/wp-security.php\";O:8:\"stdClass\":9:{s:2:\"id\";s:49:\"w.org/plugins/all-in-one-wp-security-and-firewall\";s:4:\"slug\";s:35:\"all-in-one-wp-security-and-firewall\";s:6:\"plugin\";s:51:\"all-in-one-wp-security-and-firewall/wp-security.php\";s:11:\"new_version\";s:5:\"4.4.4\";s:3:\"url\";s:66:\"https://wordpress.org/plugins/all-in-one-wp-security-and-firewall/\";s:7:\"package\";s:78:\"https://downloads.wordpress.org/plugin/all-in-one-wp-security-and-firewall.zip\";s:5:\"icons\";a:1:{s:2:\"1x\";s:88:\"https://ps.w.org/all-in-one-wp-security-and-firewall/assets/icon-128x128.png?rev=1232826\";}s:7:\"banners\";a:2:{s:2:\"2x\";s:91:\"https://ps.w.org/all-in-one-wp-security-and-firewall/assets/banner-1544x500.png?rev=1914011\";s:2:\"1x\";s:90:\"https://ps.w.org/all-in-one-wp-security-and-firewall/assets/banner-772x250.png?rev=1914013\";}s:11:\"banners_rtl\";a:0:{}}s:27:\"autoptimize/autoptimize.php\";O:8:\"stdClass\":9:{s:2:\"id\";s:25:\"w.org/plugins/autoptimize\";s:4:\"slug\";s:11:\"autoptimize\";s:6:\"plugin\";s:27:\"autoptimize/autoptimize.php\";s:11:\"new_version\";s:5:\"2.7.6\";s:3:\"url\";s:42:\"https://wordpress.org/plugins/autoptimize/\";s:7:\"package\";s:60:\"https://downloads.wordpress.org/plugin/autoptimize.2.7.6.zip\";s:5:\"icons\";a:1:{s:2:\"1x\";s:64:\"https://ps.w.org/autoptimize/assets/icon-128x128.png?rev=1864142\";}s:7:\"banners\";a:1:{s:2:\"1x\";s:66:\"https://ps.w.org/autoptimize/assets/banner-772x250.jpg?rev=1315920\";}s:11:\"banners_rtl\";a:0:{}}s:33:\"classic-editor/classic-editor.php\";O:8:\"stdClass\":9:{s:2:\"id\";s:28:\"w.org/plugins/classic-editor\";s:4:\"slug\";s:14:\"classic-editor\";s:6:\"plugin\";s:33:\"classic-editor/classic-editor.php\";s:11:\"new_version\";s:3:\"1.5\";s:3:\"url\";s:45:\"https://wordpress.org/plugins/classic-editor/\";s:7:\"package\";s:61:\"https://downloads.wordpress.org/plugin/classic-editor.1.5.zip\";s:5:\"icons\";a:2:{s:2:\"2x\";s:67:\"https://ps.w.org/classic-editor/assets/icon-256x256.png?rev=1998671\";s:2:\"1x\";s:67:\"https://ps.w.org/classic-editor/assets/icon-128x128.png?rev=1998671\";}s:7:\"banners\";a:2:{s:2:\"2x\";s:70:\"https://ps.w.org/classic-editor/assets/banner-1544x500.png?rev=1998671\";s:2:\"1x\";s:69:\"https://ps.w.org/classic-editor/assets/banner-772x250.png?rev=1998676\";}s:11:\"banners_rtl\";a:0:{}}s:36:\"contact-form-7/wp-contact-form-7.php\";O:8:\"stdClass\":9:{s:2:\"id\";s:28:\"w.org/plugins/contact-form-7\";s:4:\"slug\";s:14:\"contact-form-7\";s:6:\"plugin\";s:36:\"contact-form-7/wp-contact-form-7.php\";s:11:\"new_version\";s:5:\"5.2.1\";s:3:\"url\";s:45:\"https://wordpress.org/plugins/contact-form-7/\";s:7:\"package\";s:63:\"https://downloads.wordpress.org/plugin/contact-form-7.5.2.1.zip\";s:5:\"icons\";a:3:{s:2:\"2x\";s:67:\"https://ps.w.org/contact-form-7/assets/icon-256x256.png?rev=2279696\";s:2:\"1x\";s:59:\"https://ps.w.org/contact-form-7/assets/icon.svg?rev=2339255\";s:3:\"svg\";s:59:\"https://ps.w.org/contact-form-7/assets/icon.svg?rev=2339255\";}s:7:\"banners\";a:2:{s:2:\"2x\";s:69:\"https://ps.w.org/contact-form-7/assets/banner-1544x500.png?rev=860901\";s:2:\"1x\";s:68:\"https://ps.w.org/contact-form-7/assets/banner-772x250.png?rev=880427\";}s:11:\"banners_rtl\";a:0:{}}s:45:\"disable-google-fonts/disable-google-fonts.php\";O:8:\"stdClass\":9:{s:2:\"id\";s:34:\"w.org/plugins/disable-google-fonts\";s:4:\"slug\";s:20:\"disable-google-fonts\";s:6:\"plugin\";s:45:\"disable-google-fonts/disable-google-fonts.php\";s:11:\"new_version\";s:3:\"2.0\";s:3:\"url\";s:51:\"https://wordpress.org/plugins/disable-google-fonts/\";s:7:\"package\";s:67:\"https://downloads.wordpress.org/plugin/disable-google-fonts.2.0.zip\";s:5:\"icons\";a:1:{s:7:\"default\";s:64:\"https://s.w.org/plugins/geopattern-icon/disable-google-fonts.svg\";}s:7:\"banners\";a:0:{}s:11:\"banners_rtl\";a:0:{}}s:9:\"hello.php\";O:8:\"stdClass\":9:{s:2:\"id\";s:25:\"w.org/plugins/hello-dolly\";s:4:\"slug\";s:11:\"hello-dolly\";s:6:\"plugin\";s:9:\"hello.php\";s:11:\"new_version\";s:5:\"1.7.2\";s:3:\"url\";s:42:\"https://wordpress.org/plugins/hello-dolly/\";s:7:\"package\";s:60:\"https://downloads.wordpress.org/plugin/hello-dolly.1.7.2.zip\";s:5:\"icons\";a:2:{s:2:\"2x\";s:64:\"https://ps.w.org/hello-dolly/assets/icon-256x256.jpg?rev=2052855\";s:2:\"1x\";s:64:\"https://ps.w.org/hello-dolly/assets/icon-128x128.jpg?rev=2052855\";}s:7:\"banners\";a:1:{s:2:\"1x\";s:66:\"https://ps.w.org/hello-dolly/assets/banner-772x250.jpg?rev=2052855\";}s:11:\"banners_rtl\";a:0:{}}s:41:\"imagemagick-engine/imagemagick-engine.php\";O:8:\"stdClass\":9:{s:2:\"id\";s:32:\"w.org/plugins/imagemagick-engine\";s:4:\"slug\";s:18:\"imagemagick-engine\";s:6:\"plugin\";s:41:\"imagemagick-engine/imagemagick-engine.php\";s:11:\"new_version\";s:5:\"1.6.5\";s:3:\"url\";s:49:\"https://wordpress.org/plugins/imagemagick-engine/\";s:7:\"package\";s:67:\"https://downloads.wordpress.org/plugin/imagemagick-engine.1.6.5.zip\";s:5:\"icons\";a:2:{s:2:\"2x\";s:71:\"https://ps.w.org/imagemagick-engine/assets/icon-256x256.jpg?rev=2244640\";s:2:\"1x\";s:71:\"https://ps.w.org/imagemagick-engine/assets/icon-128x128.jpg?rev=2244640\";}s:7:\"banners\";a:1:{s:2:\"1x\";s:72:\"https://ps.w.org/imagemagick-engine/assets/banner-772x250.jpg?rev=618669\";}s:11:\"banners_rtl\";a:0:{}}s:35:\"protect-uploads/protect-uploads.php\";O:8:\"stdClass\":9:{s:2:\"id\";s:29:\"w.org/plugins/protect-uploads\";s:4:\"slug\";s:15:\"protect-uploads\";s:6:\"plugin\";s:35:\"protect-uploads/protect-uploads.php\";s:11:\"new_version\";s:3:\"0.3\";s:3:\"url\";s:46:\"https://wordpress.org/plugins/protect-uploads/\";s:7:\"package\";s:62:\"https://downloads.wordpress.org/plugin/protect-uploads.0.3.zip\";s:5:\"icons\";a:2:{s:2:\"2x\";s:68:\"https://ps.w.org/protect-uploads/assets/icon-256x256.png?rev=1124564\";s:2:\"1x\";s:68:\"https://ps.w.org/protect-uploads/assets/icon-128x128.png?rev=1124564\";}s:7:\"banners\";a:2:{s:2:\"2x\";s:71:\"https://ps.w.org/protect-uploads/assets/banner-1544x500.png?rev=1124564\";s:2:\"1x\";s:70:\"https://ps.w.org/protect-uploads/assets/banner-772x250.png?rev=1124564\";}s:11:\"banners_rtl\";a:0:{}}s:34:\"sakura-rs-wp-ssl/sakura-rs-ssl.php\";O:8:\"stdClass\":9:{s:2:\"id\";s:30:\"w.org/plugins/sakura-rs-wp-ssl\";s:4:\"slug\";s:16:\"sakura-rs-wp-ssl\";s:6:\"plugin\";s:34:\"sakura-rs-wp-ssl/sakura-rs-ssl.php\";s:11:\"new_version\";s:5:\"1.4.0\";s:3:\"url\";s:47:\"https://wordpress.org/plugins/sakura-rs-wp-ssl/\";s:7:\"package\";s:59:\"https://downloads.wordpress.org/plugin/sakura-rs-wp-ssl.zip\";s:5:\"icons\";a:2:{s:2:\"2x\";s:69:\"https://ps.w.org/sakura-rs-wp-ssl/assets/icon-256x256.png?rev=1636423\";s:2:\"1x\";s:69:\"https://ps.w.org/sakura-rs-wp-ssl/assets/icon-128x128.png?rev=1636423\";}s:7:\"banners\";a:2:{s:2:\"2x\";s:72:\"https://ps.w.org/sakura-rs-wp-ssl/assets/banner-1544x500.png?rev=1636442\";s:2:\"1x\";s:71:\"https://ps.w.org/sakura-rs-wp-ssl/assets/banner-772x250.png?rev=1636423\";}s:11:\"banners_rtl\";a:0:{}}s:49:\"ts-webfonts-for-sakura/ts-webfonts-for-sakura.php\";O:8:\"stdClass\":9:{s:2:\"id\";s:36:\"w.org/plugins/ts-webfonts-for-sakura\";s:4:\"slug\";s:22:\"ts-webfonts-for-sakura\";s:6:\"plugin\";s:49:\"ts-webfonts-for-sakura/ts-webfonts-for-sakura.php\";s:11:\"new_version\";s:5:\"2.0.1\";s:3:\"url\";s:53:\"https://wordpress.org/plugins/ts-webfonts-for-sakura/\";s:7:\"package\";s:71:\"https://downloads.wordpress.org/plugin/ts-webfonts-for-sakura.2.0.1.zip\";s:5:\"icons\";a:2:{s:2:\"2x\";s:75:\"https://ps.w.org/ts-webfonts-for-sakura/assets/icon-256x256.png?rev=1445322\";s:2:\"1x\";s:75:\"https://ps.w.org/ts-webfonts-for-sakura/assets/icon-128x128.png?rev=1445322\";}s:7:\"banners\";a:2:{s:2:\"2x\";s:78:\"https://ps.w.org/ts-webfonts-for-sakura/assets/banner-1544x500.png?rev=1625339\";s:2:\"1x\";s:77:\"https://ps.w.org/ts-webfonts-for-sakura/assets/banner-772x250.png?rev=1625339\";}s:11:\"banners_rtl\";a:0:{}}s:41:\"vk-all-in-one-expansion-unit/vkExUnit.php\";O:8:\"stdClass\":9:{s:2:\"id\";s:42:\"w.org/plugins/vk-all-in-one-expansion-unit\";s:4:\"slug\";s:28:\"vk-all-in-one-expansion-unit\";s:6:\"plugin\";s:41:\"vk-all-in-one-expansion-unit/vkExUnit.php\";s:11:\"new_version\";s:8:\"9.30.1.0\";s:3:\"url\";s:59:\"https://wordpress.org/plugins/vk-all-in-one-expansion-unit/\";s:7:\"package\";s:80:\"https://downloads.wordpress.org/plugin/vk-all-in-one-expansion-unit.9.30.1.0.zip\";s:5:\"icons\";a:2:{s:2:\"1x\";s:73:\"https://ps.w.org/vk-all-in-one-expansion-unit/assets/icon.svg?rev=1570933\";s:3:\"svg\";s:73:\"https://ps.w.org/vk-all-in-one-expansion-unit/assets/icon.svg?rev=1570933\";}s:7:\"banners\";a:2:{s:2:\"2x\";s:84:\"https://ps.w.org/vk-all-in-one-expansion-unit/assets/banner-1544x500.jpg?rev=1202050\";s:2:\"1x\";s:83:\"https://ps.w.org/vk-all-in-one-expansion-unit/assets/banner-772x250.jpg?rev=1202050\";}s:11:\"banners_rtl\";a:0:{}}s:41:\"wp-multibyte-patch/wp-multibyte-patch.php\";O:8:\"stdClass\":9:{s:2:\"id\";s:32:\"w.org/plugins/wp-multibyte-patch\";s:4:\"slug\";s:18:\"wp-multibyte-patch\";s:6:\"plugin\";s:41:\"wp-multibyte-patch/wp-multibyte-patch.php\";s:11:\"new_version\";s:5:\"2.8.5\";s:3:\"url\";s:49:\"https://wordpress.org/plugins/wp-multibyte-patch/\";s:7:\"package\";s:67:\"https://downloads.wordpress.org/plugin/wp-multibyte-patch.2.8.5.zip\";s:5:\"icons\";a:1:{s:7:\"default\";s:62:\"https://s.w.org/plugins/geopattern-icon/wp-multibyte-patch.svg\";}s:7:\"banners\";a:0:{}s:11:\"banners_rtl\";a:0:{}}s:27:\"wp-super-cache/wp-cache.php\";O:8:\"stdClass\":9:{s:2:\"id\";s:28:\"w.org/plugins/wp-super-cache\";s:4:\"slug\";s:14:\"wp-super-cache\";s:6:\"plugin\";s:27:\"wp-super-cache/wp-cache.php\";s:11:\"new_version\";s:5:\"1.7.1\";s:3:\"url\";s:45:\"https://wordpress.org/plugins/wp-super-cache/\";s:7:\"package\";s:63:\"https://downloads.wordpress.org/plugin/wp-super-cache.1.7.1.zip\";s:5:\"icons\";a:2:{s:2:\"2x\";s:67:\"https://ps.w.org/wp-super-cache/assets/icon-256x256.png?rev=1095422\";s:2:\"1x\";s:67:\"https://ps.w.org/wp-super-cache/assets/icon-128x128.png?rev=1095422\";}s:7:\"banners\";a:2:{s:2:\"2x\";s:70:\"https://ps.w.org/wp-super-cache/assets/banner-1544x500.png?rev=1082414\";s:2:\"1x\";s:69:\"https://ps.w.org/wp-super-cache/assets/banner-772x250.png?rev=1082414\";}s:11:\"banners_rtl\";a:0:{}}}}', 'no');

-- --------------------------------------------------------

--
-- テーブルの構造 `ballpostmeta`
--

CREATE TABLE `ballpostmeta` (
  `meta_id` bigint(20) UNSIGNED NOT NULL,
  `post_id` bigint(20) UNSIGNED NOT NULL DEFAULT '0',
  `meta_key` varchar(255) COLLATE utf8mb4_unicode_520_ci DEFAULT NULL,
  `meta_value` longtext COLLATE utf8mb4_unicode_520_ci
) ENGINE=InnoDB DEFAULT CHARSET=utf8mb4 COLLATE=utf8mb4_unicode_520_ci;

--
-- テーブルのデータのダンプ `ballpostmeta`
--

INSERT INTO `ballpostmeta` (`meta_id`, `post_id`, `meta_key`, `meta_value`) VALUES
(1, 2, '_wp_page_template', 'default'),
(2, 3, '_wp_page_template', 'default'),
(3, 3, '_edit_lock', '1596118079:1'),
(4, 2, '_edit_lock', '1596126530:1'),
(5, 5, '_edit_lock', '1596119340:1'),
(6, 5, '_wp_trash_meta_status', 'publish'),
(7, 5, '_wp_trash_meta_time', '1596119369'),
(8, 6, '_wp_attached_file', '2020/07/ball21.jpg'),
(9, 6, '_wp_attachment_metadata', 'a:5:{s:5:\"width\";i:1900;s:6:\"height\";i:600;s:4:\"file\";s:18:\"2020/07/ball21.jpg\";s:5:\"sizes\";a:6:{s:6:\"medium\";a:4:{s:4:\"file\";s:17:\"ball21-300x95.jpg\";s:5:\"width\";i:300;s:6:\"height\";i:95;s:9:\"mime-type\";s:10:\"image/jpeg\";}s:5:\"large\";a:4:{s:4:\"file\";s:19:\"ball21-1024x323.jpg\";s:5:\"width\";i:1024;s:6:\"height\";i:323;s:9:\"mime-type\";s:10:\"image/jpeg\";}s:9:\"thumbnail\";a:4:{s:4:\"file\";s:18:\"ball21-150x150.jpg\";s:5:\"width\";i:150;s:6:\"height\";i:150;s:9:\"mime-type\";s:10:\"image/jpeg\";}s:12:\"medium_large\";a:4:{s:4:\"file\";s:18:\"ball21-768x243.jpg\";s:5:\"width\";i:768;s:6:\"height\";i:243;s:9:\"mime-type\";s:10:\"image/jpeg\";}s:9:\"1536x1536\";a:4:{s:4:\"file\";s:19:\"ball21-1536x485.jpg\";s:5:\"width\";i:1536;s:6:\"height\";i:485;s:9:\"mime-type\";s:10:\"image/jpeg\";}s:14:\"post-thumbnail\";a:4:{s:4:\"file\";s:18:\"ball21-320x180.jpg\";s:5:\"width\";i:320;s:6:\"height\";i:180;s:9:\"mime-type\";s:10:\"image/jpeg\";}}s:10:\"image_meta\";a:12:{s:8:\"aperture\";s:3:\"3.5\";s:6:\"credit\";s:0:\"\";s:6:\"camera\";s:18:\"Canon EOS REBEL T3\";s:7:\"caption\";s:0:\"\";s:17:\"created_timestamp\";s:1:\"0\";s:9:\"copyright\";s:0:\"\";s:12:\"focal_length\";s:2:\"18\";s:3:\"iso\";s:3:\"100\";s:13:\"shutter_speed\";s:6:\"0.0004\";s:5:\"title\";s:0:\"\";s:11:\"orientation\";s:1:\"1\";s:8:\"keywords\";a:0:{}}}'),
(10, 7, '_wp_attached_file', '2020/07/ball22.jpg'),
(11, 7, '_wp_attachment_metadata', 'a:5:{s:5:\"width\";i:1896;s:6:\"height\";i:600;s:4:\"file\";s:18:\"2020/07/ball22.jpg\";s:5:\"sizes\";a:6:{s:6:\"medium\";a:4:{s:4:\"file\";s:17:\"ball22-300x95.jpg\";s:5:\"width\";i:300;s:6:\"height\";i:95;s:9:\"mime-type\";s:10:\"image/jpeg\";}s:5:\"large\";a:4:{s:4:\"file\";s:19:\"ball22-1024x324.jpg\";s:5:\"width\";i:1024;s:6:\"height\";i:324;s:9:\"mime-type\";s:10:\"image/jpeg\";}s:9:\"thumbnail\";a:4:{s:4:\"file\";s:18:\"ball22-150x150.jpg\";s:5:\"width\";i:150;s:6:\"height\";i:150;s:9:\"mime-type\";s:10:\"image/jpeg\";}s:12:\"medium_large\";a:4:{s:4:\"file\";s:18:\"ball22-768x243.jpg\";s:5:\"width\";i:768;s:6:\"height\";i:243;s:9:\"mime-type\";s:10:\"image/jpeg\";}s:9:\"1536x1536\";a:4:{s:4:\"file\";s:19:\"ball22-1536x486.jpg\";s:5:\"width\";i:1536;s:6:\"height\";i:486;s:9:\"mime-type\";s:10:\"image/jpeg\";}s:14:\"post-thumbnail\";a:4:{s:4:\"file\";s:18:\"ball22-320x180.jpg\";s:5:\"width\";i:320;s:6:\"height\";i:180;s:9:\"mime-type\";s:10:\"image/jpeg\";}}s:10:\"image_meta\";a:12:{s:8:\"aperture\";s:3:\"3.5\";s:6:\"credit\";s:0:\"\";s:6:\"camera\";s:18:\"Canon EOS REBEL T3\";s:7:\"caption\";s:0:\"\";s:17:\"created_timestamp\";s:1:\"0\";s:9:\"copyright\";s:0:\"\";s:12:\"focal_length\";s:2:\"18\";s:3:\"iso\";s:3:\"100\";s:13:\"shutter_speed\";s:6:\"0.0004\";s:5:\"title\";s:0:\"\";s:11:\"orientation\";s:1:\"1\";s:8:\"keywords\";a:0:{}}}'),
(12, 8, '_wp_trash_meta_status', 'publish'),
(13, 8, '_wp_trash_meta_time', '1596122034'),
(14, 9, '_edit_lock', '1596123695:1'),
(15, 9, '_wp_trash_meta_status', 'publish'),
(16, 9, '_wp_trash_meta_time', '1596123717'),
(19, 11, '_wp_trash_meta_status', 'publish'),
(20, 11, '_wp_trash_meta_time', '1596124340'),
(21, 12, '_wp_trash_meta_status', 'publish'),
(22, 12, '_wp_trash_meta_time', '1596124427'),
(24, 14, '_edit_lock', '1596870646:1'),
(27, 14, '_edit_last', '1'),
(30, 14, '_lightning_design_setting', 'a:1:{s:6:\"layout\";s:21:\"col-one-no-subsection\";}'),
(31, 14, '_wp_old_slug', 'web%e3%82%b5%e3%82%a4%e3%83%88%e6%96%b0%e8%a8%ad%e3%81%97%e3%81%be%e3%81%97%e3%81%9f'),
(34, 1, '_wp_trash_meta_status', 'publish'),
(35, 1, '_wp_trash_meta_time', '1596125348'),
(36, 1, '_wp_desired_post_slug', 'hello-world'),
(37, 1, '_wp_trash_meta_comments_status', 'a:1:{i:1;s:1:\"1\";}'),
(38, 17, '_wp_attached_file', '2020/07/yjimage.jpg'),
(39, 17, '_wp_attachment_metadata', 'a:5:{s:5:\"width\";i:275;s:6:\"height\";i:183;s:4:\"file\";s:19:\"2020/07/yjimage.jpg\";s:5:\"sizes\";a:2:{s:9:\"thumbnail\";a:4:{s:4:\"file\";s:19:\"yjimage-150x150.jpg\";s:5:\"width\";i:150;s:6:\"height\";i:150;s:9:\"mime-type\";s:10:\"image/jpeg\";}s:14:\"post-thumbnail\";a:4:{s:4:\"file\";s:19:\"yjimage-275x180.jpg\";s:5:\"width\";i:275;s:6:\"height\";i:180;s:9:\"mime-type\";s:10:\"image/jpeg\";}}s:10:\"image_meta\";a:12:{s:8:\"aperture\";s:1:\"0\";s:6:\"credit\";s:0:\"\";s:6:\"camera\";s:0:\"\";s:7:\"caption\";s:0:\"\";s:17:\"created_timestamp\";s:1:\"0\";s:9:\"copyright\";s:0:\"\";s:12:\"focal_length\";s:1:\"0\";s:3:\"iso\";s:1:\"0\";s:13:\"shutter_speed\";s:1:\"0\";s:5:\"title\";s:0:\"\";s:11:\"orientation\";s:1:\"0\";s:8:\"keywords\";a:0:{}}}'),
(40, 14, '_thumbnail_id', '17'),
(47, 14, '_wp_old_date', '2020-07-31'),
(52, 14, '_pingme', '1'),
(53, 14, '_encloseme', '1'),
(54, 14, 'sns_share_botton_hide', 'true'),
(55, 14, 'vkexunit_cta_each_option', 'disable'),
(56, 14, '_vk_print_noindex', 'true'),
(57, 20, '_edit_lock', '1596127652:1'),
(58, 20, '_edit_last', '1'),
(59, 20, '_lightning_design_setting', 'a:1:{s:6:\"layout\";s:7:\"default\";}'),
(61, 20, 'vkExUnit_childPageIndex', 'on'),
(63, 25, '_edit_lock', '1596133231:1'),
(64, 25, '_thumbnail_id', '17'),
(65, 25, '_edit_last', '1'),
(66, 25, '_lightning_design_setting', 'a:1:{s:6:\"layout\";s:7:\"default\";}'),
(67, 25, 'vkExUnit_pageList_ancestor', 'on'),
(68, 28, '_edit_lock', '1596129182:1'),
(69, 28, '_thumbnail_id', '17'),
(70, 28, '_edit_last', '1'),
(71, 28, '_lightning_design_setting', 'a:1:{s:6:\"layout\";s:7:\"default\";}'),
(72, 28, 'vkExUnit_pageList_ancestor', 'on'),
(76, 28, 'sns_share_botton_hide', 'true'),
(77, 28, 'vkexunit_cta_each_option', 'disable'),
(78, 28, '_vk_print_noindex', 'true'),
(79, 20, 'sns_share_botton_hide', 'true'),
(80, 20, 'vkexunit_cta_each_option', 'disable'),
(81, 20, '_vk_print_noindex', 'true'),
(82, 30, '_menu_item_type', 'post_type'),
(83, 30, '_menu_item_menu_item_parent', '0'),
(84, 30, '_menu_item_object_id', '20'),
(85, 30, '_menu_item_object', 'page'),
(86, 30, '_menu_item_target', ''),
(87, 30, '_menu_item_classes', 'a:1:{i:0;s:0:\"\";}'),
(88, 30, '_menu_item_xfn', ''),
(89, 30, '_menu_item_url', ''),
(91, 31, '_menu_item_type', 'post_type'),
(92, 31, '_menu_item_menu_item_parent', '30'),
(93, 31, '_menu_item_object_id', '28'),
(94, 31, '_menu_item_object', 'page'),
(95, 31, '_menu_item_target', ''),
(96, 31, '_menu_item_classes', 'a:1:{i:0;s:0:\"\";}'),
(97, 31, '_menu_item_xfn', ''),
(98, 31, '_menu_item_url', ''),
(100, 32, '_menu_item_type', 'post_type'),
(101, 32, '_menu_item_menu_item_parent', '30'),
(102, 32, '_menu_item_object_id', '25'),
(103, 32, '_menu_item_object', 'page'),
(104, 32, '_menu_item_target', ''),
(105, 32, '_menu_item_classes', 'a:1:{i:0;s:0:\"\";}'),
(106, 32, '_menu_item_xfn', ''),
(107, 32, '_menu_item_url', ''),
(109, 33, '_menu_item_type', 'custom'),
(110, 33, '_menu_item_menu_item_parent', '0'),
(111, 33, '_menu_item_object_id', '33'),
(112, 33, '_menu_item_object', 'custom'),
(113, 33, '_menu_item_target', ''),
(114, 33, '_menu_item_classes', 'a:1:{i:0;s:0:\"\";}'),
(115, 33, '_menu_item_xfn', ''),
(116, 33, '_menu_item_url', 'https://baseball.sumomo.ne.jp/'),
(120, 35, '_edit_lock', '1596129875:1'),
(121, 36, '_wp_attached_file', '2020/07/LB.png'),
(122, 36, '_wp_attachment_metadata', 'a:5:{s:5:\"width\";i:400;s:6:\"height\";i:400;s:4:\"file\";s:14:\"2020/07/LB.png\";s:5:\"sizes\";a:3:{s:6:\"medium\";a:4:{s:4:\"file\";s:14:\"LB-300x300.png\";s:5:\"width\";i:300;s:6:\"height\";i:300;s:9:\"mime-type\";s:9:\"image/png\";}s:9:\"thumbnail\";a:4:{s:4:\"file\";s:14:\"LB-150x150.png\";s:5:\"width\";i:150;s:6:\"height\";i:150;s:9:\"mime-type\";s:9:\"image/png\";}s:14:\"post-thumbnail\";a:4:{s:4:\"file\";s:14:\"LB-320x180.png\";s:5:\"width\";i:320;s:6:\"height\";i:180;s:9:\"mime-type\";s:9:\"image/png\";}}s:10:\"image_meta\";a:12:{s:8:\"aperture\";s:1:\"0\";s:6:\"credit\";s:0:\"\";s:6:\"camera\";s:0:\"\";s:7:\"caption\";s:0:\"\";s:17:\"created_timestamp\";s:1:\"0\";s:9:\"copyright\";s:0:\"\";s:12:\"focal_length\";s:1:\"0\";s:3:\"iso\";s:1:\"0\";s:13:\"shutter_speed\";s:1:\"0\";s:5:\"title\";s:0:\"\";s:11:\"orientation\";s:1:\"0\";s:8:\"keywords\";a:0:{}}}'),
(123, 37, '_wp_attached_file', '2020/07/cropped-LB.png'),
(124, 37, '_wp_attachment_context', 'site-icon'),
(125, 37, '_wp_attachment_metadata', 'a:5:{s:5:\"width\";i:512;s:6:\"height\";i:512;s:4:\"file\";s:22:\"2020/07/cropped-LB.png\";s:5:\"sizes\";a:7:{s:6:\"medium\";a:4:{s:4:\"file\";s:22:\"cropped-LB-300x300.png\";s:5:\"width\";i:300;s:6:\"height\";i:300;s:9:\"mime-type\";s:9:\"image/png\";}s:9:\"thumbnail\";a:4:{s:4:\"file\";s:22:\"cropped-LB-150x150.png\";s:5:\"width\";i:150;s:6:\"height\";i:150;s:9:\"mime-type\";s:9:\"image/png\";}s:14:\"post-thumbnail\";a:4:{s:4:\"file\";s:22:\"cropped-LB-320x180.png\";s:5:\"width\";i:320;s:6:\"height\";i:180;s:9:\"mime-type\";s:9:\"image/png\";}s:13:\"site_icon-270\";a:4:{s:4:\"file\";s:22:\"cropped-LB-270x270.png\";s:5:\"width\";i:270;s:6:\"height\";i:270;s:9:\"mime-type\";s:9:\"image/png\";}s:13:\"site_icon-192\";a:4:{s:4:\"file\";s:22:\"cropped-LB-192x192.png\";s:5:\"width\";i:192;s:6:\"height\";i:192;s:9:\"mime-type\";s:9:\"image/png\";}s:13:\"site_icon-180\";a:4:{s:4:\"file\";s:22:\"cropped-LB-180x180.png\";s:5:\"width\";i:180;s:6:\"height\";i:180;s:9:\"mime-type\";s:9:\"image/png\";}s:12:\"site_icon-32\";a:4:{s:4:\"file\";s:20:\"cropped-LB-32x32.png\";s:5:\"width\";i:32;s:6:\"height\";i:32;s:9:\"mime-type\";s:9:\"image/png\";}}s:10:\"image_meta\";a:12:{s:8:\"aperture\";s:1:\"0\";s:6:\"credit\";s:0:\"\";s:6:\"camera\";s:0:\"\";s:7:\"caption\";s:0:\"\";s:17:\"created_timestamp\";s:1:\"0\";s:9:\"copyright\";s:0:\"\";s:12:\"focal_length\";s:1:\"0\";s:3:\"iso\";s:1:\"0\";s:13:\"shutter_speed\";s:1:\"0\";s:5:\"title\";s:0:\"\";s:11:\"orientation\";s:1:\"0\";s:8:\"keywords\";a:0:{}}}'),
(126, 35, '_wp_trash_meta_status', 'publish'),
(127, 35, '_wp_trash_meta_time', '1596129900'),
(128, 38, '_edit_lock', '1596130021:1'),
(129, 38, '_edit_last', '1'),
(130, 38, '_lightning_design_setting', 'a:1:{s:6:\"layout\";s:7:\"default\";}'),
(131, 38, 'vkExUnit_sitemap', 'on'),
(132, 38, 'sns_share_botton_hide', 'true'),
(133, 38, 'vkexunit_cta_each_option', 'disable'),
(134, 38, '_vk_print_noindex', 'true'),
(135, 40, '_menu_item_type', 'post_type'),
(136, 40, '_menu_item_menu_item_parent', '0'),
(137, 40, '_menu_item_object_id', '38'),
(138, 40, '_menu_item_object', 'page'),
(139, 40, '_menu_item_target', ''),
(140, 40, '_menu_item_classes', 'a:1:{i:0;s:0:\"\";}'),
(141, 40, '_menu_item_xfn', ''),
(142, 40, '_menu_item_url', ''),
(143, 40, '_menu_item_orphaned', '1596130033'),
(144, 41, '_edit_lock', '1596130642:1'),
(145, 41, '_wp_trash_meta_status', 'publish'),
(146, 41, '_wp_trash_meta_time', '1596130645'),
(147, 42, '_edit_lock', '1596130788:1'),
(148, 42, '_edit_last', '1'),
(149, 42, 'vkExUnit_pageList_ancestor', 'on'),
(150, 42, '_lightning_design_setting', 'a:1:{s:6:\"layout\";s:7:\"default\";}'),
(157, 42, '_thumbnail_id', '17'),
(161, 42, 'sns_share_botton_hide', 'true'),
(162, 42, 'vkexunit_cta_each_option', 'disable'),
(163, 42, '_vk_print_noindex', 'true'),
(164, 44, '_menu_item_type', 'post_type'),
(165, 44, '_menu_item_menu_item_parent', '30'),
(166, 44, '_menu_item_object_id', '42'),
(167, 44, '_menu_item_object', 'page'),
(168, 44, '_menu_item_target', ''),
(169, 44, '_menu_item_classes', 'a:1:{i:0;s:0:\"\";}'),
(170, 44, '_menu_item_xfn', ''),
(171, 44, '_menu_item_url', ''),
(173, 45, '_wp_trash_meta_status', 'publish'),
(174, 45, '_wp_trash_meta_time', '1596130902'),
(175, 46, '_edit_lock', '1596131186:1'),
(176, 46, '_wp_trash_meta_status', 'publish'),
(177, 46, '_wp_trash_meta_time', '1596131187'),
(178, 47, '_wp_trash_meta_status', 'publish'),
(179, 47, '_wp_trash_meta_time', '1596131270'),
(180, 48, '_edit_lock', '1596131306:1'),
(181, 48, '_wp_trash_meta_status', 'publish'),
(182, 48, '_wp_trash_meta_time', '1596131318'),
(183, 49, '_edit_lock', '1596131366:1'),
(184, 49, '_wp_trash_meta_status', 'publish'),
(185, 49, '_wp_trash_meta_time', '1596131366'),
(186, 50, '_wp_trash_meta_status', 'publish'),
(187, 50, '_wp_trash_meta_time', '1596131407'),
(188, 51, '_form', '<label> お名前 (必須)\n    [text* your-name] </label>\n\n<label> メールアドレス (必須)\n    [email* your-email] </label>\n\n<label> 題名\n    [text your-subject] </label>\n\n<label> メッセージ本文\n    [textarea your-message] </label>\n\n[submit \"送信\"]'),
(189, 51, '_mail', 'a:8:{s:7:\"subject\";s:43:\"Safety and the Environment \"[your-subject]\"\";s:6:\"sender\";s:60:\"Safety and the Environment <wordpress@baseball.sumomo.ne.jp>\";s:4:\"body\";s:243:\"差出人: [your-name] <[your-email]>\n題名: [your-subject]\n\nメッセージ本文:\n[your-message]\n\n-- \nこのメールは Safety and the Environment (https://baseball.sumomo.ne.jp) のお問い合わせフォームから送信されました\";s:9:\"recipient\";s:24:\"sayaka20090807@gmail.com\";s:18:\"additional_headers\";s:22:\"Reply-To: [your-email]\";s:11:\"attachments\";s:0:\"\";s:8:\"use_html\";i:0;s:13:\"exclude_blank\";i:0;}'),
(190, 51, '_mail_2', 'a:9:{s:6:\"active\";b:0;s:7:\"subject\";s:43:\"Safety and the Environment \"[your-subject]\"\";s:6:\"sender\";s:60:\"Safety and the Environment <wordpress@baseball.sumomo.ne.jp>\";s:4:\"body\";s:181:\"メッセージ本文:\n[your-message]\n\n-- \nこのメールは Safety and the Environment (https://baseball.sumomo.ne.jp) のお問い合わせフォームから送信されました\";s:9:\"recipient\";s:12:\"[your-email]\";s:18:\"additional_headers\";s:34:\"Reply-To: sayaka20090807@gmail.com\";s:11:\"attachments\";s:0:\"\";s:8:\"use_html\";i:0;s:13:\"exclude_blank\";i:0;}'),
(191, 51, '_messages', 'a:8:{s:12:\"mail_sent_ok\";s:75:\"ありがとうございます。メッセージは送信されました。\";s:12:\"mail_sent_ng\";s:84:\"メッセージの送信に失敗しました。後でまたお試しください。\";s:16:\"validation_error\";s:81:\"入力内容に問題があります。確認して再度お試しください。\";s:4:\"spam\";s:84:\"メッセージの送信に失敗しました。後でまたお試しください。\";s:12:\"accept_terms\";s:66:\"メッセージを送信する前に承諾確認が必要です。\";s:16:\"invalid_required\";s:42:\"必須項目に入力してください。\";s:16:\"invalid_too_long\";s:48:\"入力されたテキストが長すぎます。\";s:17:\"invalid_too_short\";s:48:\"入力されたテキストが短すぎます。\";}'),
(192, 51, '_additional_settings', NULL),
(193, 51, '_locale', 'ja'),
(194, 52, '_form', '<label> 申請会社名 (必須) [text* your-company] </label>\n<label> 申請責任者 (必須) [text* your-name] </label>\n<label> 申請TEL(必須)[tel* telphone]</label>\n<label> email (必須) [email* your-email] </label>\n<label> 作業名 (必須) [text* your-subject] </label>\n<label> 作業場所\n   [select* menu-basyo include_blank \"1-玄関\" \"1-サービスヤード\" \"2-南東搬入口\" \"2-北東搬入口\"]</label>\n\n<label> 開始日[date date-start]</label>\n<label> 終了日[date date-stop]</label>\n\n<label> 実施会社名 (必須) [text* Contractor-company] </label>\n<label> 実施責任者 (必須) [text* Contractor-name] </label>\n<label> 実施責任者TEL1(必須)[tel* Contractor-telphone1]</label>\n<label> 実施責任者TEL2(必須)[tel* Contractor-telphone2]</label>\n\n<label> 備考\n    [textarea your-message] </label>\n\n<label> 添付ファイル（jpeg,gif）[file file-uproad1]</label>\n<label> 添付ファイル（EXCEL,zip）\n　　[file file-upload-xlsm limit:10000000 filetypes:xls|xlsx|xlsm|zip]</label>\n\n[submit \"送信\"]'),
(195, 52, '_mail', 'a:9:{s:6:\"active\";b:1;s:7:\"subject\";s:43:\"Safety and the Environment \"[your-subject]\"\";s:6:\"sender\";s:48:\"届出サイト<wordpress@baseball.sumomo.ne.jp>\";s:9:\"recipient\";s:31:\"nanako@fresh-aroma.sakura.ne.jp\";s:4:\"body\";s:616:\"差出人: [your-name] <[your-email]>\n題名: [your-subject]\n\nメッセージ本文:\n[your-message]\n\n申請会社名：[your-company]\n申請責任者：[your-name]\n電話：[telphone]\nメール：[your-email]\n\n作業名：[your-subject]\n作業場所：[menu-basyo]\n\n日時：[date-start]～[date-stop]\n\n実施会社名：[Contractor-company]\n実施責任者：[Contractor-name]\n電話1：[Contractor-telphone1]\n電話2：[Contractor-telphone2]\n\n備考：[your-message]\n\n\n\n\n\n-- \nこのメールは Safety and the Environment (https://baseball.sumomo.ne.jp) のお問い合わせフォームから送信されました\";s:18:\"additional_headers\";s:22:\"Reply-To: [your-email]\";s:11:\"attachments\";s:76:\"[file-uproad1]\n[file-upload-xlsm limit:10000000 filetypes:xls|xlsx|xlsm|zip]\";s:8:\"use_html\";b:0;s:13:\"exclude_blank\";b:0;}'),
(196, 52, '_mail_2', 'a:9:{s:6:\"active\";b:0;s:7:\"subject\";s:43:\"Safety and the Environment \"[your-subject]\"\";s:6:\"sender\";s:60:\"Safety and the Environment <wordpress@baseball.sumomo.ne.jp>\";s:9:\"recipient\";s:12:\"[your-email]\";s:4:\"body\";s:181:\"メッセージ本文:\n[your-message]\n\n-- \nこのメールは Safety and the Environment (https://baseball.sumomo.ne.jp) のお問い合わせフォームから送信されました\";s:18:\"additional_headers\";s:34:\"Reply-To: sayaka20090807@gmail.com\";s:11:\"attachments\";s:0:\"\";s:8:\"use_html\";b:0;s:13:\"exclude_blank\";b:0;}'),
(197, 52, '_messages', 'a:22:{s:12:\"mail_sent_ok\";s:75:\"ありがとうございます。メッセージは送信されました。\";s:12:\"mail_sent_ng\";s:84:\"メッセージの送信に失敗しました。後でまたお試しください。\";s:16:\"validation_error\";s:81:\"入力内容に問題があります。確認して再度お試しください。\";s:4:\"spam\";s:84:\"メッセージの送信に失敗しました。後でまたお試しください。\";s:12:\"accept_terms\";s:66:\"メッセージを送信する前に承諾確認が必要です。\";s:16:\"invalid_required\";s:42:\"必須項目に入力してください。\";s:16:\"invalid_too_long\";s:48:\"入力されたテキストが長すぎます。\";s:17:\"invalid_too_short\";s:48:\"入力されたテキストが短すぎます。\";s:12:\"invalid_date\";s:45:\"日付の形式が正しくありません。\";s:14:\"date_too_early\";s:42:\"選択された日付は早すぎます。\";s:13:\"date_too_late\";s:42:\"選択された日付は遅すぎます。\";s:13:\"upload_failed\";s:81:\"ファイルのアップロード時に不明なエラーが発生しました。\";s:24:\"upload_file_type_invalid\";s:66:\"この形式のファイルはアップロードできません。\";s:21:\"upload_file_too_large\";s:36:\"ファイルが大きすぎます。\";s:23:\"upload_failed_php_error\";s:72:\"ファイルのアップロード中にエラーが発生しました。\";s:14:\"invalid_number\";s:45:\"数値の形式に間違いがあります。\";s:16:\"number_too_small\";s:45:\"入力された数値が小さすぎます。\";s:16:\"number_too_large\";s:48:\"数値が最大許容値を超えています。\";s:23:\"quiz_answer_not_correct\";s:48:\"クイズの答えが正しくありません。\";s:13:\"invalid_email\";s:66:\"入力されたメールアドレスに間違いがあります。\";s:11:\"invalid_url\";s:34:\"URL に間違いがあります。\";s:11:\"invalid_tel\";s:42:\"電話番号に間違いがあります。\";}'),
(198, 52, '_additional_settings', ''),
(199, 52, '_locale', 'ja'),
(200, 25, 'sns_share_botton_hide', 'true'),
(201, 25, 'vkexunit_cta_each_option', 'disable'),
(202, 25, '_vk_print_noindex', 'true');

-- --------------------------------------------------------

--
-- テーブルの構造 `ballposts`
--

CREATE TABLE `ballposts` (
  `ID` bigint(20) UNSIGNED NOT NULL,
  `post_author` bigint(20) UNSIGNED NOT NULL DEFAULT '0',
  `post_date` datetime NOT NULL DEFAULT '0000-00-00 00:00:00',
  `post_date_gmt` datetime NOT NULL DEFAULT '0000-00-00 00:00:00',
  `post_content` longtext COLLATE utf8mb4_unicode_520_ci NOT NULL,
  `post_title` text COLLATE utf8mb4_unicode_520_ci NOT NULL,
  `post_excerpt` text COLLATE utf8mb4_unicode_520_ci NOT NULL,
  `post_status` varchar(20) COLLATE utf8mb4_unicode_520_ci NOT NULL DEFAULT 'publish',
  `comment_status` varchar(20) COLLATE utf8mb4_unicode_520_ci NOT NULL DEFAULT 'open',
  `ping_status` varchar(20) COLLATE utf8mb4_unicode_520_ci NOT NULL DEFAULT 'open',
  `post_password` varchar(255) COLLATE utf8mb4_unicode_520_ci NOT NULL DEFAULT '',
  `post_name` varchar(200) COLLATE utf8mb4_unicode_520_ci NOT NULL DEFAULT '',
  `to_ping` text COLLATE utf8mb4_unicode_520_ci NOT NULL,
  `pinged` text COLLATE utf8mb4_unicode_520_ci NOT NULL,
  `post_modified` datetime NOT NULL DEFAULT '0000-00-00 00:00:00',
  `post_modified_gmt` datetime NOT NULL DEFAULT '0000-00-00 00:00:00',
  `post_content_filtered` longtext COLLATE utf8mb4_unicode_520_ci NOT NULL,
  `post_parent` bigint(20) UNSIGNED NOT NULL DEFAULT '0',
  `guid` varchar(255) COLLATE utf8mb4_unicode_520_ci NOT NULL DEFAULT '',
  `menu_order` int(11) NOT NULL DEFAULT '0',
  `post_type` varchar(20) COLLATE utf8mb4_unicode_520_ci NOT NULL DEFAULT 'post',
  `post_mime_type` varchar(100) COLLATE utf8mb4_unicode_520_ci NOT NULL DEFAULT '',
  `comment_count` bigint(20) NOT NULL DEFAULT '0'
) ENGINE=InnoDB DEFAULT CHARSET=utf8mb4 COLLATE=utf8mb4_unicode_520_ci;

--
-- テーブルのデータのダンプ `ballposts`
--

INSERT INTO `ballposts` (`ID`, `post_author`, `post_date`, `post_date_gmt`, `post_content`, `post_title`, `post_excerpt`, `post_status`, `comment_status`, `ping_status`, `post_password`, `post_name`, `to_ping`, `pinged`, `post_modified`, `post_modified_gmt`, `post_content_filtered`, `post_parent`, `guid`, `menu_order`, `post_type`, `post_mime_type`, `comment_count`) VALUES
(1, 1, '2020-07-30 22:18:47', '2020-07-30 13:18:47', '<!-- wp:paragraph -->\n<p>WordPress へようこそ。こちらは最初の投稿です。編集または削除し、コンテンツ作成を始めてください。</p>\n<!-- /wp:paragraph -->', 'Hello world!', '', 'trash', 'open', 'open', '', 'hello-world__trashed', '', '', '2020-07-31 01:09:08', '2020-07-30 16:09:08', '', 0, 'http://baseball.sumomo.ne.jp/?p=1', 0, 'post', '', 1),
(2, 1, '2020-07-30 22:18:47', '2020-07-30 13:18:47', '<!-- wp:paragraph -->\n<p>これはサンプルページです。同じ位置に固定され、(多くのテーマでは) サイトナビゲーションメニューに含まれる点がブログ投稿とは異なります。まずは、サイト訪問者に対して自分のことを説明する自己紹介ページを作成するのが一般的です。たとえば以下のようなものです。</p>\n<!-- /wp:paragraph -->\n\n<!-- wp:quote -->\n<blockquote class=\"wp-block-quote\"><p>はじめまして。昼間はバイク便のメッセンジャーとして働いていますが、俳優志望でもあります。これは僕のサイトです。ロサンゼルスに住み、ジャックという名前のかわいい犬を飼っています。好きなものはピニャコラーダ、そして通り雨に濡れること。</p></blockquote>\n<!-- /wp:quote -->\n\n<!-- wp:paragraph -->\n<p>または、このようなものです。</p>\n<!-- /wp:paragraph -->\n\n<!-- wp:quote -->\n<blockquote class=\"wp-block-quote\"><p>XYZ 小道具株式会社は1971年の創立以来、高品質の小道具を皆様にご提供させていただいています。ゴッサム・シティに所在する当社では2,000名以上の社員が働いており、様々な形で地域のコミュニティへ貢献しています。</p></blockquote>\n<!-- /wp:quote -->\n\n<!-- wp:paragraph -->\n<p>新しく WordPress ユーザーになった方は、<a href=\"http://baseball.sumomo.ne.jp/wp-admin/\">ダッシュボード</a>へ行ってこのページを削除し、独自のコンテンツを含む新しいページを作成してください。それでは、お楽しみください !</p>\n<!-- /wp:paragraph -->', 'サンプルページ', '', 'publish', 'closed', 'open', '', 'sample-page', '', '', '2020-07-30 22:18:47', '2020-07-30 13:18:47', '', 0, 'http://baseball.sumomo.ne.jp/?page_id=2', 0, 'page', '', 0),
(3, 1, '2020-07-30 22:18:47', '2020-07-30 13:18:47', '<!-- wp:heading --><h2>私たちについて</h2><!-- /wp:heading --><!-- wp:paragraph --><p>私たちのサイトアドレスは http://baseball.sumomo.ne.jp です。</p><!-- /wp:paragraph --><!-- wp:heading --><h2>このサイトが収集する個人データと収集の理由</h2><!-- /wp:heading --><!-- wp:heading {\"level\":3} --><h3>コメント</h3><!-- /wp:heading --><!-- wp:paragraph --><p>訪問者がこのサイトにコメントを残す際、コメントフォームに表示されているデータ、そしてスパム検出に役立てるための IP アドレスとブラウザーユーザーエージェント文字列を収集します。</p><!-- /wp:paragraph --><!-- wp:paragraph --><p>メールアドレスから作成される匿名化された (「ハッシュ」とも呼ばれる) 文字列は、あなたが Gravatar サービスを使用中かどうか確認するため同サービスに提供されることがあります。同サービスのプライバシーポリシーは https://automattic.com/privacy/ にあります。コメントが承認されると、プロフィール画像がコメントとともに一般公開されます。</p><!-- /wp:paragraph --><!-- wp:heading {\"level\":3} --><h3>メディア</h3><!-- /wp:heading --><!-- wp:paragraph --><p>サイトに画像をアップロードする際、位置情報 (EXIF GPS) を含む画像をアップロードするべきではありません。サイトの訪問者は、サイトから画像をダウンロードして位置データを抽出することができます。</p><!-- /wp:paragraph --><!-- wp:heading {\"level\":3} --><h3>お問い合わせフォーム</h3><!-- /wp:heading --><!-- wp:heading {\"level\":3} --><h3>Cookie</h3><!-- /wp:heading --><!-- wp:paragraph --><p>サイトにコメントを残す際、お名前、メールアドレス、サイトを Cookie に保存することにオプトインできます。これはあなたの便宜のためであり、他のコメントを残す際に詳細情報を再入力する手間を省きます。この Cookie は1年間保持されます。</p><!-- /wp:paragraph --><!-- wp:paragraph --><p>ログインページを訪問すると、お使いのブラウザーが Cookie を受け入れられるかを判断するために一時 Cookie を設定します。この Cookie は個人データを含んでおらず、ブラウザーを閉じると廃棄されます。</p><!-- /wp:paragraph --><!-- wp:paragraph --><p>ログインの際さらに、ログイン情報と画面表示情報を保持するため、私たちはいくつかの Cookie を設定します。ログイン Cookie は2日間、画面表示オプション Cookie は1年間保持されます。「ログイン状態を保存する」を選択した場合、ログイン情報は2週間維持されます。ログアウトするとログイン Cookie は消去されます。</p><!-- /wp:paragraph --><!-- wp:paragraph --><p>もし投稿を編集または公開すると、さらなる Cookie がブラウザーに保存されます。この Cookie は個人データを含まず、単に変更した投稿の ID を示すものです。1日で有効期限が切れます。</p><!-- /wp:paragraph --><!-- wp:heading {\"level\":3} --><h3>他サイトからの埋め込みコンテンツ</h3><!-- /wp:heading --><!-- wp:paragraph --><p>このサイトの投稿には埋め込みコンテンツ (動画、画像、投稿など) が含まれます。他サイトからの埋め込みコンテンツは、訪問者がそのサイトを訪れた場合とまったく同じように振る舞います。</p><!-- /wp:paragraph --><!-- wp:paragraph --><p>これらのサイトは、あなたのデータの収集、Cookie の使用、サードパーティによる追加トラッキングの埋め込み、埋め込みコンテンツとのやりとりの監視を行うことがあります。アカウントを使ってそのサイトにログイン中の場合、埋め込みコンテンツとのやりとりのトラッキングも含まれます。</p><!-- /wp:paragraph --><!-- wp:heading {\"level\":3} --><h3>アナリティクス</h3><!-- /wp:heading --><!-- wp:heading --><h2>あなたのデータの共有先</h2><!-- /wp:heading --><!-- wp:heading --><h2>データを保存する期間</h2><!-- /wp:heading --><!-- wp:paragraph --><p>あなたがコメントを残すと、コメントとそのメタデータが無期限に保持されます。これは、モデレーションキューにコメントを保持しておく代わりに、フォローアップのコメントを自動的に認識し承認できるようにするためです。</p><!-- /wp:paragraph --><!-- wp:paragraph --><p>このサイトに登録したユーザーがいる場合、その方がユーザープロフィールページで提供した個人情報を保存します。すべてのユーザーは自分の個人情報を表示、編集、削除することができます (ただしユーザー名は変更することができません)。サイト管理者もそれらの情報を表示、編集できます。</p><!-- /wp:paragraph --><!-- wp:heading --><h2>データに対するあなたの権利</h2><!-- /wp:heading --><!-- wp:paragraph --><p>このサイトのアカウントを持っているか、サイトにコメントを残したことがある場合、私たちが保持するあなたについての個人データ (提供したすべてのデータを含む) をエクスポートファイルとして受け取るリクエストを行うことができます。また、個人データの消去リクエストを行うこともできます。これには、管理、法律、セキュリティ目的のために保持する義務があるデータは含まれません。</p><!-- /wp:paragraph --><!-- wp:heading --><h2>あなたのデータの送信先</h2><!-- /wp:heading --><!-- wp:paragraph --><p>訪問者によるコメントは、自動スパム検出サービスを通じて確認を行う場合があります。</p><!-- /wp:paragraph --><!-- wp:heading --><h2>あなたの連絡先情報</h2><!-- /wp:heading --><!-- wp:heading --><h2>追加情報</h2><!-- /wp:heading --><!-- wp:heading {\"level\":3} --><h3>データの保護方法</h3><!-- /wp:heading --><!-- wp:heading {\"level\":3} --><h3>データ漏洩対策手順</h3><!-- /wp:heading --><!-- wp:heading {\"level\":3} --><h3>データ送信元のサードパーティ</h3><!-- /wp:heading --><!-- wp:heading {\"level\":3} --><h3>ユーザーデータに対して行う自動的な意思決定およびプロファイリング</h3><!-- /wp:heading --><!-- wp:heading {\"level\":3} --><h3>業界規制の開示要件</h3><!-- /wp:heading -->', 'プライバシーポリシー', '', 'draft', 'closed', 'open', '', 'privacy-policy', '', '', '2020-07-30 22:18:47', '2020-07-30 13:18:47', '', 0, 'http://baseball.sumomo.ne.jp/?page_id=3', 0, 'page', '', 0),
(5, 1, '2020-07-30 23:29:29', '2020-07-30 14:29:29', '{\n    \"lightning_design_skin\": {\n        \"value\": \"origin2\",\n        \"type\": \"option\",\n        \"user_id\": 1,\n        \"date_modified_gmt\": \"2020-07-30 14:24:56\"\n    },\n    \"lightning_theme_options[color_key_dark]\": {\n        \"value\": \"#104675\",\n        \"type\": \"option\",\n        \"user_id\": 1,\n        \"date_modified_gmt\": \"2020-07-30 14:29:29\"\n    },\n    \"lightning_theme_options[color_key]\": {\n        \"value\": \"#5284ce\",\n        \"type\": \"option\",\n        \"user_id\": 1,\n        \"date_modified_gmt\": \"2020-07-30 14:29:29\"\n    }\n}', '', '', 'trash', 'closed', 'closed', '', 'cbe85d01-e20a-46da-8a25-ceb883dd0534', '', '', '2020-07-30 23:29:29', '2020-07-30 14:29:29', '', 0, 'https://baseball.sumomo.ne.jp/?p=5', 0, 'customize_changeset', '', 0),
(6, 1, '2020-07-31 00:13:21', '2020-07-30 15:13:21', '', 'ball21', '', 'inherit', 'open', 'closed', '', 'ball21', '', '', '2020-07-31 00:13:21', '2020-07-30 15:13:21', '', 0, 'http://baseball.sumomo.ne.jp/wp-content/uploads/2020/07/ball21.jpg', 0, 'attachment', 'image/jpeg', 0),
(7, 1, '2020-07-31 00:13:46', '2020-07-30 15:13:46', '', 'ball22', '', 'inherit', 'open', 'closed', '', 'ball22', '', '', '2020-07-31 00:13:46', '2020-07-30 15:13:46', '', 0, 'http://baseball.sumomo.ne.jp/wp-content/uploads/2020/07/ball22.jpg', 0, 'attachment', 'image/jpeg', 0),
(8, 1, '2020-07-31 00:13:54', '2020-07-30 15:13:54', '{\n    \"lightning_theme_options[top_slide_image_1]\": {\n        \"value\": \"https://baseball.sumomo.ne.jp/wp-content/uploads/2020/07/ball21.jpg\",\n        \"type\": \"option\",\n        \"user_id\": 1,\n        \"date_modified_gmt\": \"2020-07-30 15:13:54\"\n    },\n    \"lightning_theme_options[top_slide_image_2]\": {\n        \"value\": \"https://baseball.sumomo.ne.jp/wp-content/uploads/2020/07/ball22.jpg\",\n        \"type\": \"option\",\n        \"user_id\": 1,\n        \"date_modified_gmt\": \"2020-07-30 15:13:54\"\n    }\n}', '', '', 'trash', 'closed', 'closed', '', 'bb9e36a2-6705-4700-b07b-f9942d3dd258', '', '', '2020-07-31 00:13:54', '2020-07-30 15:13:54', '', 0, 'https://baseball.sumomo.ne.jp/index.php/2020/07/31/bb9e36a2-6705-4700-b07b-f9942d3dd258/', 0, 'customize_changeset', '', 0),
(9, 1, '2020-07-31 00:41:57', '2020-07-30 15:41:57', '{\n    \"lightning_theme_options[top_slide_cover_color_1]\": {\n        \"value\": \"\",\n        \"type\": \"option\",\n        \"user_id\": 1,\n        \"date_modified_gmt\": \"2020-07-30 15:16:35\"\n    },\n    \"lightning_theme_options[top_slide_cover_opacity_1]\": {\n        \"value\": \"50\",\n        \"type\": \"option\",\n        \"user_id\": 1,\n        \"date_modified_gmt\": \"2020-07-30 15:16:35\"\n    },\n    \"lightning_theme_options[top_slide_url_1]\": {\n        \"value\": \"https://baseball.sumomo.ne.jp\",\n        \"type\": \"option\",\n        \"user_id\": 1,\n        \"date_modified_gmt\": \"2020-07-30 15:17:35\"\n    },\n    \"lightning_theme_options[top_slide_text_title_1]\": {\n        \"value\": \"Promotion Office<br>for Research Safety and the Environmental Conservation \",\n        \"type\": \"option\",\n        \"user_id\": 1,\n        \"date_modified_gmt\": \"2020-07-30 15:41:35\"\n    },\n    \"lightning_theme_options[top_slide_text_caption_1]\": {\n        \"value\": \"- \\u5404\\u7a2e\\u5c4a\\u51fa -\",\n        \"type\": \"option\",\n        \"user_id\": 1,\n        \"date_modified_gmt\": \"2020-07-30 15:25:35\"\n    },\n    \"lightning_theme_options[top_slide_text_color_1]\": {\n        \"value\": \"#ffffff\",\n        \"type\": \"option\",\n        \"user_id\": 1,\n        \"date_modified_gmt\": \"2020-07-30 15:27:35\"\n    },\n    \"lightning_theme_options[top_slide_text_shadow_color_1]\": {\n        \"value\": \"#000000\",\n        \"type\": \"option\",\n        \"user_id\": 1,\n        \"date_modified_gmt\": \"2020-07-30 15:29:35\"\n    },\n    \"lightning_theme_options[top_slide_text_shadow_use_1]\": {\n        \"value\": true,\n        \"type\": \"option\",\n        \"user_id\": 1,\n        \"date_modified_gmt\": \"2020-07-30 15:28:35\"\n    },\n    \"lightning_theme_options[top_slide_effect]\": {\n        \"value\": \"fade\",\n        \"type\": \"option\",\n        \"user_id\": 1,\n        \"date_modified_gmt\": \"2020-07-30 15:40:35\"\n    },\n    \"lightning_theme_options[top_slide_text_title_2]\": {\n        \"value\": \"Promotion Office<br>for Research Safety and the Environmental Conservation \",\n        \"type\": \"option\",\n        \"user_id\": 1,\n        \"date_modified_gmt\": \"2020-07-30 15:41:35\"\n    },\n    \"lightning_theme_options[top_slide_text_caption_2]\": {\n        \"value\": \"- \\u5404\\u7a2e\\u5c4a\\u51fa -\",\n        \"type\": \"option\",\n        \"user_id\": 1,\n        \"date_modified_gmt\": \"2020-07-30 15:41:35\"\n    },\n    \"lightning_theme_options[top_slide_text_color_2]\": {\n        \"value\": \"#ffffff\",\n        \"type\": \"option\",\n        \"user_id\": 1,\n        \"date_modified_gmt\": \"2020-07-30 15:41:57\"\n    },\n    \"lightning_theme_options[top_slide_text_shadow_color_2]\": {\n        \"value\": \"#000000\",\n        \"type\": \"option\",\n        \"user_id\": 1,\n        \"date_modified_gmt\": \"2020-07-30 15:41:57\"\n    }\n}', '', '', 'trash', 'closed', 'closed', '', '02e4c939-9c1e-4d54-89ec-f31646d0f579', '', '', '2020-07-31 00:41:57', '2020-07-30 15:41:57', '', 0, 'https://baseball.sumomo.ne.jp/?p=9', 0, 'customize_changeset', '', 0),
(11, 1, '2020-07-31 00:52:20', '2020-07-30 15:52:20', '{\n    \"lightning_theme_options[top_slide_cover_color_1]\": {\n        \"value\": \"#000000\",\n        \"type\": \"option\",\n        \"user_id\": 1,\n        \"date_modified_gmt\": \"2020-07-30 15:52:20\"\n    },\n    \"lightning_theme_options[top_slide_cover_color_2]\": {\n        \"value\": \"#000000\",\n        \"type\": \"option\",\n        \"user_id\": 1,\n        \"date_modified_gmt\": \"2020-07-30 15:52:20\"\n    },\n    \"lightning_theme_options[top_slide_cover_opacity_2]\": {\n        \"value\": \"50\",\n        \"type\": \"option\",\n        \"user_id\": 1,\n        \"date_modified_gmt\": \"2020-07-30 15:52:20\"\n    }\n}', '', '', 'trash', 'closed', 'closed', '', 'f26b1051-80cb-4e74-90a1-9252ed4075d5', '', '', '2020-07-31 00:52:20', '2020-07-30 15:52:20', '', 0, 'https://baseball.sumomo.ne.jp/index.php/2020/07/31/f26b1051-80cb-4e74-90a1-9252ed4075d5/', 0, 'customize_changeset', '', 0),
(12, 1, '2020-07-31 00:53:47', '2020-07-30 15:53:47', '{\n    \"lightning_theme_options[top_slide_effect]\": {\n        \"value\": \"fade\",\n        \"type\": \"option\",\n        \"user_id\": 1,\n        \"date_modified_gmt\": \"2020-07-30 15:53:47\"\n    }\n}', '', '', 'trash', 'closed', 'closed', '', '61ec0436-f140-4d1e-b4d5-546474c4b64e', '', '', '2020-07-31 00:53:47', '2020-07-30 15:53:47', '', 0, 'https://baseball.sumomo.ne.jp/index.php/2020/07/31/61ec0436-f140-4d1e-b4d5-546474c4b64e/', 0, 'customize_changeset', '', 0),
(14, 1, '2020-07-26 20:00:00', '2020-07-26 11:00:00', '<!-- wp:paragraph -->\n<p>各種届出を掲載してゆきます</p>\n<!-- /wp:paragraph -->', 'WEBサイト新設しました', '', 'publish', 'open', 'open', '', 'web-site-open', '', '', '2020-07-31 01:18:30', '2020-07-30 16:18:30', '', 0, 'https://baseball.sumomo.ne.jp/?p=14', 0, 'post', '', 0),
(15, 1, '2020-07-31 01:05:40', '2020-07-30 16:05:40', '<!-- wp:paragraph -->\n<p>各種届出はこちらから</p>\n<!-- /wp:paragraph -->', 'WEBサイト新設しました', '', 'inherit', 'closed', 'closed', '', '14-revision-v1', '', '', '2020-07-31 01:05:40', '2020-07-30 16:05:40', '', 14, 'https://baseball.sumomo.ne.jp/index.php/2020/07/31/14-revision-v1/', 0, 'revision', '', 0),
(16, 1, '2020-07-31 01:09:08', '2020-07-30 16:09:08', '<!-- wp:paragraph -->\n<p>WordPress へようこそ。こちらは最初の投稿です。編集または削除し、コンテンツ作成を始めてください。</p>\n<!-- /wp:paragraph -->', 'Hello world!', '', 'inherit', 'closed', 'closed', '', '1-revision-v1', '', '', '2020-07-31 01:09:08', '2020-07-30 16:09:08', '', 1, 'https://baseball.sumomo.ne.jp/index.php/2020/07/31/1-revision-v1/', 0, 'revision', '', 0),
(17, 1, '2020-07-31 01:09:54', '2020-07-30 16:09:54', '', 'yjimage', '', 'inherit', 'open', 'closed', '', 'yjimage', '', '', '2020-07-31 01:09:54', '2020-07-30 16:09:54', '', 14, 'http://baseball.sumomo.ne.jp/wp-content/uploads/2020/07/yjimage.jpg', 0, 'attachment', 'image/jpeg', 0),
(19, 1, '2020-07-31 01:14:40', '2020-07-30 16:14:40', '<!-- wp:paragraph -->\n<p>各種届出を掲載してゆきます</p>\n<!-- /wp:paragraph -->', 'WEBサイト新設しました', '', 'inherit', 'closed', 'closed', '', '14-revision-v1', '', '', '2020-07-31 01:14:40', '2020-07-30 16:14:40', '', 14, 'https://baseball.sumomo.ne.jp/index.php/2020/07/31/14-revision-v1/', 0, 'revision', '', 0),
(20, 1, '2020-07-31 01:27:37', '2020-07-30 16:27:37', '<!-- wp:paragraph -->\n<p>下記の入力フォームに必要事項を入力した後、「送信」ボタンを押してください。</p>\n<!-- /wp:paragraph -->\n\n<!-- wp:paragraph -->\n<p>届出にあたっては、以下に示す届出手順をご覧ください。</p>\n<!-- /wp:paragraph -->\n\n<!-- wp:paragraph -->\n<p></p>\n<!-- /wp:paragraph -->', '各種届出フォーム', '', 'publish', 'closed', 'closed', '', 'todokede', '', '', '2020-07-31 01:47:31', '2020-07-30 16:47:31', '', 0, 'https://baseball.sumomo.ne.jp/?page_id=20', 0, 'page', '', 0),
(21, 1, '2020-07-31 01:27:37', '2020-07-30 16:27:37', '<!-- wp:paragraph -->\n<p>下記の入力フォームに必要事項を入力した後、「送信」ボタンを押してください。</p>\n<!-- /wp:paragraph -->\n\n<!-- wp:paragraph -->\n<p>届出にあたっては、以下に示す届出手順をご覧ください。</p>\n<!-- /wp:paragraph -->\n\n<!-- wp:paragraph -->\n<p></p>\n<!-- /wp:paragraph -->', '【届出form】建物使用届', '', 'inherit', 'closed', 'closed', '', '20-revision-v1', '', '', '2020-07-31 01:27:37', '2020-07-30 16:27:37', '', 20, 'https://baseball.sumomo.ne.jp/index.php/2020/07/31/20-revision-v1/', 0, 'revision', '', 0),
(23, 1, '2020-07-31 01:34:29', '2020-07-30 16:34:29', '<!-- wp:paragraph -->\n<p>下記の入力フォームに必要事項を入力した後、「送信」ボタンを押してください。</p>\n<!-- /wp:paragraph -->\n\n<!-- wp:paragraph -->\n<p>届出にあたっては、以下に示す届出手順をご覧ください。</p>\n<!-- /wp:paragraph -->\n\n<!-- wp:paragraph -->\n<p></p>\n<!-- /wp:paragraph -->', '各種届出フォーム', '', 'inherit', 'closed', 'closed', '', '20-revision-v1', '', '', '2020-07-31 01:34:29', '2020-07-30 16:34:29', '', 20, 'https://baseball.sumomo.ne.jp/index.php/2020/07/31/20-revision-v1/', 0, 'revision', '', 0),
(25, 1, '2020-07-31 01:37:40', '2020-07-30 16:37:40', '<!-- wp:shortcode -->\n[contact-form-7 id=\"52\" title=\"建物使用届フォーム\"]\n<!-- /wp:shortcode -->', '建物使用届', '', 'publish', 'closed', 'closed', '', 'tatemono', '', '', '2020-07-31 03:20:30', '2020-07-30 18:20:30', '', 20, 'https://baseball.sumomo.ne.jp/?page_id=25', 0, 'page', '', 0),
(26, 1, '2020-07-31 01:37:40', '2020-07-30 16:37:40', '', '建物使用届', '', 'inherit', 'closed', 'closed', '', '25-revision-v1', '', '', '2020-07-31 01:37:40', '2020-07-30 16:37:40', '', 25, 'https://baseball.sumomo.ne.jp/index.php/2020/07/31/25-revision-v1/', 0, 'revision', '', 0),
(28, 1, '2020-07-31 01:43:02', '2020-07-30 16:43:02', '', '火気使用願', '', 'publish', 'closed', 'closed', '', 'kakisiyou', '', '', '2020-07-31 01:47:10', '2020-07-30 16:47:10', '', 20, 'https://baseball.sumomo.ne.jp/?page_id=28', 1, 'page', '', 0),
(29, 1, '2020-07-31 01:43:02', '2020-07-30 16:43:02', '', '火気使用願', '', 'inherit', 'closed', 'closed', '', '28-revision-v1', '', '', '2020-07-31 01:43:02', '2020-07-30 16:43:02', '', 28, 'https://baseball.sumomo.ne.jp/index.php/2020/07/31/28-revision-v1/', 0, 'revision', '', 0),
(30, 1, '2020-07-31 02:13:40', '2020-07-30 17:13:40', 'Request', '', '', 'publish', 'closed', 'closed', '', '30', '', '', '2020-07-31 02:40:23', '2020-07-30 17:40:23', '', 0, 'https://baseball.sumomo.ne.jp/?p=30', 2, 'nav_menu_item', '', 0),
(31, 1, '2020-07-31 02:13:40', '2020-07-30 17:13:40', ' ', '', '', 'publish', 'closed', 'closed', '', '31', '', '', '2020-07-31 02:40:23', '2020-07-30 17:40:23', '', 20, 'https://baseball.sumomo.ne.jp/?p=31', 4, 'nav_menu_item', '', 0),
(32, 1, '2020-07-31 02:13:40', '2020-07-30 17:13:40', ' ', '', '', 'publish', 'closed', 'closed', '', '32', '', '', '2020-07-31 02:40:23', '2020-07-30 17:40:23', '', 20, 'https://baseball.sumomo.ne.jp/?p=32', 3, 'nav_menu_item', '', 0),
(33, 1, '2020-07-31 02:13:40', '2020-07-30 17:13:40', 'HOME', 'ホーム', '', 'publish', 'closed', 'closed', '', '%e3%83%9b%e3%83%bc%e3%83%a0', '', '', '2020-07-31 02:40:23', '2020-07-30 17:40:23', '', 0, 'https://baseball.sumomo.ne.jp/?p=33', 1, 'nav_menu_item', '', 0),
(35, 1, '2020-07-31 02:25:00', '2020-07-30 17:25:00', '{\n    \"blogname\": {\n        \"value\": \"Safety and the Environment\",\n        \"type\": \"option\",\n        \"user_id\": 1,\n        \"date_modified_gmt\": \"2020-07-30 17:24:35\"\n    },\n    \"blogdescription\": {\n        \"value\": \"\",\n        \"type\": \"option\",\n        \"user_id\": 1,\n        \"date_modified_gmt\": \"2020-07-30 17:23:35\"\n    },\n    \"site_icon\": {\n        \"value\": 37,\n        \"type\": \"option\",\n        \"user_id\": 1,\n        \"date_modified_gmt\": \"2020-07-30 17:25:00\"\n    }\n}', '', '', 'trash', 'closed', 'closed', '', '391771c5-628a-49a3-84c4-c2ad0c044d33', '', '', '2020-07-31 02:25:00', '2020-07-30 17:25:00', '', 0, 'https://baseball.sumomo.ne.jp/?p=35', 0, 'customize_changeset', '', 0),
(36, 1, '2020-07-31 02:24:45', '2020-07-30 17:24:45', '', 'LB', '', 'inherit', 'open', 'closed', '', 'lb', '', '', '2020-07-31 02:24:45', '2020-07-30 17:24:45', '', 0, 'http://baseball.sumomo.ne.jp/wp-content/uploads/2020/07/LB.png', 0, 'attachment', 'image/png', 0),
(37, 1, '2020-07-31 02:24:49', '2020-07-30 17:24:49', 'https://baseball.sumomo.ne.jp/wp-content/uploads/2020/07/cropped-LB.png', 'cropped-LB.png', '', 'inherit', 'open', 'closed', '', 'cropped-lb-png', '', '', '2020-07-31 02:24:49', '2020-07-30 17:24:49', '', 0, 'https://baseball.sumomo.ne.jp/wp-content/uploads/2020/07/cropped-LB.png', 0, 'attachment', 'image/png', 0),
(38, 1, '2020-07-31 02:26:59', '2020-07-30 17:26:59', '', 'サイトマップ', '', 'publish', 'closed', 'closed', '', 'sitemap-page', '', '', '2020-07-31 02:26:59', '2020-07-30 17:26:59', '', 0, 'https://baseball.sumomo.ne.jp/?page_id=38', 0, 'page', '', 0),
(39, 1, '2020-07-31 02:26:16', '2020-07-30 17:26:16', '', 'サイトマップ', '', 'inherit', 'closed', 'closed', '', '38-revision-v1', '', '', '2020-07-31 02:26:16', '2020-07-30 17:26:16', '', 38, 'https://baseball.sumomo.ne.jp/index.php/2020/07/31/38-revision-v1/', 0, 'revision', '', 0),
(40, 1, '2020-07-31 02:27:13', '0000-00-00 00:00:00', ' ', '', '', 'draft', 'closed', 'closed', '', '', '', '', '2020-07-31 02:27:13', '0000-00-00 00:00:00', '', 0, 'https://baseball.sumomo.ne.jp/?p=40', 1, 'nav_menu_item', '', 0),
(41, 1, '2020-07-31 02:37:25', '2020-07-30 17:37:25', '{\n    \"lightning_theme_options[front_pr_icon_1]\": {\n        \"value\": \"far fa-building\",\n        \"type\": \"option\",\n        \"user_id\": 1,\n        \"date_modified_gmt\": \"2020-07-30 17:33:00\"\n    },\n    \"lightning_theme_options[front_pr_title_1]\": {\n        \"value\": \"\\u5efa\\u7269\\u4f7f\\u7528\\u5c4a\",\n        \"type\": \"option\",\n        \"user_id\": 1,\n        \"date_modified_gmt\": \"2020-07-30 17:33:00\"\n    },\n    \"lightning_theme_options[front_pr_summary_1]\": {\n        \"value\": \"\\u6240\\u5185\\u306e\\u5171\\u901a\\u30a8\\u30ea\\u30a2\\u4f7f\\u7528\\u306b\\u95a2\\u3059\\u308b\\u5c4a\\u51fa\\u306f\\u3053\\u3061\\u3089\\u304b\\u3089\",\n        \"type\": \"option\",\n        \"user_id\": 1,\n        \"date_modified_gmt\": \"2020-07-30 17:35:00\"\n    },\n    \"lightning_theme_options[front_pr_link_1]\": {\n        \"value\": \"https://baseball.sumomo.ne.jp/tatemono/\",\n        \"type\": \"option\",\n        \"user_id\": 1,\n        \"date_modified_gmt\": \"2020-07-30 17:35:00\"\n    },\n    \"lightning_theme_options[front_pr_icon_2]\": {\n        \"value\": \"fas fa-fire-alt\",\n        \"type\": \"option\",\n        \"user_id\": 1,\n        \"date_modified_gmt\": \"2020-07-30 17:36:00\"\n    },\n    \"lightning_theme_options[front_pr_title_2]\": {\n        \"value\": \"\\u706b\\u6c17\\u4f7f\\u7528\\u5c4a\",\n        \"type\": \"option\",\n        \"user_id\": 1,\n        \"date_modified_gmt\": \"2020-07-30 17:37:00\"\n    },\n    \"lightning_theme_options[front_pr_summary_2]\": {\n        \"value\": \"\\u767a\\u71b1\\u3059\\u308b\\u6a5f\\u6750\\u3092\\u4f7f\\u7528\\u3059\\u308b\\u5834\\u5408\\u306f\\u3053\\u3061\\u3089\\u3082\\u540c\\u6642\\u306b\\u5c4a\\u51fa\\u3092\\u304a\\u9858\\u3044\\u3044\\u305f\\u3057\\u307e\\u3059\",\n        \"type\": \"option\",\n        \"user_id\": 1,\n        \"date_modified_gmt\": \"2020-07-30 17:37:25\"\n    }\n}', '', '', 'trash', 'closed', 'closed', '', '0b389d20-f6dc-4d93-98d3-0587e80687d0', '', '', '2020-07-31 02:37:25', '2020-07-30 17:37:25', '', 0, 'https://baseball.sumomo.ne.jp/?p=41', 0, 'customize_changeset', '', 0),
(42, 1, '2020-07-31 02:39:08', '2020-07-30 17:39:08', '', '防災設備工事願', '', 'publish', 'closed', 'closed', '', 'bousai-setubi', '', '', '2020-07-31 02:39:47', '2020-07-30 17:39:47', '', 20, 'https://baseball.sumomo.ne.jp/?page_id=42', 2, 'page', '', 0),
(43, 1, '2020-07-31 02:38:53', '2020-07-30 17:38:53', '', '防災設備工事願', '', 'inherit', 'closed', 'closed', '', '42-revision-v1', '', '', '2020-07-31 02:38:53', '2020-07-30 17:38:53', '', 42, 'https://baseball.sumomo.ne.jp/index.php/2020/07/31/42-revision-v1/', 0, 'revision', '', 0),
(44, 1, '2020-07-31 02:40:24', '2020-07-30 17:40:24', ' ', '', '', 'publish', 'closed', 'closed', '', '44', '', '', '2020-07-31 02:40:24', '2020-07-30 17:40:24', '', 20, 'https://baseball.sumomo.ne.jp/?p=44', 5, 'nav_menu_item', '', 0),
(45, 1, '2020-07-31 02:41:42', '2020-07-30 17:41:42', '{\n    \"lightning_theme_options[front_pr_title_3]\": {\n        \"value\": \"\\u9632\\u707d\\u8a2d\\u5099\\u5de5\\u4e8b\\u9858\",\n        \"type\": \"option\",\n        \"user_id\": 1,\n        \"date_modified_gmt\": \"2020-07-30 17:41:42\"\n    },\n    \"lightning_theme_options[front_pr_summary_3]\": {\n        \"value\": \"\\u706b\\u707d\\u611f\\u77e5\\u5668\\u306e\\u5de5\\u4e8b\\u3092\\u3059\\u308b\\u5834\\u5408\\u306f\\u3054\\u63d0\\u51fa\\u3092\\u304a\\u9858\\u3044\\u81f4\\u3057\\u307e\\u3059\",\n        \"type\": \"option\",\n        \"user_id\": 1,\n        \"date_modified_gmt\": \"2020-07-30 17:41:42\"\n    }\n}', '', '', 'trash', 'closed', 'closed', '', '6e778ccb-9f56-4a4b-9bd9-2e32045086e1', '', '', '2020-07-31 02:41:42', '2020-07-30 17:41:42', '', 0, 'https://baseball.sumomo.ne.jp/index.php/2020/07/31/6e778ccb-9f56-4a4b-9bd9-2e32045086e1/', 0, 'customize_changeset', '', 0),
(46, 1, '2020-07-31 02:46:27', '2020-07-30 17:46:27', '{\n    \"lightning_theme_options[front_pr_link_2]\": {\n        \"value\": \"https://baseball.sumomo.ne.jp/kakisiyou/\",\n        \"type\": \"option\",\n        \"user_id\": 1,\n        \"date_modified_gmt\": \"2020-07-30 17:46:26\"\n    },\n    \"lightning_theme_options[front_pr_icon_3]\": {\n        \"value\": \"fas fa-wrench\",\n        \"type\": \"option\",\n        \"user_id\": 1,\n        \"date_modified_gmt\": \"2020-07-30 17:46:26\"\n    },\n    \"lightning_theme_options[front_pr_link_3]\": {\n        \"value\": \"https://baseball.sumomo.ne.jp/bousai-setubi/\",\n        \"type\": \"option\",\n        \"user_id\": 1,\n        \"date_modified_gmt\": \"2020-07-30 17:46:26\"\n    }\n}', '', '', 'trash', 'closed', 'closed', '', '5dfe6d83-3b9f-473e-a81d-d98636c4a9b8', '', '', '2020-07-31 02:46:27', '2020-07-30 17:46:27', '', 0, 'https://baseball.sumomo.ne.jp/?p=46', 0, 'customize_changeset', '', 0),
(47, 1, '2020-07-31 02:47:50', '2020-07-30 17:47:50', '{\n    \"lightning_theme_options[front_pr_link_1]\": {\n        \"value\": \"https://baseball.sumomo.ne.jp/todokede/tatemono/\",\n        \"type\": \"option\",\n        \"user_id\": 1,\n        \"date_modified_gmt\": \"2020-07-30 17:47:50\"\n    },\n    \"lightning_theme_options[front_pr_link_2]\": {\n        \"value\": \"https://baseball.sumomo.ne.jp/todokede/kakisiyou/\",\n        \"type\": \"option\",\n        \"user_id\": 1,\n        \"date_modified_gmt\": \"2020-07-30 17:47:50\"\n    },\n    \"lightning_theme_options[front_pr_link_3]\": {\n        \"value\": \"https://baseball.sumomo.ne.jp/todokede/bousai-setubi/\",\n        \"type\": \"option\",\n        \"user_id\": 1,\n        \"date_modified_gmt\": \"2020-07-30 17:47:50\"\n    }\n}', '', '', 'trash', 'closed', 'closed', '', 'a9c9b79c-5b77-4d6a-84a0-be8f0f968676', '', '', '2020-07-31 02:47:50', '2020-07-30 17:47:50', '', 0, 'https://baseball.sumomo.ne.jp/index.php/2020/07/31/a9c9b79c-5b77-4d6a-84a0-be8f0f968676/', 0, 'customize_changeset', '', 0),
(48, 1, '2020-07-31 02:48:38', '2020-07-30 17:48:38', '{\n    \"lightning_theme_options[front_pr_link_1]\": {\n        \"value\": \"https://baseball.sumomo.ne.jp/index.php/todokede/\",\n        \"type\": \"option\",\n        \"user_id\": 1,\n        \"date_modified_gmt\": \"2020-07-30 17:48:26\"\n    },\n    \"lightning_theme_options[front_pr_link_2]\": {\n        \"value\": \"https://baseball.sumomo.ne.jp/index.php/todokede/kakisiyou/\",\n        \"type\": \"option\",\n        \"user_id\": 1,\n        \"date_modified_gmt\": \"2020-07-30 17:48:26\"\n    },\n    \"lightning_theme_options[front_pr_link_3]\": {\n        \"value\": \"https://baseball.sumomo.ne.jp/index.php/todokede/bousai-setubi/\",\n        \"type\": \"option\",\n        \"user_id\": 1,\n        \"date_modified_gmt\": \"2020-07-30 17:48:38\"\n    }\n}', '', '', 'trash', 'closed', 'closed', '', '3eca9225-b5ac-44a5-a082-a96b3b82b7bd', '', '', '2020-07-31 02:48:38', '2020-07-30 17:48:38', '', 0, 'https://baseball.sumomo.ne.jp/?p=48', 0, 'customize_changeset', '', 0),
(49, 1, '2020-07-31 02:49:26', '2020-07-30 17:49:26', '{\n    \"lightning_theme_options[front_pr_link_1]\": {\n        \"value\": \"https://baseball.sumomo.ne.jp/index.php/todokede/tatemono/\",\n        \"type\": \"option\",\n        \"user_id\": 1,\n        \"date_modified_gmt\": \"2020-07-30 17:49:26\"\n    }\n}', '', '', 'trash', 'closed', 'closed', '', '6b5eb6e5-946c-4b7d-8e5f-1edd659c2aa5', '', '', '2020-07-31 02:49:26', '2020-07-30 17:49:26', '', 0, 'https://baseball.sumomo.ne.jp/?p=49', 0, 'customize_changeset', '', 0),
(50, 1, '2020-07-31 02:50:07', '2020-07-30 17:50:07', '{\n    \"lightning_theme_options[front_pr_summary_1]\": {\n        \"value\": \"\\u6240\\u5185\\u306e\\u5171\\u901a\\u30a8\\u30ea\\u30a2\\u4f7f\\u7528\\u306b\\u95a2\\u3059\\u308b\\u5c4a\\u51fa\\u306f\\u3053\\u3061\\u3089\\u304b\\u3089\",\n        \"type\": \"option\",\n        \"user_id\": 1,\n        \"date_modified_gmt\": \"2020-07-30 17:50:07\"\n    }\n}', '', '', 'trash', 'closed', 'closed', '', 'e103f170-acfd-4baa-8611-97ccfbee2786', '', '', '2020-07-31 02:50:07', '2020-07-30 17:50:07', '', 0, 'https://baseball.sumomo.ne.jp/index.php/2020/07/31/e103f170-acfd-4baa-8611-97ccfbee2786/', 0, 'customize_changeset', '', 0),
(51, 1, '2020-07-31 02:51:39', '2020-07-30 17:51:39', '<label> お名前 (必須)\n    [text* your-name] </label>\n\n<label> メールアドレス (必須)\n    [email* your-email] </label>\n\n<label> 題名\n    [text your-subject] </label>\n\n<label> メッセージ本文\n    [textarea your-message] </label>\n\n[submit \"送信\"]\nSafety and the Environment \"[your-subject]\"\nSafety and the Environment <wordpress@baseball.sumomo.ne.jp>\n差出人: [your-name] <[your-email]>\n題名: [your-subject]\n\nメッセージ本文:\n[your-message]\n\n-- \nこのメールは Safety and the Environment (https://baseball.sumomo.ne.jp) のお問い合わせフォームから送信されました\nsayaka20090807@gmail.com\nReply-To: [your-email]\n\n0\n0\n\nSafety and the Environment \"[your-subject]\"\nSafety and the Environment <wordpress@baseball.sumomo.ne.jp>\nメッセージ本文:\n[your-message]\n\n-- \nこのメールは Safety and the Environment (https://baseball.sumomo.ne.jp) のお問い合わせフォームから送信されました\n[your-email]\nReply-To: sayaka20090807@gmail.com\n\n0\n0\nありがとうございます。メッセージは送信されました。\nメッセージの送信に失敗しました。後でまたお試しください。\n入力内容に問題があります。確認して再度お試しください。\nメッセージの送信に失敗しました。後でまたお試しください。\nメッセージを送信する前に承諾確認が必要です。\n必須項目に入力してください。\n入力されたテキストが長すぎます。\n入力されたテキストが短すぎます。', 'コンタクトフォーム 1', '', 'publish', 'closed', 'closed', '', '%e3%82%b3%e3%83%b3%e3%82%bf%e3%82%af%e3%83%88%e3%83%95%e3%82%a9%e3%83%bc%e3%83%a0-1', '', '', '2020-07-31 02:51:39', '2020-07-30 17:51:39', '', 0, 'https://baseball.sumomo.ne.jp/?post_type=wpcf7_contact_form&p=51', 0, 'wpcf7_contact_form', '', 0),
(52, 1, '2020-07-31 03:00:55', '2020-07-30 18:00:55', '<label> 申請会社名 (必須) [text* your-company] </label>\r\n<label> 申請責任者 (必須) [text* your-name] </label>\r\n<label> 申請TEL(必須)[tel* telphone]</label>\r\n<label> email (必須) [email* your-email] </label>\r\n<label> 作業名 (必須) [text* your-subject] </label>\r\n<label> 作業場所\r\n   [select* menu-basyo include_blank \"1-玄関\" \"1-サービスヤード\" \"2-南東搬入口\" \"2-北東搬入口\"]</label>\r\n\r\n<label> 開始日[date date-start]</label>\r\n<label> 終了日[date date-stop]</label>\r\n\r\n<label> 実施会社名 (必須) [text* Contractor-company] </label>\r\n<label> 実施責任者 (必須) [text* Contractor-name] </label>\r\n<label> 実施責任者TEL1(必須)[tel* Contractor-telphone1]</label>\r\n<label> 実施責任者TEL2(必須)[tel* Contractor-telphone2]</label>\r\n\r\n<label> 備考\r\n    [textarea your-message] </label>\r\n\r\n<label> 添付ファイル（jpeg,gif）[file file-uproad1]</label>\r\n<label> 添付ファイル（EXCEL,zip）\r\n　　[file file-upload-xlsm limit:10000000 filetypes:xls|xlsx|xlsm|zip]</label>\r\n\r\n[submit \"送信\"]\n1\nSafety and the Environment \"[your-subject]\"\n届出サイト<wordpress@baseball.sumomo.ne.jp>\nnanako@fresh-aroma.sakura.ne.jp\n差出人: [your-name] <[your-email]>\r\n題名: [your-subject]\r\n\r\nメッセージ本文:\r\n[your-message]\r\n\r\n申請会社名：[your-company]\r\n申請責任者：[your-name]\r\n電話：[telphone]\r\nメール：[your-email]\r\n\r\n作業名：[your-subject]\r\n作業場所：[menu-basyo]\r\n\r\n日時：[date-start]～[date-stop]\r\n\r\n実施会社名：[Contractor-company]\r\n実施責任者：[Contractor-name]\r\n電話1：[Contractor-telphone1]\r\n電話2：[Contractor-telphone2]\r\n\r\n備考：[your-message]\r\n\r\n\r\n\r\n\r\n\r\n-- \r\nこのメールは Safety and the Environment (https://baseball.sumomo.ne.jp) のお問い合わせフォームから送信されました\nReply-To: [your-email]\n[file-uproad1]\r\n[file-upload-xlsm limit:10000000 filetypes:xls|xlsx|xlsm|zip]\n\n\n\nSafety and the Environment \"[your-subject]\"\nSafety and the Environment <wordpress@baseball.sumomo.ne.jp>\n[your-email]\nメッセージ本文:\r\n[your-message]\r\n\r\n-- \r\nこのメールは Safety and the Environment (https://baseball.sumomo.ne.jp) のお問い合わせフォームから送信されました\nReply-To: sayaka20090807@gmail.com\n\n\n\nありがとうございます。メッセージは送信されました。\nメッセージの送信に失敗しました。後でまたお試しください。\n入力内容に問題があります。確認して再度お試しください。\nメッセージの送信に失敗しました。後でまたお試しください。\nメッセージを送信する前に承諾確認が必要です。\n必須項目に入力してください。\n入力されたテキストが長すぎます。\n入力されたテキストが短すぎます。\n日付の形式が正しくありません。\n選択された日付は早すぎます。\n選択された日付は遅すぎます。\nファイルのアップロード時に不明なエラーが発生しました。\nこの形式のファイルはアップロードできません。\nファイルが大きすぎます。\nファイルのアップロード中にエラーが発生しました。\n数値の形式に間違いがあります。\n入力された数値が小さすぎます。\n数値が最大許容値を超えています。\nクイズの答えが正しくありません。\n入力されたメールアドレスに間違いがあります。\nURL に間違いがあります。\n電話番号に間違いがあります。', '建物使用届フォーム', '', 'publish', 'closed', 'closed', '', '%e7%84%a1%e9%a1%8c', '', '', '2020-07-31 03:19:28', '2020-07-30 18:19:28', '', 0, 'https://baseball.sumomo.ne.jp/?post_type=wpcf7_contact_form&#038;p=52', 0, 'wpcf7_contact_form', '', 0),
(53, 1, '2020-07-31 03:20:30', '2020-07-30 18:20:30', '<!-- wp:shortcode -->\n[contact-form-7 id=\"52\" title=\"建物使用届フォーム\"]\n<!-- /wp:shortcode -->', '建物使用届', '', 'inherit', 'closed', 'closed', '', '25-revision-v1', '', '', '2020-07-31 03:20:30', '2020-07-30 18:20:30', '', 25, 'https://baseball.sumomo.ne.jp/index.php/2020/07/31/25-revision-v1/', 0, 'revision', '', 0),
(54, 1, '2020-08-08 15:52:23', '0000-00-00 00:00:00', '', '自動下書き', '', 'auto-draft', 'open', 'open', '', '', '', '', '2020-08-08 15:52:23', '0000-00-00 00:00:00', '', 0, 'https://baseball.sumomo.ne.jp/?p=54', 0, 'post', '', 0);

-- --------------------------------------------------------

--
-- テーブルの構造 `balltermmeta`
--

CREATE TABLE `balltermmeta` (
  `meta_id` bigint(20) UNSIGNED NOT NULL,
  `term_id` bigint(20) UNSIGNED NOT NULL DEFAULT '0',
  `meta_key` varchar(255) COLLATE utf8mb4_unicode_520_ci DEFAULT NULL,
  `meta_value` longtext COLLATE utf8mb4_unicode_520_ci
) ENGINE=InnoDB DEFAULT CHARSET=utf8mb4 COLLATE=utf8mb4_unicode_520_ci;

--
-- テーブルのデータのダンプ `balltermmeta`
--

INSERT INTO `balltermmeta` (`meta_id`, `term_id`, `meta_key`, `meta_value`) VALUES
(1, 1, 'term_color', '999999'),
(2, 2, 'term_color', '999999');

-- --------------------------------------------------------

--
-- テーブルの構造 `ballterms`
--

CREATE TABLE `ballterms` (
  `term_id` bigint(20) UNSIGNED NOT NULL,
  `name` varchar(200) COLLATE utf8mb4_unicode_520_ci NOT NULL DEFAULT '',
  `slug` varchar(200) COLLATE utf8mb4_unicode_520_ci NOT NULL DEFAULT '',
  `term_group` bigint(10) NOT NULL DEFAULT '0'
) ENGINE=InnoDB DEFAULT CHARSET=utf8mb4 COLLATE=utf8mb4_unicode_520_ci;

--
-- テーブルのデータのダンプ `ballterms`
--

INSERT INTO `ballterms` (`term_id`, `name`, `slug`, `term_group`) VALUES
(1, 'お知らせ', 'oshirase', 0),
(2, '更新情報', 'koushin', 0),
(3, 'メインメニュー', '%e3%83%a1%e3%82%a4%e3%83%b3%e3%83%a1%e3%83%8b%e3%83%a5%e3%83%bc', 0);

-- --------------------------------------------------------

--
-- テーブルの構造 `ballterm_relationships`
--

CREATE TABLE `ballterm_relationships` (
  `object_id` bigint(20) UNSIGNED NOT NULL DEFAULT '0',
  `term_taxonomy_id` bigint(20) UNSIGNED NOT NULL DEFAULT '0',
  `term_order` int(11) NOT NULL DEFAULT '0'
) ENGINE=InnoDB DEFAULT CHARSET=utf8mb4 COLLATE=utf8mb4_unicode_520_ci;

--
-- テーブルのデータのダンプ `ballterm_relationships`
--

INSERT INTO `ballterm_relationships` (`object_id`, `term_taxonomy_id`, `term_order`) VALUES
(1, 1, 0),
(14, 1, 0),
(30, 3, 0),
(31, 3, 0),
(32, 3, 0),
(33, 3, 0),
(44, 3, 0);

-- --------------------------------------------------------

--
-- テーブルの構造 `ballterm_taxonomy`
--

CREATE TABLE `ballterm_taxonomy` (
  `term_taxonomy_id` bigint(20) UNSIGNED NOT NULL,
  `term_id` bigint(20) UNSIGNED NOT NULL DEFAULT '0',
  `taxonomy` varchar(32) COLLATE utf8mb4_unicode_520_ci NOT NULL DEFAULT '',
  `description` longtext COLLATE utf8mb4_unicode_520_ci NOT NULL,
  `parent` bigint(20) UNSIGNED NOT NULL DEFAULT '0',
  `count` bigint(20) NOT NULL DEFAULT '0'
) ENGINE=InnoDB DEFAULT CHARSET=utf8mb4 COLLATE=utf8mb4_unicode_520_ci;

--
-- テーブルのデータのダンプ `ballterm_taxonomy`
--

INSERT INTO `ballterm_taxonomy` (`term_taxonomy_id`, `term_id`, `taxonomy`, `description`, `parent`, `count`) VALUES
(1, 1, 'category', '', 0, 1),
(2, 2, 'category', '', 0, 0),
(3, 3, 'nav_menu', '', 0, 5);

-- --------------------------------------------------------

--
-- テーブルの構造 `ballusermeta`
--

CREATE TABLE `ballusermeta` (
  `umeta_id` bigint(20) UNSIGNED NOT NULL,
  `user_id` bigint(20) UNSIGNED NOT NULL DEFAULT '0',
  `meta_key` varchar(255) COLLATE utf8mb4_unicode_520_ci DEFAULT NULL,
  `meta_value` longtext COLLATE utf8mb4_unicode_520_ci
) ENGINE=InnoDB DEFAULT CHARSET=utf8mb4 COLLATE=utf8mb4_unicode_520_ci;

--
-- テーブルのデータのダンプ `ballusermeta`
--

INSERT INTO `ballusermeta` (`umeta_id`, `user_id`, `meta_key`, `meta_value`) VALUES
(1, 1, 'nickname', 'wp02'),
(2, 1, 'first_name', ''),
(3, 1, 'last_name', ''),
(4, 1, 'description', ''),
(5, 1, 'rich_editing', 'true'),
(6, 1, 'syntax_highlighting', 'true'),
(7, 1, 'comment_shortcuts', 'false'),
(8, 1, 'admin_color', 'fresh'),
(9, 1, 'use_ssl', '0'),
(10, 1, 'show_admin_bar_front', 'true'),
(11, 1, 'locale', ''),
(12, 1, 'ballcapabilities', 'a:1:{s:13:\"administrator\";b:1;}'),
(13, 1, 'balluser_level', '10'),
(14, 1, 'dismissed_wp_pointers', ''),
(15, 1, 'show_welcome_panel', '1'),
(16, 1, 'session_tokens', 'a:1:{s:64:\"b2f826c0cc3190cb89758468c59d1b9bef3f0f216d9866cedaa1ce83257ee087\";a:4:{s:10:\"expiration\";i:1598079142;s:2:\"ip\";s:14:\"114.186.76.123\";s:2:\"ua\";s:115:\"Mozilla/5.0 (Windows NT 10.0; Win64; x64) AppleWebKit/537.36 (KHTML, like Gecko) Chrome/84.0.4147.105 Safari/537.36\";s:5:\"login\";i:1596869542;}}'),
(17, 1, 'balldashboard_quick_press_last_post_id', '54'),
(18, 1, 'community-events-location', 'a:1:{s:2:\"ip\";s:12:\"114.186.76.0\";}'),
(19, 1, 'managenav-menuscolumnshidden', 'a:4:{i:0;s:11:\"link-target\";i:1;s:15:\"title-attribute\";i:2;s:11:\"css-classes\";i:3;s:3:\"xfn\";}'),
(20, 1, 'metaboxhidden_nav-menus', 'a:1:{i:0;s:12:\"add-post_tag\";}'),
(21, 1, 'balluser-settings', 'libraryContent=browse'),
(22, 1, 'balluser-settings-time', '1596123995'),
(23, 1, 'closedpostboxes_post', 'a:1:{i:0;s:24:\"lightning_design_setting\";}'),
(24, 1, 'metaboxhidden_post', 'a:0:{}'),
(25, 1, 'closedpostboxes_page', 'a:1:{i:0;s:24:\"lightning_design_setting\";}'),
(26, 1, 'metaboxhidden_page', 'a:0:{}'),
(27, 1, 'nav_menu_recently_edited', '3');

-- --------------------------------------------------------

--
-- テーブルの構造 `ballusers`
--

CREATE TABLE `ballusers` (
  `ID` bigint(20) UNSIGNED NOT NULL,
  `user_login` varchar(60) COLLATE utf8mb4_unicode_520_ci NOT NULL DEFAULT '',
  `user_pass` varchar(255) COLLATE utf8mb4_unicode_520_ci NOT NULL DEFAULT '',
  `user_nicename` varchar(50) COLLATE utf8mb4_unicode_520_ci NOT NULL DEFAULT '',
  `user_email` varchar(100) COLLATE utf8mb4_unicode_520_ci NOT NULL DEFAULT '',
  `user_url` varchar(100) COLLATE utf8mb4_unicode_520_ci NOT NULL DEFAULT '',
  `user_registered` datetime NOT NULL DEFAULT '0000-00-00 00:00:00',
  `user_activation_key` varchar(255) COLLATE utf8mb4_unicode_520_ci NOT NULL DEFAULT '',
  `user_status` int(11) NOT NULL DEFAULT '0',
  `display_name` varchar(250) COLLATE utf8mb4_unicode_520_ci NOT NULL DEFAULT ''
) ENGINE=InnoDB DEFAULT CHARSET=utf8mb4 COLLATE=utf8mb4_unicode_520_ci;

--
-- テーブルのデータのダンプ `ballusers`
--

INSERT INTO `ballusers` (`ID`, `user_login`, `user_pass`, `user_nicename`, `user_email`, `user_url`, `user_registered`, `user_activation_key`, `user_status`, `display_name`) VALUES
(1, 'wp02', '$P$B//h6zhjB6K54wQ0i/TSJJKLRvUOcz/', 'wp02', 'sayaka20090807@gmail.com', 'http://baseball.sumomo.ne.jp', '2020-07-30 13:18:46', '', 0, 'wp02');

-- --------------------------------------------------------

--
-- テーブルの構造 `wpc4b30acocoon_accesses`
--

CREATE TABLE `wpc4b30acocoon_accesses` (
  `id` bigint(20) NOT NULL,
  `post_id` bigint(20) DEFAULT NULL,
  `post_type` varchar(10) COLLATE utf8mb4_unicode_520_ci DEFAULT 'post',
  `date` varchar(20) COLLATE utf8mb4_unicode_520_ci DEFAULT NULL,
  `count` bigint(20) DEFAULT '0',
  `last_ip` varchar(40) COLLATE utf8mb4_unicode_520_ci DEFAULT NULL
) ENGINE=InnoDB DEFAULT CHARSET=utf8mb4 COLLATE=utf8mb4_unicode_520_ci;

-- --------------------------------------------------------

--
-- テーブルの構造 `wpc4b30acocoon_affiliate_tags`
--

CREATE TABLE `wpc4b30acocoon_affiliate_tags` (
  `id` bigint(20) NOT NULL,
  `date` datetime NOT NULL DEFAULT '0000-00-00 00:00:00',
  `modified` datetime NOT NULL DEFAULT '0000-00-00 00:00:00',
  `title` varchar(126) COLLATE utf8mb4_unicode_520_ci NOT NULL,
  `text` text COLLATE utf8mb4_unicode_520_ci NOT NULL,
  `visible` bit(1) NOT NULL DEFAULT b'1'
) ENGINE=InnoDB DEFAULT CHARSET=utf8mb4 COLLATE=utf8mb4_unicode_520_ci;

--
-- テーブルのデータのダンプ `wpc4b30acocoon_affiliate_tags`
--

INSERT INTO `wpc4b30acocoon_affiliate_tags` (`id`, `date`, `modified`, `title`, `text`, `visible`) VALUES
(1, '2020-07-24 00:04:56', '2020-07-24 00:04:56', 'アフィリエイトタグサンプル', '<a href=\"https://wp-simplicity.com/\">Simplicity | 内部SEO施策済みのシンプルな無料Wordpressテーマ</a>', b'1');

-- --------------------------------------------------------

--
-- テーブルの構造 `wpc4b30acocoon_function_texts`
--

CREATE TABLE `wpc4b30acocoon_function_texts` (
  `id` bigint(20) NOT NULL,
  `date` datetime NOT NULL DEFAULT '0000-00-00 00:00:00',
  `modified` datetime NOT NULL DEFAULT '0000-00-00 00:00:00',
  `title` varchar(126) COLLATE utf8mb4_unicode_520_ci NOT NULL,
  `text` text COLLATE utf8mb4_unicode_520_ci NOT NULL,
  `visible` bit(1) NOT NULL DEFAULT b'1'
) ENGINE=InnoDB DEFAULT CHARSET=utf8mb4 COLLATE=utf8mb4_unicode_520_ci;

--
-- テーブルのデータのダンプ `wpc4b30acocoon_function_texts`
--

INSERT INTO `wpc4b30acocoon_function_texts` (`id`, `date`, `modified`, `title`, `text`, `visible`) VALUES
(1, '2020-07-24 00:04:56', '2020-07-24 00:04:56', 'Wordpressカスタマイズ注意文サンプル', '<p class=\"alert-box\">Wordpressのfunctions.phpを編集する前は、編集前に必ずバックアップを取って保存してください。もし編集後、エラーが出るようでしたら、バックアップファイルを元に復元してください。 </p>', b'1');

-- --------------------------------------------------------

--
-- テーブルの構造 `wpc4b30acocoon_item_rankings`
--

CREATE TABLE `wpc4b30acocoon_item_rankings` (
  `id` bigint(20) NOT NULL,
  `date` datetime NOT NULL DEFAULT '0000-00-00 00:00:00',
  `modified` datetime NOT NULL DEFAULT '0000-00-00 00:00:00',
  `title` varchar(126) COLLATE utf8mb4_unicode_520_ci DEFAULT NULL,
  `item_ranking` text COLLATE utf8mb4_unicode_520_ci NOT NULL,
  `count` bigint(20) DEFAULT '1',
  `visible` bit(1) NOT NULL DEFAULT b'1'
) ENGINE=InnoDB DEFAULT CHARSET=utf8mb4 COLLATE=utf8mb4_unicode_520_ci;

-- --------------------------------------------------------

--
-- テーブルの構造 `wpc4b30acocoon_speech_balloons`
--

CREATE TABLE `wpc4b30acocoon_speech_balloons` (
  `id` bigint(20) NOT NULL,
  `date` datetime NOT NULL DEFAULT '0000-00-00 00:00:00',
  `modified` datetime NOT NULL DEFAULT '0000-00-00 00:00:00',
  `title` varchar(126) COLLATE utf8mb4_unicode_520_ci DEFAULT NULL,
  `name` varchar(36) COLLATE utf8mb4_unicode_520_ci DEFAULT NULL,
  `icon` varchar(256) COLLATE utf8mb4_unicode_520_ci NOT NULL DEFAULT 'https://baseball.sumomo.ne.jp/wp-content/themes/cocoon-master/images/anony.png',
  `style` varchar(20) COLLATE utf8mb4_unicode_520_ci NOT NULL DEFAULT 'stn',
  `position` varchar(20) COLLATE utf8mb4_unicode_520_ci NOT NULL DEFAULT 'l',
  `iconstyle` varchar(20) COLLATE utf8mb4_unicode_520_ci NOT NULL DEFAULT 'cb',
  `credit` varchar(256) COLLATE utf8mb4_unicode_520_ci DEFAULT NULL,
  `visible` bit(1) NOT NULL DEFAULT b'1'
) ENGINE=InnoDB DEFAULT CHARSET=utf8mb4 COLLATE=utf8mb4_unicode_520_ci;

--
-- テーブルのデータのダンプ `wpc4b30acocoon_speech_balloons`
--

INSERT INTO `wpc4b30acocoon_speech_balloons` (`id`, `date`, `modified`, `title`, `name`, `icon`, `style`, `position`, `iconstyle`, `credit`, `visible`) VALUES
(1, '2020-07-24 00:04:56', '2020-07-24 00:04:56', '[SAMPLE 001] 男性（左）', '', 'https://baseball.sumomo.ne.jp/wp-content/themes/cocoon-master/images/man.png', 'stn', 'l', 'cb', NULL, b'1'),
(2, '2020-07-24 00:04:56', '2020-07-24 00:04:56', '[SAMPLE 002] 女性（右）', '', 'https://baseball.sumomo.ne.jp/wp-content/themes/cocoon-master/images/woman.png', 'stn', 'r', 'cb', NULL, b'1'),
(3, '2020-07-24 00:04:56', '2020-07-24 00:04:56', '[SAMPLE 003] ビジネスマン（左）', '', 'https://baseball.sumomo.ne.jp/wp-content/themes/cocoon-master/images/b-man.png', 'line', 'l', 'cb', NULL, b'1'),
(4, '2020-07-24 00:04:56', '2020-07-24 00:04:56', '[SAMPLE 004] ビジネスウーマン（右）', '', 'https://baseball.sumomo.ne.jp/wp-content/themes/cocoon-master/images/b-woman.png', 'line', 'r', 'cb', NULL, b'1'),
(5, '2020-07-24 00:04:56', '2020-07-24 00:04:56', '[SAMPLE 005] 悩むおじさん（左）', '', 'https://baseball.sumomo.ne.jp/wp-content/themes/cocoon-master/images/ojisan.png', 'flat', 'l', 'cb', NULL, b'1'),
(6, '2020-07-24 00:04:56', '2020-07-24 00:04:56', '[SAMPLE 006] 悩むおばさん（左）', '', 'https://baseball.sumomo.ne.jp/wp-content/themes/cocoon-master/images/obasan.png', 'flat', 'r', 'cb', NULL, b'1'),
(7, '2020-07-24 00:04:56', '2020-07-24 00:04:56', '[SAMPLE 007] 男性医師（左）', '', 'https://baseball.sumomo.ne.jp/wp-content/themes/cocoon-master/images/doctor.png', 'stn', 'l', 'sb', NULL, b'1'),
(8, '2020-07-24 00:04:56', '2020-07-24 00:04:56', '[SAMPLE 008] 女性医師（右）', '', 'https://baseball.sumomo.ne.jp/wp-content/themes/cocoon-master/images/doctress.png', 'stn', 'r', 'sb', NULL, b'1'),
(9, '2020-07-24 00:04:56', '2020-07-24 00:04:56', '[SAMPLE 009] どや顔男性（左）', '', 'https://baseball.sumomo.ne.jp/wp-content/themes/cocoon-master/images/doya-man.png', 'think', 'l', 'cb', NULL, b'1'),
(10, '2020-07-24 00:04:56', '2020-07-24 00:04:56', '[SAMPLE 010] どや顔女性（右）', '', 'https://baseball.sumomo.ne.jp/wp-content/themes/cocoon-master/images/doya-woman.png', 'think', 'r', 'cb', NULL, b'1');

-- --------------------------------------------------------

--
-- テーブルの構造 `wpc4b30acommentmeta`
--

CREATE TABLE `wpc4b30acommentmeta` (
  `meta_id` bigint(20) UNSIGNED NOT NULL,
  `comment_id` bigint(20) UNSIGNED NOT NULL DEFAULT '0',
  `meta_key` varchar(255) COLLATE utf8mb4_unicode_520_ci DEFAULT NULL,
  `meta_value` longtext COLLATE utf8mb4_unicode_520_ci
) ENGINE=InnoDB DEFAULT CHARSET=utf8mb4 COLLATE=utf8mb4_unicode_520_ci;

-- --------------------------------------------------------

--
-- テーブルの構造 `wpc4b30acomments`
--

CREATE TABLE `wpc4b30acomments` (
  `comment_ID` bigint(20) UNSIGNED NOT NULL,
  `comment_post_ID` bigint(20) UNSIGNED NOT NULL DEFAULT '0',
  `comment_author` tinytext COLLATE utf8mb4_unicode_520_ci NOT NULL,
  `comment_author_email` varchar(100) COLLATE utf8mb4_unicode_520_ci NOT NULL DEFAULT '',
  `comment_author_url` varchar(200) COLLATE utf8mb4_unicode_520_ci NOT NULL DEFAULT '',
  `comment_author_IP` varchar(100) COLLATE utf8mb4_unicode_520_ci NOT NULL DEFAULT '',
  `comment_date` datetime NOT NULL DEFAULT '0000-00-00 00:00:00',
  `comment_date_gmt` datetime NOT NULL DEFAULT '0000-00-00 00:00:00',
  `comment_content` text COLLATE utf8mb4_unicode_520_ci NOT NULL,
  `comment_karma` int(11) NOT NULL DEFAULT '0',
  `comment_approved` varchar(20) COLLATE utf8mb4_unicode_520_ci NOT NULL DEFAULT '1',
  `comment_agent` varchar(255) COLLATE utf8mb4_unicode_520_ci NOT NULL DEFAULT '',
  `comment_type` varchar(20) COLLATE utf8mb4_unicode_520_ci NOT NULL DEFAULT '',
  `comment_parent` bigint(20) UNSIGNED NOT NULL DEFAULT '0',
  `user_id` bigint(20) UNSIGNED NOT NULL DEFAULT '0'
) ENGINE=InnoDB DEFAULT CHARSET=utf8mb4 COLLATE=utf8mb4_unicode_520_ci;

--
-- テーブルのデータのダンプ `wpc4b30acomments`
--

INSERT INTO `wpc4b30acomments` (`comment_ID`, `comment_post_ID`, `comment_author`, `comment_author_email`, `comment_author_url`, `comment_author_IP`, `comment_date`, `comment_date_gmt`, `comment_content`, `comment_karma`, `comment_approved`, `comment_agent`, `comment_type`, `comment_parent`, `user_id`) VALUES
(1, 1, 'WordPress コメントの投稿者', 'wapuu@wordpress.example', 'https://wordpress.org/', '', '2020-07-23 22:18:55', '2020-07-23 13:18:55', 'こんにちは、これはコメントです。\nコメントの承認、編集、削除を始めるにはダッシュボードの「コメント画面」にアクセスしてください。\nコメントのアバターは「<a href=\"https://gravatar.com\">Gravatar</a>」から取得されます。', 0, '1', '', '', 0, 0);

-- --------------------------------------------------------

--
-- テーブルの構造 `wpc4b30alinks`
--

CREATE TABLE `wpc4b30alinks` (
  `link_id` bigint(20) UNSIGNED NOT NULL,
  `link_url` varchar(255) COLLATE utf8mb4_unicode_520_ci NOT NULL DEFAULT '',
  `link_name` varchar(255) COLLATE utf8mb4_unicode_520_ci NOT NULL DEFAULT '',
  `link_image` varchar(255) COLLATE utf8mb4_unicode_520_ci NOT NULL DEFAULT '',
  `link_target` varchar(25) COLLATE utf8mb4_unicode_520_ci NOT NULL DEFAULT '',
  `link_description` varchar(255) COLLATE utf8mb4_unicode_520_ci NOT NULL DEFAULT '',
  `link_visible` varchar(20) COLLATE utf8mb4_unicode_520_ci NOT NULL DEFAULT 'Y',
  `link_owner` bigint(20) UNSIGNED NOT NULL DEFAULT '1',
  `link_rating` int(11) NOT NULL DEFAULT '0',
  `link_updated` datetime NOT NULL DEFAULT '0000-00-00 00:00:00',
  `link_rel` varchar(255) COLLATE utf8mb4_unicode_520_ci NOT NULL DEFAULT '',
  `link_notes` mediumtext COLLATE utf8mb4_unicode_520_ci NOT NULL,
  `link_rss` varchar(255) COLLATE utf8mb4_unicode_520_ci NOT NULL DEFAULT ''
) ENGINE=InnoDB DEFAULT CHARSET=utf8mb4 COLLATE=utf8mb4_unicode_520_ci;

-- --------------------------------------------------------

--
-- テーブルの構造 `wpc4b30aoptions`
--

CREATE TABLE `wpc4b30aoptions` (
  `option_id` bigint(20) UNSIGNED NOT NULL,
  `option_name` varchar(191) COLLATE utf8mb4_unicode_520_ci NOT NULL DEFAULT '',
  `option_value` longtext COLLATE utf8mb4_unicode_520_ci NOT NULL,
  `autoload` varchar(20) COLLATE utf8mb4_unicode_520_ci NOT NULL DEFAULT 'yes'
) ENGINE=InnoDB DEFAULT CHARSET=utf8mb4 COLLATE=utf8mb4_unicode_520_ci;

--
-- テーブルのデータのダンプ `wpc4b30aoptions`
--

INSERT INTO `wpc4b30aoptions` (`option_id`, `option_name`, `option_value`, `autoload`) VALUES
(1, 'siteurl', 'http://baseball.sumomo.ne.jp', 'yes'),
(2, 'home', 'http://baseball.sumomo.ne.jp', 'yes'),
(3, 'blogname', 'baseball', 'yes'),
(4, 'blogdescription', 'Just another WordPress site', 'yes'),
(5, 'users_can_register', '0', 'yes'),
(6, 'admin_email', 'nanako@frash-aroma.sakura.ne.jp', 'yes'),
(7, 'start_of_week', '1', 'yes'),
(8, 'use_balanceTags', '0', 'yes'),
(9, 'use_smilies', '1', 'yes'),
(10, 'require_name_email', '1', 'yes'),
(11, 'comments_notify', '1', 'yes'),
(12, 'posts_per_rss', '10', 'yes'),
(13, 'rss_use_excerpt', '0', 'yes'),
(14, 'mailserver_url', 'mail.example.com', 'yes'),
(15, 'mailserver_login', 'login@example.com', 'yes'),
(16, 'mailserver_pass', 'password', 'yes'),
(17, 'mailserver_port', '110', 'yes'),
(18, 'default_category', '1', 'yes'),
(19, 'default_comment_status', 'open', 'yes'),
(20, 'default_ping_status', 'open', 'yes'),
(21, 'default_pingback_flag', '1', 'yes'),
(22, 'posts_per_page', '10', 'yes'),
(23, 'date_format', 'Y年n月j日', 'yes'),
(24, 'time_format', 'g:i A', 'yes'),
(25, 'links_updated_date_format', 'Y年n月j日 g:i A', 'yes'),
(26, 'comment_moderation', '0', 'yes'),
(27, 'moderation_notify', '1', 'yes'),
(28, 'permalink_structure', '/%year%/%monthnum%/%day%/%postname%/', 'yes'),
(29, 'rewrite_rules', 'a:91:{s:11:\"^wp-json/?$\";s:22:\"index.php?rest_route=/\";s:14:\"^wp-json/(.*)?\";s:33:\"index.php?rest_route=/$matches[1]\";s:21:\"^index.php/wp-json/?$\";s:22:\"index.php?rest_route=/\";s:24:\"^index.php/wp-json/(.*)?\";s:33:\"index.php?rest_route=/$matches[1]\";s:47:\"category/(.+?)/feed/(feed|rdf|rss|rss2|atom)/?$\";s:52:\"index.php?category_name=$matches[1]&feed=$matches[2]\";s:42:\"category/(.+?)/(feed|rdf|rss|rss2|atom)/?$\";s:52:\"index.php?category_name=$matches[1]&feed=$matches[2]\";s:23:\"category/(.+?)/embed/?$\";s:46:\"index.php?category_name=$matches[1]&embed=true\";s:35:\"category/(.+?)/page/?([0-9]{1,})/?$\";s:53:\"index.php?category_name=$matches[1]&paged=$matches[2]\";s:17:\"category/(.+?)/?$\";s:35:\"index.php?category_name=$matches[1]\";s:44:\"tag/([^/]+)/feed/(feed|rdf|rss|rss2|atom)/?$\";s:42:\"index.php?tag=$matches[1]&feed=$matches[2]\";s:39:\"tag/([^/]+)/(feed|rdf|rss|rss2|atom)/?$\";s:42:\"index.php?tag=$matches[1]&feed=$matches[2]\";s:20:\"tag/([^/]+)/embed/?$\";s:36:\"index.php?tag=$matches[1]&embed=true\";s:32:\"tag/([^/]+)/page/?([0-9]{1,})/?$\";s:43:\"index.php?tag=$matches[1]&paged=$matches[2]\";s:14:\"tag/([^/]+)/?$\";s:25:\"index.php?tag=$matches[1]\";s:45:\"type/([^/]+)/feed/(feed|rdf|rss|rss2|atom)/?$\";s:50:\"index.php?post_format=$matches[1]&feed=$matches[2]\";s:40:\"type/([^/]+)/(feed|rdf|rss|rss2|atom)/?$\";s:50:\"index.php?post_format=$matches[1]&feed=$matches[2]\";s:21:\"type/([^/]+)/embed/?$\";s:44:\"index.php?post_format=$matches[1]&embed=true\";s:33:\"type/([^/]+)/page/?([0-9]{1,})/?$\";s:51:\"index.php?post_format=$matches[1]&paged=$matches[2]\";s:15:\"type/([^/]+)/?$\";s:33:\"index.php?post_format=$matches[1]\";s:12:\"robots\\.txt$\";s:18:\"index.php?robots=1\";s:13:\"favicon\\.ico$\";s:19:\"index.php?favicon=1\";s:48:\".*wp-(atom|rdf|rss|rss2|feed|commentsrss2)\\.php$\";s:18:\"index.php?feed=old\";s:20:\".*wp-app\\.php(/.*)?$\";s:19:\"index.php?error=403\";s:18:\".*wp-register.php$\";s:23:\"index.php?register=true\";s:32:\"feed/(feed|rdf|rss|rss2|atom)/?$\";s:27:\"index.php?&feed=$matches[1]\";s:27:\"(feed|rdf|rss|rss2|atom)/?$\";s:27:\"index.php?&feed=$matches[1]\";s:8:\"embed/?$\";s:21:\"index.php?&embed=true\";s:20:\"page/?([0-9]{1,})/?$\";s:28:\"index.php?&paged=$matches[1]\";s:41:\"comments/feed/(feed|rdf|rss|rss2|atom)/?$\";s:42:\"index.php?&feed=$matches[1]&withcomments=1\";s:36:\"comments/(feed|rdf|rss|rss2|atom)/?$\";s:42:\"index.php?&feed=$matches[1]&withcomments=1\";s:17:\"comments/embed/?$\";s:21:\"index.php?&embed=true\";s:44:\"search/(.+)/feed/(feed|rdf|rss|rss2|atom)/?$\";s:40:\"index.php?s=$matches[1]&feed=$matches[2]\";s:39:\"search/(.+)/(feed|rdf|rss|rss2|atom)/?$\";s:40:\"index.php?s=$matches[1]&feed=$matches[2]\";s:20:\"search/(.+)/embed/?$\";s:34:\"index.php?s=$matches[1]&embed=true\";s:32:\"search/(.+)/page/?([0-9]{1,})/?$\";s:41:\"index.php?s=$matches[1]&paged=$matches[2]\";s:14:\"search/(.+)/?$\";s:23:\"index.php?s=$matches[1]\";s:47:\"author/([^/]+)/feed/(feed|rdf|rss|rss2|atom)/?$\";s:50:\"index.php?author_name=$matches[1]&feed=$matches[2]\";s:42:\"author/([^/]+)/(feed|rdf|rss|rss2|atom)/?$\";s:50:\"index.php?author_name=$matches[1]&feed=$matches[2]\";s:23:\"author/([^/]+)/embed/?$\";s:44:\"index.php?author_name=$matches[1]&embed=true\";s:35:\"author/([^/]+)/page/?([0-9]{1,})/?$\";s:51:\"index.php?author_name=$matches[1]&paged=$matches[2]\";s:17:\"author/([^/]+)/?$\";s:33:\"index.php?author_name=$matches[1]\";s:69:\"([0-9]{4})/([0-9]{1,2})/([0-9]{1,2})/feed/(feed|rdf|rss|rss2|atom)/?$\";s:80:\"index.php?year=$matches[1]&monthnum=$matches[2]&day=$matches[3]&feed=$matches[4]\";s:64:\"([0-9]{4})/([0-9]{1,2})/([0-9]{1,2})/(feed|rdf|rss|rss2|atom)/?$\";s:80:\"index.php?year=$matches[1]&monthnum=$matches[2]&day=$matches[3]&feed=$matches[4]\";s:45:\"([0-9]{4})/([0-9]{1,2})/([0-9]{1,2})/embed/?$\";s:74:\"index.php?year=$matches[1]&monthnum=$matches[2]&day=$matches[3]&embed=true\";s:57:\"([0-9]{4})/([0-9]{1,2})/([0-9]{1,2})/page/?([0-9]{1,})/?$\";s:81:\"index.php?year=$matches[1]&monthnum=$matches[2]&day=$matches[3]&paged=$matches[4]\";s:39:\"([0-9]{4})/([0-9]{1,2})/([0-9]{1,2})/?$\";s:63:\"index.php?year=$matches[1]&monthnum=$matches[2]&day=$matches[3]\";s:56:\"([0-9]{4})/([0-9]{1,2})/feed/(feed|rdf|rss|rss2|atom)/?$\";s:64:\"index.php?year=$matches[1]&monthnum=$matches[2]&feed=$matches[3]\";s:51:\"([0-9]{4})/([0-9]{1,2})/(feed|rdf|rss|rss2|atom)/?$\";s:64:\"index.php?year=$matches[1]&monthnum=$matches[2]&feed=$matches[3]\";s:32:\"([0-9]{4})/([0-9]{1,2})/embed/?$\";s:58:\"index.php?year=$matches[1]&monthnum=$matches[2]&embed=true\";s:44:\"([0-9]{4})/([0-9]{1,2})/page/?([0-9]{1,})/?$\";s:65:\"index.php?year=$matches[1]&monthnum=$matches[2]&paged=$matches[3]\";s:26:\"([0-9]{4})/([0-9]{1,2})/?$\";s:47:\"index.php?year=$matches[1]&monthnum=$matches[2]\";s:43:\"([0-9]{4})/feed/(feed|rdf|rss|rss2|atom)/?$\";s:43:\"index.php?year=$matches[1]&feed=$matches[2]\";s:38:\"([0-9]{4})/(feed|rdf|rss|rss2|atom)/?$\";s:43:\"index.php?year=$matches[1]&feed=$matches[2]\";s:19:\"([0-9]{4})/embed/?$\";s:37:\"index.php?year=$matches[1]&embed=true\";s:31:\"([0-9]{4})/page/?([0-9]{1,})/?$\";s:44:\"index.php?year=$matches[1]&paged=$matches[2]\";s:13:\"([0-9]{4})/?$\";s:26:\"index.php?year=$matches[1]\";s:58:\"[0-9]{4}/[0-9]{1,2}/[0-9]{1,2}/[^/]+/attachment/([^/]+)/?$\";s:32:\"index.php?attachment=$matches[1]\";s:68:\"[0-9]{4}/[0-9]{1,2}/[0-9]{1,2}/[^/]+/attachment/([^/]+)/trackback/?$\";s:37:\"index.php?attachment=$matches[1]&tb=1\";s:88:\"[0-9]{4}/[0-9]{1,2}/[0-9]{1,2}/[^/]+/attachment/([^/]+)/feed/(feed|rdf|rss|rss2|atom)/?$\";s:49:\"index.php?attachment=$matches[1]&feed=$matches[2]\";s:83:\"[0-9]{4}/[0-9]{1,2}/[0-9]{1,2}/[^/]+/attachment/([^/]+)/(feed|rdf|rss|rss2|atom)/?$\";s:49:\"index.php?attachment=$matches[1]&feed=$matches[2]\";s:83:\"[0-9]{4}/[0-9]{1,2}/[0-9]{1,2}/[^/]+/attachment/([^/]+)/comment-page-([0-9]{1,})/?$\";s:50:\"index.php?attachment=$matches[1]&cpage=$matches[2]\";s:64:\"[0-9]{4}/[0-9]{1,2}/[0-9]{1,2}/[^/]+/attachment/([^/]+)/embed/?$\";s:43:\"index.php?attachment=$matches[1]&embed=true\";s:53:\"([0-9]{4})/([0-9]{1,2})/([0-9]{1,2})/([^/]+)/embed/?$\";s:91:\"index.php?year=$matches[1]&monthnum=$matches[2]&day=$matches[3]&name=$matches[4]&embed=true\";s:57:\"([0-9]{4})/([0-9]{1,2})/([0-9]{1,2})/([^/]+)/trackback/?$\";s:85:\"index.php?year=$matches[1]&monthnum=$matches[2]&day=$matches[3]&name=$matches[4]&tb=1\";s:77:\"([0-9]{4})/([0-9]{1,2})/([0-9]{1,2})/([^/]+)/feed/(feed|rdf|rss|rss2|atom)/?$\";s:97:\"index.php?year=$matches[1]&monthnum=$matches[2]&day=$matches[3]&name=$matches[4]&feed=$matches[5]\";s:72:\"([0-9]{4})/([0-9]{1,2})/([0-9]{1,2})/([^/]+)/(feed|rdf|rss|rss2|atom)/?$\";s:97:\"index.php?year=$matches[1]&monthnum=$matches[2]&day=$matches[3]&name=$matches[4]&feed=$matches[5]\";s:65:\"([0-9]{4})/([0-9]{1,2})/([0-9]{1,2})/([^/]+)/page/?([0-9]{1,})/?$\";s:98:\"index.php?year=$matches[1]&monthnum=$matches[2]&day=$matches[3]&name=$matches[4]&paged=$matches[5]\";s:72:\"([0-9]{4})/([0-9]{1,2})/([0-9]{1,2})/([^/]+)/comment-page-([0-9]{1,})/?$\";s:98:\"index.php?year=$matches[1]&monthnum=$matches[2]&day=$matches[3]&name=$matches[4]&cpage=$matches[5]\";s:61:\"([0-9]{4})/([0-9]{1,2})/([0-9]{1,2})/([^/]+)(?:/([0-9]+))?/?$\";s:97:\"index.php?year=$matches[1]&monthnum=$matches[2]&day=$matches[3]&name=$matches[4]&page=$matches[5]\";s:47:\"[0-9]{4}/[0-9]{1,2}/[0-9]{1,2}/[^/]+/([^/]+)/?$\";s:32:\"index.php?attachment=$matches[1]\";s:57:\"[0-9]{4}/[0-9]{1,2}/[0-9]{1,2}/[^/]+/([^/]+)/trackback/?$\";s:37:\"index.php?attachment=$matches[1]&tb=1\";s:77:\"[0-9]{4}/[0-9]{1,2}/[0-9]{1,2}/[^/]+/([^/]+)/feed/(feed|rdf|rss|rss2|atom)/?$\";s:49:\"index.php?attachment=$matches[1]&feed=$matches[2]\";s:72:\"[0-9]{4}/[0-9]{1,2}/[0-9]{1,2}/[^/]+/([^/]+)/(feed|rdf|rss|rss2|atom)/?$\";s:49:\"index.php?attachment=$matches[1]&feed=$matches[2]\";s:72:\"[0-9]{4}/[0-9]{1,2}/[0-9]{1,2}/[^/]+/([^/]+)/comment-page-([0-9]{1,})/?$\";s:50:\"index.php?attachment=$matches[1]&cpage=$matches[2]\";s:53:\"[0-9]{4}/[0-9]{1,2}/[0-9]{1,2}/[^/]+/([^/]+)/embed/?$\";s:43:\"index.php?attachment=$matches[1]&embed=true\";s:64:\"([0-9]{4})/([0-9]{1,2})/([0-9]{1,2})/comment-page-([0-9]{1,})/?$\";s:81:\"index.php?year=$matches[1]&monthnum=$matches[2]&day=$matches[3]&cpage=$matches[4]\";s:51:\"([0-9]{4})/([0-9]{1,2})/comment-page-([0-9]{1,})/?$\";s:65:\"index.php?year=$matches[1]&monthnum=$matches[2]&cpage=$matches[3]\";s:38:\"([0-9]{4})/comment-page-([0-9]{1,})/?$\";s:44:\"index.php?year=$matches[1]&cpage=$matches[2]\";s:27:\".?.+?/attachment/([^/]+)/?$\";s:32:\"index.php?attachment=$matches[1]\";s:37:\".?.+?/attachment/([^/]+)/trackback/?$\";s:37:\"index.php?attachment=$matches[1]&tb=1\";s:57:\".?.+?/attachment/([^/]+)/feed/(feed|rdf|rss|rss2|atom)/?$\";s:49:\"index.php?attachment=$matches[1]&feed=$matches[2]\";s:52:\".?.+?/attachment/([^/]+)/(feed|rdf|rss|rss2|atom)/?$\";s:49:\"index.php?attachment=$matches[1]&feed=$matches[2]\";s:52:\".?.+?/attachment/([^/]+)/comment-page-([0-9]{1,})/?$\";s:50:\"index.php?attachment=$matches[1]&cpage=$matches[2]\";s:33:\".?.+?/attachment/([^/]+)/embed/?$\";s:43:\"index.php?attachment=$matches[1]&embed=true\";s:16:\"(.?.+?)/embed/?$\";s:41:\"index.php?pagename=$matches[1]&embed=true\";s:20:\"(.?.+?)/trackback/?$\";s:35:\"index.php?pagename=$matches[1]&tb=1\";s:40:\"(.?.+?)/feed/(feed|rdf|rss|rss2|atom)/?$\";s:47:\"index.php?pagename=$matches[1]&feed=$matches[2]\";s:35:\"(.?.+?)/(feed|rdf|rss|rss2|atom)/?$\";s:47:\"index.php?pagename=$matches[1]&feed=$matches[2]\";s:28:\"(.?.+?)/page/?([0-9]{1,})/?$\";s:48:\"index.php?pagename=$matches[1]&paged=$matches[2]\";s:35:\"(.?.+?)/comment-page-([0-9]{1,})/?$\";s:48:\"index.php?pagename=$matches[1]&cpage=$matches[2]\";s:24:\"(.?.+?)(?:/([0-9]+))?/?$\";s:47:\"index.php?pagename=$matches[1]&page=$matches[2]\";}', 'yes'),
(30, 'hack_file', '0', 'yes'),
(31, 'blog_charset', 'UTF-8', 'yes'),
(32, 'moderation_keys', '', 'no'),
(33, 'active_plugins', 'a:1:{i:0;s:34:\"sakura-rs-wp-ssl/sakura-rs-ssl.php\";}', 'yes'),
(34, 'category_base', '', 'yes'),
(35, 'ping_sites', 'http://rpc.pingomatic.com/', 'yes'),
(36, 'comment_max_links', '2', 'yes'),
(37, 'gmt_offset', '0', 'yes'),
(38, 'default_email_category', '1', 'yes'),
(39, 'recently_edited', '', 'no'),
(40, 'template', 'cocoon-master', 'yes'),
(41, 'stylesheet', 'cocoon-child-master', 'yes'),
(42, 'comment_whitelist', '1', 'yes'),
(43, 'blacklist_keys', '', 'no'),
(44, 'comment_registration', '0', 'yes'),
(45, 'html_type', 'text/html', 'yes'),
(46, 'use_trackback', '0', 'yes'),
(47, 'default_role', 'subscriber', 'yes'),
(48, 'db_version', '47018', 'yes'),
(49, 'uploads_use_yearmonth_folders', '1', 'yes'),
(50, 'upload_path', '', 'yes'),
(51, 'blog_public', '1', 'yes'),
(52, 'default_link_category', '2', 'yes'),
(53, 'show_on_front', 'posts', 'yes'),
(54, 'tag_base', '', 'yes'),
(55, 'show_avatars', '1', 'yes'),
(56, 'avatar_rating', 'G', 'yes'),
(57, 'upload_url_path', '', 'yes'),
(58, 'thumbnail_size_w', '150', 'yes'),
(59, 'thumbnail_size_h', '150', 'yes'),
(60, 'thumbnail_crop', '1', 'yes'),
(61, 'medium_size_w', '300', 'yes'),
(62, 'medium_size_h', '300', 'yes'),
(63, 'avatar_default', 'mystery', 'yes'),
(64, 'large_size_w', '1024', 'yes'),
(65, 'large_size_h', '1024', 'yes'),
(66, 'image_default_link_type', 'none', 'yes'),
(67, 'image_default_size', '', 'yes'),
(68, 'image_default_align', '', 'yes'),
(69, 'close_comments_for_old_posts', '0', 'yes'),
(70, 'close_comments_days_old', '14', 'yes'),
(71, 'thread_comments', '1', 'yes'),
(72, 'thread_comments_depth', '5', 'yes'),
(73, 'page_comments', '0', 'yes'),
(74, 'comments_per_page', '50', 'yes'),
(75, 'default_comments_page', 'newest', 'yes'),
(76, 'comment_order', 'asc', 'yes'),
(77, 'sticky_posts', 'a:0:{}', 'yes'),
(78, 'widget_categories', 'a:2:{i:2;a:4:{s:5:\"title\";s:0:\"\";s:5:\"count\";i:0;s:12:\"hierarchical\";i:0;s:8:\"dropdown\";i:0;}s:12:\"_multiwidget\";i:1;}', 'yes'),
(79, 'widget_text', 'a:0:{}', 'yes'),
(80, 'widget_rss', 'a:0:{}', 'yes'),
(81, 'uninstall_plugins', 'a:0:{}', 'no'),
(82, 'timezone_string', 'Asia/Tokyo', 'yes'),
(83, 'page_for_posts', '0', 'yes'),
(84, 'page_on_front', '0', 'yes'),
(85, 'default_post_format', '0', 'yes'),
(86, 'link_manager_enabled', '0', 'yes'),
(87, 'finished_splitting_shared_terms', '1', 'yes'),
(88, 'site_icon', '0', 'yes'),
(89, 'medium_large_size_w', '768', 'yes'),
(90, 'medium_large_size_h', '0', 'yes'),
(91, 'wp_page_for_privacy_policy', '3', 'yes'),
(92, 'show_comments_cookies_opt_in', '1', 'yes'),
(93, 'admin_email_lifespan', '1611062335', 'yes'),
(94, 'initial_db_version', '47018', 'yes'),
(95, 'wpc4b30auser_roles', 'a:5:{s:13:\"administrator\";a:2:{s:4:\"name\";s:13:\"Administrator\";s:12:\"capabilities\";a:61:{s:13:\"switch_themes\";b:1;s:11:\"edit_themes\";b:1;s:16:\"activate_plugins\";b:1;s:12:\"edit_plugins\";b:1;s:10:\"edit_users\";b:1;s:10:\"edit_files\";b:1;s:14:\"manage_options\";b:1;s:17:\"moderate_comments\";b:1;s:17:\"manage_categories\";b:1;s:12:\"manage_links\";b:1;s:12:\"upload_files\";b:1;s:6:\"import\";b:1;s:15:\"unfiltered_html\";b:1;s:10:\"edit_posts\";b:1;s:17:\"edit_others_posts\";b:1;s:20:\"edit_published_posts\";b:1;s:13:\"publish_posts\";b:1;s:10:\"edit_pages\";b:1;s:4:\"read\";b:1;s:8:\"level_10\";b:1;s:7:\"level_9\";b:1;s:7:\"level_8\";b:1;s:7:\"level_7\";b:1;s:7:\"level_6\";b:1;s:7:\"level_5\";b:1;s:7:\"level_4\";b:1;s:7:\"level_3\";b:1;s:7:\"level_2\";b:1;s:7:\"level_1\";b:1;s:7:\"level_0\";b:1;s:17:\"edit_others_pages\";b:1;s:20:\"edit_published_pages\";b:1;s:13:\"publish_pages\";b:1;s:12:\"delete_pages\";b:1;s:19:\"delete_others_pages\";b:1;s:22:\"delete_published_pages\";b:1;s:12:\"delete_posts\";b:1;s:19:\"delete_others_posts\";b:1;s:22:\"delete_published_posts\";b:1;s:20:\"delete_private_posts\";b:1;s:18:\"edit_private_posts\";b:1;s:18:\"read_private_posts\";b:1;s:20:\"delete_private_pages\";b:1;s:18:\"edit_private_pages\";b:1;s:18:\"read_private_pages\";b:1;s:12:\"delete_users\";b:1;s:12:\"create_users\";b:1;s:17:\"unfiltered_upload\";b:1;s:14:\"edit_dashboard\";b:1;s:14:\"update_plugins\";b:1;s:14:\"delete_plugins\";b:1;s:15:\"install_plugins\";b:1;s:13:\"update_themes\";b:1;s:14:\"install_themes\";b:1;s:11:\"update_core\";b:1;s:10:\"list_users\";b:1;s:12:\"remove_users\";b:1;s:13:\"promote_users\";b:1;s:18:\"edit_theme_options\";b:1;s:13:\"delete_themes\";b:1;s:6:\"export\";b:1;}}s:6:\"editor\";a:2:{s:4:\"name\";s:6:\"Editor\";s:12:\"capabilities\";a:34:{s:17:\"moderate_comments\";b:1;s:17:\"manage_categories\";b:1;s:12:\"manage_links\";b:1;s:12:\"upload_files\";b:1;s:15:\"unfiltered_html\";b:1;s:10:\"edit_posts\";b:1;s:17:\"edit_others_posts\";b:1;s:20:\"edit_published_posts\";b:1;s:13:\"publish_posts\";b:1;s:10:\"edit_pages\";b:1;s:4:\"read\";b:1;s:7:\"level_7\";b:1;s:7:\"level_6\";b:1;s:7:\"level_5\";b:1;s:7:\"level_4\";b:1;s:7:\"level_3\";b:1;s:7:\"level_2\";b:1;s:7:\"level_1\";b:1;s:7:\"level_0\";b:1;s:17:\"edit_others_pages\";b:1;s:20:\"edit_published_pages\";b:1;s:13:\"publish_pages\";b:1;s:12:\"delete_pages\";b:1;s:19:\"delete_others_pages\";b:1;s:22:\"delete_published_pages\";b:1;s:12:\"delete_posts\";b:1;s:19:\"delete_others_posts\";b:1;s:22:\"delete_published_posts\";b:1;s:20:\"delete_private_posts\";b:1;s:18:\"edit_private_posts\";b:1;s:18:\"read_private_posts\";b:1;s:20:\"delete_private_pages\";b:1;s:18:\"edit_private_pages\";b:1;s:18:\"read_private_pages\";b:1;}}s:6:\"author\";a:2:{s:4:\"name\";s:6:\"Author\";s:12:\"capabilities\";a:10:{s:12:\"upload_files\";b:1;s:10:\"edit_posts\";b:1;s:20:\"edit_published_posts\";b:1;s:13:\"publish_posts\";b:1;s:4:\"read\";b:1;s:7:\"level_2\";b:1;s:7:\"level_1\";b:1;s:7:\"level_0\";b:1;s:12:\"delete_posts\";b:1;s:22:\"delete_published_posts\";b:1;}}s:11:\"contributor\";a:2:{s:4:\"name\";s:11:\"Contributor\";s:12:\"capabilities\";a:5:{s:10:\"edit_posts\";b:1;s:4:\"read\";b:1;s:7:\"level_1\";b:1;s:7:\"level_0\";b:1;s:12:\"delete_posts\";b:1;}}s:10:\"subscriber\";a:2:{s:4:\"name\";s:10:\"Subscriber\";s:12:\"capabilities\";a:2:{s:4:\"read\";b:1;s:7:\"level_0\";b:1;}}}', 'yes'),
(96, 'fresh_site', '1', 'yes'),
(97, 'WPLANG', 'ja', 'yes'),
(98, 'widget_search', 'a:2:{i:2;a:1:{s:5:\"title\";s:0:\"\";}s:12:\"_multiwidget\";i:1;}', 'yes'),
(99, 'widget_recent-posts', 'a:2:{i:2;a:2:{s:5:\"title\";s:0:\"\";s:6:\"number\";i:5;}s:12:\"_multiwidget\";i:1;}', 'yes'),
(100, 'widget_recent-comments', 'a:2:{i:2;a:2:{s:5:\"title\";s:0:\"\";s:6:\"number\";i:5;}s:12:\"_multiwidget\";i:1;}', 'yes'),
(101, 'widget_archives', 'a:2:{i:2;a:3:{s:5:\"title\";s:0:\"\";s:5:\"count\";i:0;s:8:\"dropdown\";i:0;}s:12:\"_multiwidget\";i:1;}', 'yes'),
(102, 'widget_meta', 'a:2:{i:2;a:1:{s:5:\"title\";s:0:\"\";}s:12:\"_multiwidget\";i:1;}', 'yes'),
(103, 'sidebars_widgets', 'a:29:{s:19:\"wp_inactive_widgets\";a:0:{}s:7:\"sidebar\";a:3:{i:0;s:8:\"search-2\";i:1;s:14:\"recent-posts-2\";i:2;s:17:\"recent-comments-2\";}s:14:\"sidebar-scroll\";a:3:{i:0;s:10:\"archives-2\";i:1;s:12:\"categories-2\";i:2;s:6:\"meta-2\";}s:11:\"main-scroll\";a:0:{}s:26:\"above-single-content-title\";a:0:{}s:26:\"below-single-content-title\";a:0:{}s:18:\"single-content-top\";a:0:{}s:21:\"single-content-middle\";a:0:{}s:21:\"single-content-bottom\";a:0:{}s:24:\"above-single-sns-buttons\";a:0:{}s:24:\"below-single-sns-buttons\";a:0:{}s:28:\"below-single-related-entries\";a:0:{}s:25:\"below-single-comment-form\";a:0:{}s:16:\"page-content-top\";a:0:{}s:19:\"page-content-middle\";a:0:{}s:19:\"page-content-bottom\";a:0:{}s:22:\"above-page-sns-buttons\";a:0:{}s:22:\"below-page-sns-buttons\";a:0:{}s:9:\"index-top\";a:0:{}s:12:\"index-middle\";a:0:{}s:12:\"index-bottom\";a:0:{}s:11:\"content-top\";a:0:{}s:14:\"content-bottom\";a:0:{}s:11:\"footer-left\";a:0:{}s:13:\"footer-center\";a:0:{}s:12:\"footer-right\";a:0:{}s:13:\"footer-mobile\";a:0:{}s:8:\"404-page\";a:0:{}s:13:\"array_version\";i:3;}', 'yes'),
(104, 'cron', 'a:7:{i:1595744337;a:1:{s:34:\"wp_privacy_delete_old_export_files\";a:1:{s:32:\"40cd750bba9870f18aada2478b24840a\";a:3:{s:8:\"schedule\";s:6:\"hourly\";s:4:\"args\";a:0:{}s:8:\"interval\";i:3600;}}}i:1595769536;a:1:{s:32:\"recovery_mode_clean_expired_keys\";a:1:{s:32:\"40cd750bba9870f18aada2478b24840a\";a:3:{s:8:\"schedule\";s:5:\"daily\";s:4:\"args\";a:0:{}s:8:\"interval\";i:86400;}}}i:1595769537;a:3:{s:16:\"wp_version_check\";a:1:{s:32:\"40cd750bba9870f18aada2478b24840a\";a:3:{s:8:\"schedule\";s:10:\"twicedaily\";s:4:\"args\";a:0:{}s:8:\"interval\";i:43200;}}s:17:\"wp_update_plugins\";a:1:{s:32:\"40cd750bba9870f18aada2478b24840a\";a:3:{s:8:\"schedule\";s:10:\"twicedaily\";s:4:\"args\";a:0:{}s:8:\"interval\";i:43200;}}s:16:\"wp_update_themes\";a:1:{s:32:\"40cd750bba9870f18aada2478b24840a\";a:3:{s:8:\"schedule\";s:10:\"twicedaily\";s:4:\"args\";a:0:{}s:8:\"interval\";i:43200;}}}i:1595769562;a:2:{s:19:\"wp_scheduled_delete\";a:1:{s:32:\"40cd750bba9870f18aada2478b24840a\";a:3:{s:8:\"schedule\";s:5:\"daily\";s:4:\"args\";a:0:{}s:8:\"interval\";i:86400;}}s:25:\"delete_expired_transients\";a:1:{s:32:\"40cd750bba9870f18aada2478b24840a\";a:3:{s:8:\"schedule\";s:5:\"daily\";s:4:\"args\";a:0:{}s:8:\"interval\";i:86400;}}}i:1595769564;a:1:{s:30:\"wp_scheduled_auto_draft_delete\";a:1:{s:32:\"40cd750bba9870f18aada2478b24840a\";a:3:{s:8:\"schedule\";s:5:\"daily\";s:4:\"args\";a:0:{}s:8:\"interval\";i:86400;}}}i:1596201536;a:1:{s:30:\"wp_site_health_scheduled_check\";a:1:{s:32:\"40cd750bba9870f18aada2478b24840a\";a:3:{s:8:\"schedule\";s:6:\"weekly\";s:4:\"args\";a:0:{}s:8:\"interval\";i:604800;}}}s:7:\"version\";i:2;}', 'yes'),
(105, 'widget_pages', 'a:1:{s:12:\"_multiwidget\";i:1;}', 'yes'),
(106, 'widget_calendar', 'a:1:{s:12:\"_multiwidget\";i:1;}', 'yes'),
(107, 'widget_media_audio', 'a:1:{s:12:\"_multiwidget\";i:1;}', 'yes'),
(108, 'widget_media_image', 'a:1:{s:12:\"_multiwidget\";i:1;}', 'yes'),
(109, 'widget_media_gallery', 'a:1:{s:12:\"_multiwidget\";i:1;}', 'yes'),
(110, 'widget_media_video', 'a:1:{s:12:\"_multiwidget\";i:1;}', 'yes'),
(111, 'nonce_key', 'J}8W$P,PO0C%(8)nSvym7)JDRId[I]lz(Ci$=v^H^@q#W;&_g>nm$9r E]j>N&u]', 'no'),
(112, 'nonce_salt', 'm6_+FHnOV=LM#qT6[B)`4Nt{cb$[BUROk9?~*FnKZD%M:2[*>&NAin@uE$I4JQ.{', 'no'),
(113, 'widget_tag_cloud', 'a:1:{s:12:\"_multiwidget\";i:1;}', 'yes'),
(114, 'widget_nav_menu', 'a:1:{s:12:\"_multiwidget\";i:1;}', 'yes'),
(115, 'widget_custom_html', 'a:1:{s:12:\"_multiwidget\";i:1;}', 'yes'),
(117, 'recovery_keys', 'a:0:{}', 'yes'),
(119, 'theme_mods_twentytwenty', 'a:2:{s:18:\"custom_css_post_id\";i:-1;s:16:\"sidebars_widgets\";a:2:{s:4:\"time\";i:1595516695;s:4:\"data\";a:3:{s:19:\"wp_inactive_widgets\";a:0:{}s:9:\"sidebar-1\";a:3:{i:0;s:8:\"search-2\";i:1;s:14:\"recent-posts-2\";i:2;s:17:\"recent-comments-2\";}s:9:\"sidebar-2\";a:3:{i:0;s:10:\"archives-2\";i:1;s:12:\"categories-2\";i:2;s:6:\"meta-2\";}}}}', 'yes'),
(129, '_site_transient_update_core', 'O:8:\"stdClass\":4:{s:7:\"updates\";a:1:{i:0;O:8:\"stdClass\":10:{s:8:\"response\";s:6:\"latest\";s:8:\"download\";s:62:\"https://downloads.wordpress.org/release/ja/wordpress-5.4.2.zip\";s:6:\"locale\";s:2:\"ja\";s:8:\"packages\";O:8:\"stdClass\":5:{s:4:\"full\";s:62:\"https://downloads.wordpress.org/release/ja/wordpress-5.4.2.zip\";s:10:\"no_content\";b:0;s:11:\"new_bundled\";b:0;s:7:\"partial\";b:0;s:8:\"rollback\";b:0;}s:7:\"current\";s:5:\"5.4.2\";s:7:\"version\";s:5:\"5.4.2\";s:11:\"php_version\";s:6:\"5.6.20\";s:13:\"mysql_version\";s:3:\"5.0\";s:11:\"new_bundled\";s:3:\"5.3\";s:15:\"partial_version\";s:0:\"\";}}s:12:\"last_checked\";i:1595740290;s:15:\"version_checked\";s:5:\"5.4.2\";s:12:\"translations\";a:0:{}}', 'no'),
(130, 'auth_key', 'r[f@8$h0YU!2)VMRoVce|~FCkOT5hfw).1Z8Fxw96`#$ 6u7SpLEO.VW@{ca[VEl', 'no'),
(131, 'auth_salt', 'a3dOIMo9(+wT9aNm++[nx<~t-n_Jf%fU5x835mc^1U(Ib7^eH%_$Cdb3yI?`tFJy', 'no'),
(132, 'logged_in_key', 'PO@*2PBiMq2COHE#Mbk-bg.s[PI@$uyheT`2-+mwF9w+DPnwF=zcREqQC~PvjS@I', 'no'),
(133, 'logged_in_salt', '-K/wA#5[dVrDN>FxsS-hZ^0DpGAXWJR>Lxzt0-8X3|H>#|wT-AW5>#oXMI258 }L', 'no'),
(138, 'auto_core_update_notified', 'a:4:{s:4:\"type\";s:7:\"success\";s:5:\"email\";s:31:\"nanako@frash-aroma.sakura.ne.jp\";s:7:\"version\";s:5:\"5.4.2\";s:9:\"timestamp\";i:1595510363;}', 'no'),
(139, '_site_transient_timeout_browser_5fa42a5ced972bb6d5ae8800e98bebfb', '1596115164', 'no'),
(140, '_site_transient_browser_5fa42a5ced972bb6d5ae8800e98bebfb', 'a:10:{s:4:\"name\";s:6:\"Chrome\";s:7:\"version\";s:12:\"84.0.4147.89\";s:8:\"platform\";s:7:\"Windows\";s:10:\"update_url\";s:29:\"https://www.google.com/chrome\";s:7:\"img_src\";s:43:\"http://s.w.org/images/browsers/chrome.png?1\";s:11:\"img_src_ssl\";s:44:\"https://s.w.org/images/browsers/chrome.png?1\";s:15:\"current_version\";s:2:\"18\";s:7:\"upgrade\";b:0;s:8:\"insecure\";b:0;s:6:\"mobile\";b:0;}', 'no'),
(141, '_site_transient_timeout_php_check_c35af108126e3879ab2f7bb297998072', '1596115164', 'no'),
(142, '_site_transient_php_check_c35af108126e3879ab2f7bb297998072', 'a:5:{s:19:\"recommended_version\";s:3:\"7.4\";s:15:\"minimum_version\";s:6:\"5.6.20\";s:12:\"is_supported\";b:1;s:9:\"is_secure\";b:1;s:13:\"is_acceptable\";b:1;}', 'no'),
(150, 'can_compress_scripts', '0', 'no'),
(157, '_site_transient_update_plugins', 'O:8:\"stdClass\":5:{s:12:\"last_checked\";i:1595740292;s:7:\"checked\";a:11:{s:19:\"akismet/akismet.php\";s:5:\"4.1.6\";s:51:\"all-in-one-wp-security-and-firewall/wp-security.php\";s:5:\"4.4.4\";s:27:\"autoptimize/autoptimize.php\";s:5:\"2.7.5\";s:33:\"classic-editor/classic-editor.php\";s:3:\"1.5\";s:45:\"disable-google-fonts/disable-google-fonts.php\";s:3:\"2.0\";s:9:\"hello.php\";s:5:\"1.7.2\";s:41:\"imagemagick-engine/imagemagick-engine.php\";s:5:\"1.6.4\";s:35:\"protect-uploads/protect-uploads.php\";s:3:\"0.3\";s:34:\"sakura-rs-wp-ssl/sakura-rs-ssl.php\";s:5:\"1.4.0\";s:49:\"ts-webfonts-for-sakura/ts-webfonts-for-sakura.php\";s:5:\"2.0.1\";s:41:\"wp-multibyte-patch/wp-multibyte-patch.php\";s:5:\"2.8.5\";}s:8:\"response\";a:0:{}s:12:\"translations\";a:0:{}s:9:\"no_update\";a:11:{s:19:\"akismet/akismet.php\";O:8:\"stdClass\":9:{s:2:\"id\";s:21:\"w.org/plugins/akismet\";s:4:\"slug\";s:7:\"akismet\";s:6:\"plugin\";s:19:\"akismet/akismet.php\";s:11:\"new_version\";s:5:\"4.1.6\";s:3:\"url\";s:38:\"https://wordpress.org/plugins/akismet/\";s:7:\"package\";s:56:\"https://downloads.wordpress.org/plugin/akismet.4.1.6.zip\";s:5:\"icons\";a:2:{s:2:\"2x\";s:59:\"https://ps.w.org/akismet/assets/icon-256x256.png?rev=969272\";s:2:\"1x\";s:59:\"https://ps.w.org/akismet/assets/icon-128x128.png?rev=969272\";}s:7:\"banners\";a:1:{s:2:\"1x\";s:61:\"https://ps.w.org/akismet/assets/banner-772x250.jpg?rev=479904\";}s:11:\"banners_rtl\";a:0:{}}s:51:\"all-in-one-wp-security-and-firewall/wp-security.php\";O:8:\"stdClass\":9:{s:2:\"id\";s:49:\"w.org/plugins/all-in-one-wp-security-and-firewall\";s:4:\"slug\";s:35:\"all-in-one-wp-security-and-firewall\";s:6:\"plugin\";s:51:\"all-in-one-wp-security-and-firewall/wp-security.php\";s:11:\"new_version\";s:5:\"4.4.4\";s:3:\"url\";s:66:\"https://wordpress.org/plugins/all-in-one-wp-security-and-firewall/\";s:7:\"package\";s:78:\"https://downloads.wordpress.org/plugin/all-in-one-wp-security-and-firewall.zip\";s:5:\"icons\";a:1:{s:2:\"1x\";s:88:\"https://ps.w.org/all-in-one-wp-security-and-firewall/assets/icon-128x128.png?rev=1232826\";}s:7:\"banners\";a:2:{s:2:\"2x\";s:91:\"https://ps.w.org/all-in-one-wp-security-and-firewall/assets/banner-1544x500.png?rev=1914011\";s:2:\"1x\";s:90:\"https://ps.w.org/all-in-one-wp-security-and-firewall/assets/banner-772x250.png?rev=1914013\";}s:11:\"banners_rtl\";a:0:{}}s:27:\"autoptimize/autoptimize.php\";O:8:\"stdClass\":9:{s:2:\"id\";s:25:\"w.org/plugins/autoptimize\";s:4:\"slug\";s:11:\"autoptimize\";s:6:\"plugin\";s:27:\"autoptimize/autoptimize.php\";s:11:\"new_version\";s:5:\"2.7.5\";s:3:\"url\";s:42:\"https://wordpress.org/plugins/autoptimize/\";s:7:\"package\";s:60:\"https://downloads.wordpress.org/plugin/autoptimize.2.7.5.zip\";s:5:\"icons\";a:1:{s:2:\"1x\";s:64:\"https://ps.w.org/autoptimize/assets/icon-128x128.png?rev=1864142\";}s:7:\"banners\";a:1:{s:2:\"1x\";s:66:\"https://ps.w.org/autoptimize/assets/banner-772x250.jpg?rev=1315920\";}s:11:\"banners_rtl\";a:0:{}}s:33:\"classic-editor/classic-editor.php\";O:8:\"stdClass\":9:{s:2:\"id\";s:28:\"w.org/plugins/classic-editor\";s:4:\"slug\";s:14:\"classic-editor\";s:6:\"plugin\";s:33:\"classic-editor/classic-editor.php\";s:11:\"new_version\";s:3:\"1.5\";s:3:\"url\";s:45:\"https://wordpress.org/plugins/classic-editor/\";s:7:\"package\";s:61:\"https://downloads.wordpress.org/plugin/classic-editor.1.5.zip\";s:5:\"icons\";a:2:{s:2:\"2x\";s:67:\"https://ps.w.org/classic-editor/assets/icon-256x256.png?rev=1998671\";s:2:\"1x\";s:67:\"https://ps.w.org/classic-editor/assets/icon-128x128.png?rev=1998671\";}s:7:\"banners\";a:2:{s:2:\"2x\";s:70:\"https://ps.w.org/classic-editor/assets/banner-1544x500.png?rev=1998671\";s:2:\"1x\";s:69:\"https://ps.w.org/classic-editor/assets/banner-772x250.png?rev=1998676\";}s:11:\"banners_rtl\";a:0:{}}s:45:\"disable-google-fonts/disable-google-fonts.php\";O:8:\"stdClass\":9:{s:2:\"id\";s:34:\"w.org/plugins/disable-google-fonts\";s:4:\"slug\";s:20:\"disable-google-fonts\";s:6:\"plugin\";s:45:\"disable-google-fonts/disable-google-fonts.php\";s:11:\"new_version\";s:3:\"2.0\";s:3:\"url\";s:51:\"https://wordpress.org/plugins/disable-google-fonts/\";s:7:\"package\";s:67:\"https://downloads.wordpress.org/plugin/disable-google-fonts.2.0.zip\";s:5:\"icons\";a:1:{s:7:\"default\";s:64:\"https://s.w.org/plugins/geopattern-icon/disable-google-fonts.svg\";}s:7:\"banners\";a:0:{}s:11:\"banners_rtl\";a:0:{}}s:9:\"hello.php\";O:8:\"stdClass\":9:{s:2:\"id\";s:25:\"w.org/plugins/hello-dolly\";s:4:\"slug\";s:11:\"hello-dolly\";s:6:\"plugin\";s:9:\"hello.php\";s:11:\"new_version\";s:5:\"1.7.2\";s:3:\"url\";s:42:\"https://wordpress.org/plugins/hello-dolly/\";s:7:\"package\";s:60:\"https://downloads.wordpress.org/plugin/hello-dolly.1.7.2.zip\";s:5:\"icons\";a:2:{s:2:\"2x\";s:64:\"https://ps.w.org/hello-dolly/assets/icon-256x256.jpg?rev=2052855\";s:2:\"1x\";s:64:\"https://ps.w.org/hello-dolly/assets/icon-128x128.jpg?rev=2052855\";}s:7:\"banners\";a:1:{s:2:\"1x\";s:66:\"https://ps.w.org/hello-dolly/assets/banner-772x250.jpg?rev=2052855\";}s:11:\"banners_rtl\";a:0:{}}s:41:\"imagemagick-engine/imagemagick-engine.php\";O:8:\"stdClass\":9:{s:2:\"id\";s:32:\"w.org/plugins/imagemagick-engine\";s:4:\"slug\";s:18:\"imagemagick-engine\";s:6:\"plugin\";s:41:\"imagemagick-engine/imagemagick-engine.php\";s:11:\"new_version\";s:5:\"1.6.4\";s:3:\"url\";s:49:\"https://wordpress.org/plugins/imagemagick-engine/\";s:7:\"package\";s:67:\"https://downloads.wordpress.org/plugin/imagemagick-engine.1.6.4.zip\";s:5:\"icons\";a:2:{s:2:\"2x\";s:71:\"https://ps.w.org/imagemagick-engine/assets/icon-256x256.jpg?rev=2244640\";s:2:\"1x\";s:71:\"https://ps.w.org/imagemagick-engine/assets/icon-128x128.jpg?rev=2244640\";}s:7:\"banners\";a:1:{s:2:\"1x\";s:72:\"https://ps.w.org/imagemagick-engine/assets/banner-772x250.jpg?rev=618669\";}s:11:\"banners_rtl\";a:0:{}}s:35:\"protect-uploads/protect-uploads.php\";O:8:\"stdClass\":9:{s:2:\"id\";s:29:\"w.org/plugins/protect-uploads\";s:4:\"slug\";s:15:\"protect-uploads\";s:6:\"plugin\";s:35:\"protect-uploads/protect-uploads.php\";s:11:\"new_version\";s:3:\"0.3\";s:3:\"url\";s:46:\"https://wordpress.org/plugins/protect-uploads/\";s:7:\"package\";s:62:\"https://downloads.wordpress.org/plugin/protect-uploads.0.3.zip\";s:5:\"icons\";a:2:{s:2:\"2x\";s:68:\"https://ps.w.org/protect-uploads/assets/icon-256x256.png?rev=1124564\";s:2:\"1x\";s:68:\"https://ps.w.org/protect-uploads/assets/icon-128x128.png?rev=1124564\";}s:7:\"banners\";a:2:{s:2:\"2x\";s:71:\"https://ps.w.org/protect-uploads/assets/banner-1544x500.png?rev=1124564\";s:2:\"1x\";s:70:\"https://ps.w.org/protect-uploads/assets/banner-772x250.png?rev=1124564\";}s:11:\"banners_rtl\";a:0:{}}s:34:\"sakura-rs-wp-ssl/sakura-rs-ssl.php\";O:8:\"stdClass\":9:{s:2:\"id\";s:30:\"w.org/plugins/sakura-rs-wp-ssl\";s:4:\"slug\";s:16:\"sakura-rs-wp-ssl\";s:6:\"plugin\";s:34:\"sakura-rs-wp-ssl/sakura-rs-ssl.php\";s:11:\"new_version\";s:5:\"1.4.0\";s:3:\"url\";s:47:\"https://wordpress.org/plugins/sakura-rs-wp-ssl/\";s:7:\"package\";s:59:\"https://downloads.wordpress.org/plugin/sakura-rs-wp-ssl.zip\";s:5:\"icons\";a:2:{s:2:\"2x\";s:69:\"https://ps.w.org/sakura-rs-wp-ssl/assets/icon-256x256.png?rev=1636423\";s:2:\"1x\";s:69:\"https://ps.w.org/sakura-rs-wp-ssl/assets/icon-128x128.png?rev=1636423\";}s:7:\"banners\";a:2:{s:2:\"2x\";s:72:\"https://ps.w.org/sakura-rs-wp-ssl/assets/banner-1544x500.png?rev=1636442\";s:2:\"1x\";s:71:\"https://ps.w.org/sakura-rs-wp-ssl/assets/banner-772x250.png?rev=1636423\";}s:11:\"banners_rtl\";a:0:{}}s:49:\"ts-webfonts-for-sakura/ts-webfonts-for-sakura.php\";O:8:\"stdClass\":9:{s:2:\"id\";s:36:\"w.org/plugins/ts-webfonts-for-sakura\";s:4:\"slug\";s:22:\"ts-webfonts-for-sakura\";s:6:\"plugin\";s:49:\"ts-webfonts-for-sakura/ts-webfonts-for-sakura.php\";s:11:\"new_version\";s:5:\"2.0.1\";s:3:\"url\";s:53:\"https://wordpress.org/plugins/ts-webfonts-for-sakura/\";s:7:\"package\";s:71:\"https://downloads.wordpress.org/plugin/ts-webfonts-for-sakura.2.0.1.zip\";s:5:\"icons\";a:2:{s:2:\"2x\";s:75:\"https://ps.w.org/ts-webfonts-for-sakura/assets/icon-256x256.png?rev=1445322\";s:2:\"1x\";s:75:\"https://ps.w.org/ts-webfonts-for-sakura/assets/icon-128x128.png?rev=1445322\";}s:7:\"banners\";a:2:{s:2:\"2x\";s:78:\"https://ps.w.org/ts-webfonts-for-sakura/assets/banner-1544x500.png?rev=1625339\";s:2:\"1x\";s:77:\"https://ps.w.org/ts-webfonts-for-sakura/assets/banner-772x250.png?rev=1625339\";}s:11:\"banners_rtl\";a:0:{}}s:41:\"wp-multibyte-patch/wp-multibyte-patch.php\";O:8:\"stdClass\":9:{s:2:\"id\";s:32:\"w.org/plugins/wp-multibyte-patch\";s:4:\"slug\";s:18:\"wp-multibyte-patch\";s:6:\"plugin\";s:41:\"wp-multibyte-patch/wp-multibyte-patch.php\";s:11:\"new_version\";s:5:\"2.8.5\";s:3:\"url\";s:49:\"https://wordpress.org/plugins/wp-multibyte-patch/\";s:7:\"package\";s:67:\"https://downloads.wordpress.org/plugin/wp-multibyte-patch.2.8.5.zip\";s:5:\"icons\";a:1:{s:7:\"default\";s:62:\"https://s.w.org/plugins/geopattern-icon/wp-multibyte-patch.svg\";}s:7:\"banners\";a:0:{}s:11:\"banners_rtl\";a:0:{}}}}', 'no'),
(159, 'secure_auth_key', '3V[pyjGv^~kL,!an9jy23m? 4M5vRFsz}>7giC?/6OoG `bq#XQpM41i7r6mM)b)', 'no'),
(160, 'secure_auth_salt', '$GO5AMG#W}%LMYY=%WS]h:eenk*:(u[Jrn/=R|sDyd^RD/J/m*i0}|0Qod@5?9vo', 'no'),
(161, 'recently_activated', 'a:0:{}', 'yes'),
(164, 'sakura-force-ssl', '1', 'yes'),
(174, 'current_theme', 'Cocoon Child', 'yes'),
(175, 'theme_mods_cocoon-master', 'a:9:{i:0;b:0;s:18:\"nav_menu_locations\";a:0:{}s:22:\"accesses_table_version\";s:5:\"0.0.3\";s:29:\"speech_balloons_table_version\";s:5:\"0.0.0\";s:28:\"affiliate_tags_table_version\";s:3:\"0.0\";s:28:\"function_texts_table_version\";s:3:\"0.0\";s:27:\"item_rankings_table_version\";s:3:\"0.0\";s:18:\"custom_css_post_id\";i:-1;s:16:\"sidebars_widgets\";a:2:{s:4:\"time\";i:1595516891;s:4:\"data\";a:28:{s:19:\"wp_inactive_widgets\";a:0:{}s:7:\"sidebar\";a:3:{i:0;s:8:\"search-2\";i:1;s:14:\"recent-posts-2\";i:2;s:17:\"recent-comments-2\";}s:14:\"sidebar-scroll\";a:3:{i:0;s:10:\"archives-2\";i:1;s:12:\"categories-2\";i:2;s:6:\"meta-2\";}s:11:\"main-scroll\";a:0:{}s:26:\"above-single-content-title\";a:0:{}s:26:\"below-single-content-title\";a:0:{}s:18:\"single-content-top\";a:0:{}s:21:\"single-content-middle\";a:0:{}s:21:\"single-content-bottom\";a:0:{}s:24:\"above-single-sns-buttons\";a:0:{}s:24:\"below-single-sns-buttons\";a:0:{}s:28:\"below-single-related-entries\";a:0:{}s:25:\"below-single-comment-form\";a:0:{}s:16:\"page-content-top\";a:0:{}s:19:\"page-content-middle\";a:0:{}s:19:\"page-content-bottom\";a:0:{}s:22:\"above-page-sns-buttons\";a:0:{}s:22:\"below-page-sns-buttons\";a:0:{}s:9:\"index-top\";a:0:{}s:12:\"index-middle\";a:0:{}s:12:\"index-bottom\";a:0:{}s:11:\"content-top\";a:0:{}s:14:\"content-bottom\";a:0:{}s:11:\"footer-left\";a:0:{}s:13:\"footer-center\";a:0:{}s:12:\"footer-right\";a:0:{}s:13:\"footer-mobile\";a:0:{}s:8:\"404-page\";a:0:{}}}}', 'yes'),
(176, 'theme_switched', '', 'yes'),
(177, 'widget_links', 'a:1:{s:12:\"_multiwidget\";i:1;}', 'yes'),
(178, 'widget_new_entries', 'a:1:{s:12:\"_multiwidget\";i:1;}', 'yes'),
(179, 'widget_related_entries', 'a:1:{s:12:\"_multiwidget\";i:1;}', 'yes'),
(180, 'widget_popular_entries', 'a:1:{s:12:\"_multiwidget\";i:1;}', 'yes'),
(181, 'widget_recent_comments', 'a:1:{s:12:\"_multiwidget\";i:1;}', 'yes'),
(182, 'widget_sns_follow_buttons', 'a:1:{s:12:\"_multiwidget\";i:1;}', 'yes'),
(183, 'widget_pc_text', 'a:1:{s:12:\"_multiwidget\";i:1;}', 'yes'),
(184, 'widget_pc_ad', 'a:1:{s:12:\"_multiwidget\";i:1;}', 'yes'),
(185, 'widget_mobile_text', 'a:1:{s:12:\"_multiwidget\";i:1;}', 'yes'),
(186, 'widget_mobile_ad', 'a:1:{s:12:\"_multiwidget\";i:1;}', 'yes'),
(187, 'widget_author_box', 'a:1:{s:12:\"_multiwidget\";i:1;}', 'yes'),
(188, 'widget_fb_like_box', 'a:1:{s:12:\"_multiwidget\";i:1;}', 'yes'),
(189, 'widget_cta_box', 'a:1:{s:12:\"_multiwidget\";i:1;}', 'yes'),
(190, 'widget_item_ranking', 'a:1:{s:12:\"_multiwidget\";i:1;}', 'yes'),
(191, 'widget_common_ad', 'a:1:{s:12:\"_multiwidget\";i:1;}', 'yes'),
(192, 'widget_toc', 'a:1:{s:12:\"_multiwidget\";i:1;}', 'yes'),
(193, 'category_children', 'a:0:{}', 'yes'),
(194, '_transient_timeout_cocoon_bcc_1d5ee8aadad03f56e814e0068d581928', '1598108714', 'no'),
(195, '_transient_cocoon_bcc_1d5ee8aadad03f56e814e0068d581928', 'O:15:\"OpenGraphGetter\":3:{s:24:\"\0OpenGraphGetter\0_values\";a:7:{s:5:\"title\";s:10:\"Simplicity\";s:4:\"type\";s:7:\"article\";s:11:\"description\";s:177:\"内部SEO施策済みのシンプルな無料Wordpressテーマを公開しています。初心者でも出来る限り分かりやすく使えるように作成しました。\";s:3:\"url\";s:26:\"https://wp-simplicity.com/\";s:5:\"image\";s:74:\"https://wp-simplicity.com/wp-content/uploads/2017/07/OH53_ipponnoki500.jpg\";s:9:\"site_name\";s:10:\"Simplicity\";s:6:\"locale\";s:5:\"ja_JP\";}s:26:\"\0OpenGraphGetter\0_position\";i:0;s:5:\"image\";s:118:\"https://baseball.sumomo.ne.jp/wp-content/uploads/cocoon-resources/blog-card-cache/7183f3692da296da4ede1d25e5a91233.jpg\";}', 'no');
INSERT INTO `wpc4b30aoptions` (`option_id`, `option_name`, `option_value`, `autoload`) VALUES
(201, 'theme_mods_cocoon-child-master', 'a:516:{i:0;b:0;s:18:\"nav_menu_locations\";a:0:{}s:22:\"accesses_table_version\";s:5:\"0.0.3\";s:29:\"speech_balloons_table_version\";s:5:\"0.0.0\";s:28:\"affiliate_tags_table_version\";s:3:\"0.0\";s:28:\"function_texts_table_version\";s:3:\"0.0\";s:27:\"item_rankings_table_version\";s:3:\"0.0\";s:18:\"custom_css_post_id\";i:-1;s:14:\"site_key_color\";s:0:\"\";s:19:\"site_key_text_color\";s:0:\"\";s:16:\"site_font_family\";s:8:\"hiragino\";s:14:\"site_font_size\";s:4:\"18px\";s:21:\"mobile_site_font_size\";s:4:\"16px\";s:15:\"site_text_color\";s:0:\"\";s:16:\"site_font_weight\";s:3:\"400\";s:14:\"site_icon_font\";s:14:\"font_awesome_4\";s:21:\"site_background_color\";s:0:\"\";s:15:\"site_link_color\";s:0:\"\";s:20:\"site_selection_color\";s:0:\"\";s:31:\"site_selection_background_color\";s:0:\"\";s:25:\"site_background_image_url\";s:0:\"\";s:16:\"align_site_width\";s:0:\"\";s:16:\"sidebar_position\";s:13:\"sidebar_right\";s:20:\"sidebar_display_type\";s:11:\"display_all\";s:21:\"all_thumbnail_visible\";s:1:\"1\";s:16:\"site_date_format\";s:5:\"Y.m.d\";s:18:\"header_layout_type\";s:11:\"center_logo\";s:12:\"header_fixed\";s:0:\"\";s:18:\"header_area_height\";s:0:\"\";s:25:\"mobile_header_area_height\";s:0:\"\";s:17:\"the_site_logo_url\";s:0:\"\";s:19:\"the_site_logo_width\";s:0:\"\";s:20:\"the_site_logo_height\";s:0:\"\";s:16:\"tagline_position\";s:10:\"header_top\";s:27:\"header_background_image_url\";s:0:\"\";s:34:\"header_background_attachment_fixed\";s:0:\"\";s:33:\"header_container_background_color\";s:0:\"\";s:27:\"header_container_text_color\";s:0:\"\";s:23:\"header_background_color\";s:0:\"\";s:17:\"header_text_color\";s:0:\"\";s:8:\"skin_url\";s:0:\"\";s:17:\"include_skin_type\";s:3:\"all\";s:28:\"global_navi_background_color\";s:0:\"\";s:22:\"global_navi_text_color\";s:0:\"\";s:22:\"global_navi_menu_width\";s:0:\"\";s:34:\"global_navi_menu_text_width_enable\";s:0:\"\";s:26:\"global_navi_sub_menu_width\";s:0:\"\";s:15:\"all_ads_visible\";s:1:\"1\";s:20:\"all_adsenses_visible\";s:1:\"1\";s:7:\"ad_code\";s:0:\"\";s:17:\"ad_link_unit_code\";s:0:\"\";s:29:\"ad_related_contents_unit_code\";s:0:\"\";s:16:\"ad_label_caption\";s:24:\"スポンサーリンク\";s:22:\"adsense_display_method\";s:9:\"by_myself\";s:24:\"ad_pos_index_top_visible\";s:1:\"1\";s:23:\"ad_pos_index_top_format\";s:10:\"horizontal\";s:30:\"ad_pos_index_top_label_visible\";s:0:\"\";s:27:\"ad_pos_index_middle_visible\";s:0:\"\";s:26:\"ad_pos_index_middle_format\";s:9:\"rectangle\";s:33:\"ad_pos_index_middle_label_visible\";s:1:\"1\";s:27:\"ad_pos_index_bottom_visible\";s:1:\"1\";s:26:\"ad_pos_index_bottom_format\";s:9:\"rectangle\";s:33:\"ad_pos_index_bottom_label_visible\";s:1:\"1\";s:26:\"ad_pos_sidebar_top_visible\";s:1:\"1\";s:25:\"ad_pos_sidebar_top_format\";s:4:\"auto\";s:32:\"ad_pos_sidebar_top_label_visible\";s:0:\"\";s:29:\"ad_pos_sidebar_bottom_visible\";s:0:\"\";s:28:\"ad_pos_sidebar_bottom_format\";s:4:\"auto\";s:35:\"ad_pos_sidebar_bottom_label_visible\";s:0:\"\";s:26:\"ad_pos_above_title_visible\";s:0:\"\";s:25:\"ad_pos_above_title_format\";s:10:\"horizontal\";s:32:\"ad_pos_above_title_label_visible\";s:0:\"\";s:26:\"ad_pos_below_title_visible\";s:0:\"\";s:25:\"ad_pos_below_title_format\";s:10:\"horizontal\";s:32:\"ad_pos_below_title_label_visible\";s:0:\"\";s:26:\"ad_pos_content_top_visible\";s:0:\"\";s:25:\"ad_pos_content_top_format\";s:10:\"horizontal\";s:32:\"ad_pos_content_top_label_visible\";s:0:\"\";s:29:\"ad_pos_content_middle_visible\";s:0:\"\";s:28:\"ad_pos_content_middle_format\";s:9:\"rectangle\";s:35:\"ad_pos_content_middle_label_visible\";s:1:\"1\";s:33:\"ad_pos_all_content_middle_visible\";s:0:\"\";s:27:\"ad_pos_content_middle_count\";s:2:\"-1\";s:29:\"ad_pos_content_bottom_visible\";s:1:\"1\";s:28:\"ad_pos_content_bottom_format\";s:9:\"rectangle\";s:35:\"ad_pos_content_bottom_label_visible\";s:1:\"1\";s:32:\"ad_pos_above_sns_buttons_visible\";s:0:\"\";s:31:\"ad_pos_above_sns_buttons_format\";s:9:\"rectangle\";s:38:\"ad_pos_above_sns_buttons_label_visible\";s:1:\"1\";s:32:\"ad_pos_below_sns_buttons_visible\";s:0:\"\";s:31:\"ad_pos_below_sns_buttons_format\";s:9:\"rectangle\";s:38:\"ad_pos_below_sns_buttons_label_visible\";s:1:\"1\";s:34:\"ad_pos_below_related_posts_visible\";s:1:\"1\";s:33:\"ad_pos_below_related_posts_format\";s:9:\"rectangle\";s:40:\"ad_pos_below_related_posts_label_visible\";s:1:\"1\";s:19:\"ad_shortcode_enable\";s:1:\"1\";s:19:\"ad_shortcode_format\";s:9:\"rectangle\";s:26:\"ad_shortcode_label_visible\";s:1:\"1\";s:20:\"ad_linkswitch_enable\";s:0:\"\";s:16:\"ad_linkswitch_id\";s:0:\"\";s:19:\"ad_exclude_post_ids\";s:0:\"\";s:23:\"ad_exclude_category_ids\";s:0:\"\";s:23:\"front_page_title_format\";s:16:\"sitename_tagline\";s:21:\"free_front_page_title\";s:8:\"baseball\";s:27:\"front_page_meta_description\";s:0:\"\";s:24:\"front_page_meta_keywords\";s:0:\"\";s:26:\"singular_page_title_format\";s:18:\"pagetitle_sitename\";s:28:\"meta_description_to_singular\";s:1:\"1\";s:25:\"meta_keywords_to_singular\";s:1:\"1\";s:26:\"category_page_title_format\";s:17:\"category_sitename\";s:28:\"meta_description_to_category\";s:1:\"1\";s:25:\"meta_keywords_to_category\";s:1:\"1\";s:13:\"seo_date_type\";s:9:\"both_date\";s:20:\"simplified_site_name\";s:0:\"\";s:15:\"title_separator\";s:4:\"pipe\";s:20:\"canonical_tag_enable\";s:1:\"1\";s:16:\"prev_next_enable\";s:1:\"1\";s:21:\"category_page_noindex\";s:0:\"\";s:27:\"paged_category_page_noindex\";s:0:\"\";s:16:\"tag_page_noindex\";s:1:\"1\";s:22:\"paged_tag_page_noindex\";s:1:\"1\";s:26:\"other_archive_page_noindex\";s:1:\"1\";s:23:\"attachment_page_noindex\";s:1:\"1\";s:18:\"json_ld_tag_enable\";s:1:\"1\";s:19:\"facebook_ogp_enable\";s:1:\"1\";s:15:\"facebook_app_id\";s:0:\"\";s:19:\"twitter_card_enable\";s:1:\"1\";s:17:\"twitter_card_type\";s:19:\"summary_large_image\";s:18:\"ogp_home_image_url\";s:76:\"https://baseball.sumomo.ne.jp/wp-content/themes/cocoon-master/screenshot.jpg\";s:23:\"analytics_admin_include\";s:1:\"1\";s:30:\"google_tag_manager_tracking_id\";s:0:\"\";s:34:\"google_tag_manager_amp_tracking_id\";s:0:\"\";s:28:\"google_analytics_tracking_id\";s:0:\"\";s:23:\"google_analytics_script\";s:7:\"gtag.js\";s:24:\"google_search_console_id\";s:0:\"\";s:20:\"ptengine_tracking_id\";s:0:\"\";s:25:\"other_analytics_head_tags\";s:0:\"\";s:27:\"other_analytics_header_tags\";s:0:\"\";s:27:\"other_analytics_footer_tags\";s:0:\"\";s:26:\"main_column_contents_width\";s:0:\"\";s:18:\"main_column_margin\";s:0:\"\";s:19:\"main_column_padding\";s:0:\"\";s:24:\"main_column_border_width\";s:0:\"\";s:24:\"main_column_border_color\";s:0:\"\";s:22:\"sidebar_contents_width\";s:0:\"\";s:14:\"sidebar_margin\";s:0:\"\";s:15:\"sidebar_padding\";s:0:\"\";s:20:\"sidebar_border_width\";s:0:\"\";s:20:\"sidebar_border_color\";s:0:\"\";s:19:\"main_sidebar_margin\";s:0:\"\";s:15:\"front_page_type\";s:5:\"index\";s:18:\"index_category_ids\";s:0:\"\";s:29:\"index_category_ids_comma_text\";s:0:\"\";s:26:\"index_new_entry_card_count\";s:1:\"4\";s:31:\"index_category_entry_card_count\";s:1:\"4\";s:18:\"index_sort_orderby\";s:0:\"\";s:15:\"entry_card_type\";s:10:\"entry_card\";s:30:\"smartphone_entry_card_1_column\";s:0:\"\";s:25:\"entry_card_border_visible\";s:0:\"\";s:29:\"entry_card_excerpt_max_length\";s:3:\"120\";s:23:\"entry_card_excerpt_more\";s:3:\"...\";s:26:\"entry_card_snippet_visible\";s:1:\"1\";s:37:\"smartphone_entry_card_snippet_visible\";s:0:\"\";s:28:\"entry_card_post_date_visible\";s:1:\"1\";s:38:\"entry_card_post_date_or_update_visible\";s:1:\"1\";s:30:\"entry_card_post_update_visible\";s:0:\"\";s:30:\"entry_card_post_author_visible\";s:0:\"\";s:37:\"entry_card_post_comment_count_visible\";s:0:\"\";s:28:\"archive_exclude_category_ids\";s:0:\"\";s:25:\"category_tag_display_type\";s:7:\"one_row\";s:29:\"category_tag_display_position\";s:14:\"content_bottom\";s:23:\"related_entries_visible\";s:1:\"1\";s:24:\"related_association_type\";s:8:\"category\";s:21:\"related_entry_heading\";s:12:\"関連記事\";s:25:\"related_entry_sub_heading\";s:0:\"\";s:19:\"related_entry_count\";s:1:\"6\";s:20:\"related_entry_period\";s:0:\"\";s:18:\"related_entry_type\";s:10:\"entry_card\";s:28:\"related_entry_border_visible\";s:0:\"\";s:26:\"related_excerpt_max_length\";s:3:\"120\";s:34:\"related_entry_card_snippet_visible\";s:1:\"1\";s:45:\"smartphone_related_entry_card_snippet_visible\";s:1:\"1\";s:36:\"related_entry_card_post_date_visible\";s:0:\"\";s:46:\"related_entry_card_post_date_or_update_visible\";s:1:\"1\";s:38:\"related_entry_card_post_update_visible\";s:0:\"\";s:38:\"related_entry_card_post_author_visible\";s:0:\"\";s:17:\"post_navi_visible\";s:1:\"1\";s:14:\"post_navi_type\";s:7:\"default\";s:18:\"post_navi_position\";s:13:\"under_related\";s:30:\"post_navi_same_category_enable\";s:0:\"\";s:30:\"post_navi_exclude_category_ids\";s:0:\"\";s:24:\"post_navi_border_visible\";s:0:\"\";s:22:\"single_comment_visible\";s:1:\"1\";s:27:\"single_breadcrumbs_position\";s:11:\"main_bottom\";s:31:\"single_breadcrumbs_include_post\";s:0:\"\";s:20:\"page_comment_visible\";s:0:\"\";s:25:\"page_breadcrumbs_position\";s:11:\"main_bottom\";s:29:\"page_breadcrumbs_include_post\";s:0:\"\";s:24:\"entry_content_line_hight\";s:3:\"1.8\";s:26:\"entry_content_margin_hight\";s:3:\"1.4\";s:23:\"external_link_open_type\";s:7:\"default\";s:25:\"external_link_follow_type\";s:7:\"default\";s:29:\"external_link_noopener_enable\";s:0:\"\";s:42:\"external_target_blank_link_noopener_enable\";s:1:\"1\";s:31:\"external_link_noreferrer_enable\";s:0:\"\";s:44:\"external_target_blank_link_noreferrer_enable\";s:0:\"\";s:29:\"external_link_external_enable\";s:0:\"\";s:26:\"external_link_icon_visible\";s:0:\"\";s:18:\"external_link_icon\";s:16:\"fa-external-link\";s:23:\"internal_link_open_type\";s:7:\"default\";s:25:\"internal_link_follow_type\";s:7:\"default\";s:29:\"internal_link_noopener_enable\";s:0:\"\";s:42:\"internal_target_blank_link_noopener_enable\";s:0:\"\";s:31:\"internal_link_noreferrer_enable\";s:0:\"\";s:44:\"internal_target_blank_link_noreferrer_enable\";s:0:\"\";s:26:\"internal_link_icon_visible\";s:0:\"\";s:18:\"internal_link_icon\";s:16:\"fa-external-link\";s:23:\"responsive_table_enable\";s:0:\"\";s:43:\"responsive_table_first_column_sticky_enable\";s:0:\"\";s:17:\"post_date_visible\";s:1:\"1\";s:19:\"post_update_visible\";s:1:\"1\";s:19:\"post_author_visible\";s:1:\"1\";s:25:\"content_read_time_visible\";s:0:\"\";s:11:\"toc_visible\";s:1:\"1\";s:18:\"single_toc_visible\";s:1:\"1\";s:16:\"page_toc_visible\";s:1:\"1\";s:20:\"category_toc_visible\";s:1:\"1\";s:15:\"tag_toc_visible\";s:1:\"1\";s:9:\"toc_title\";s:6:\"目次\";s:24:\"toc_toggle_switch_enable\";s:1:\"1\";s:16:\"toc_open_caption\";s:6:\"開く\";s:17:\"toc_close_caption\";s:9:\"閉じる\";s:19:\"toc_content_visible\";s:1:\"1\";s:17:\"toc_display_count\";s:1:\"2\";s:9:\"toc_depth\";s:1:\"0\";s:15:\"toc_number_type\";s:6:\"number\";s:19:\"toc_position_center\";s:1:\"1\";s:14:\"toc_before_ads\";s:0:\"\";s:33:\"toc_heading_inner_html_tag_enable\";s:0:\"\";s:29:\"sns_top_share_buttons_visible\";s:1:\"1\";s:21:\"sns_top_share_message\";s:0:\"\";s:32:\"top_twitter_share_button_visible\";s:1:\"1\";s:33:\"top_facebook_share_button_visible\";s:1:\"1\";s:31:\"top_hatebu_share_button_visible\";s:1:\"1\";s:36:\"top_google_plus_share_button_visible\";s:0:\"\";s:31:\"top_pocket_share_button_visible\";s:1:\"1\";s:32:\"top_line_at_share_button_visible\";s:1:\"1\";s:34:\"top_pinterest_share_button_visible\";s:0:\"\";s:33:\"top_linkedin_share_button_visible\";s:0:\"\";s:29:\"top_copy_share_button_visible\";s:1:\"1\";s:32:\"top_comment_share_button_visible\";s:0:\"\";s:40:\"sns_front_page_top_share_buttons_visible\";s:0:\"\";s:36:\"sns_single_top_share_buttons_visible\";s:1:\"1\";s:34:\"sns_page_top_share_buttons_visible\";s:1:\"1\";s:38:\"sns_category_top_share_buttons_visible\";s:0:\"\";s:33:\"sns_tag_top_share_buttons_visible\";s:0:\"\";s:26:\"sns_top_share_button_color\";s:11:\"brand_color\";s:26:\"sns_top_share_column_count\";s:1:\"6\";s:35:\"sns_top_share_logo_caption_position\";s:15:\"high_and_low_lc\";s:35:\"sns_top_share_buttons_count_visible\";s:0:\"\";s:32:\"sns_bottom_share_buttons_visible\";s:1:\"1\";s:24:\"sns_bottom_share_message\";s:15:\"シェアする\";s:35:\"bottom_twitter_share_button_visible\";s:1:\"1\";s:36:\"bottom_facebook_share_button_visible\";s:1:\"1\";s:34:\"bottom_hatebu_share_button_visible\";s:1:\"1\";s:39:\"bottom_google_plus_share_button_visible\";s:0:\"\";s:34:\"bottom_pocket_share_button_visible\";s:1:\"1\";s:35:\"bottom_line_at_share_button_visible\";s:1:\"1\";s:37:\"bottom_pinterest_share_button_visible\";s:0:\"\";s:36:\"bottom_linkedin_share_button_visible\";s:0:\"\";s:32:\"bottom_copy_share_button_visible\";s:1:\"1\";s:35:\"bottom_comment_share_button_visible\";s:0:\"\";s:43:\"sns_front_page_bottom_share_buttons_visible\";s:0:\"\";s:39:\"sns_single_bottom_share_buttons_visible\";s:1:\"1\";s:37:\"sns_page_bottom_share_buttons_visible\";s:1:\"1\";s:41:\"sns_category_bottom_share_buttons_visible\";s:0:\"\";s:36:\"sns_tag_bottom_share_buttons_visible\";s:0:\"\";s:29:\"sns_bottom_share_button_color\";s:11:\"brand_color\";s:29:\"sns_bottom_share_column_count\";s:1:\"3\";s:38:\"sns_bottom_share_logo_caption_position\";s:14:\"left_and_right\";s:38:\"sns_bottom_share_buttons_count_visible\";s:0:\"\";s:18:\"twitter_id_include\";s:0:\"\";s:29:\"twitter_related_follow_enable\";s:1:\"1\";s:16:\"twitter_hash_tag\";s:0:\"\";s:21:\"facebook_access_token\";s:0:\"\";s:30:\"pinterest_share_button_visible\";s:0:\"\";s:28:\"sns_share_count_cache_enable\";s:1:\"1\";s:30:\"sns_share_count_cache_interval\";s:1:\"6\";s:30:\"another_scheme_sns_share_count\";s:0:\"\";s:26:\"sns_follow_buttons_visible\";s:1:\"1\";s:18:\"sns_follow_message\";s:30:\"#{author}をフォローする\";s:37:\"sns_front_page_follow_buttons_visible\";s:0:\"\";s:33:\"sns_single_follow_buttons_visible\";s:1:\"1\";s:31:\"sns_page_follow_buttons_visible\";s:1:\"1\";s:35:\"sns_category_follow_buttons_visible\";s:0:\"\";s:30:\"sns_tag_follow_buttons_visible\";s:0:\"\";s:28:\"feedly_follow_button_visible\";s:1:\"1\";s:25:\"rss_follow_button_visible\";s:1:\"1\";s:23:\"sns_follow_button_color\";s:11:\"brand_color\";s:23:\"sns_default_follow_user\";s:1:\"1\";s:32:\"sns_follow_buttons_count_visible\";s:0:\"\";s:23:\"sns_feedly_follow_count\";s:1:\"0\";s:29:\"sns_follow_count_cache_enable\";s:1:\"1\";s:31:\"sns_follow_count_cache_interval\";s:2:\"12\";s:31:\"another_scheme_sns_follow_count\";s:0:\"\";s:16:\"eyecatch_visible\";s:1:\"1\";s:22:\"eyecatch_label_visible\";s:1:\"1\";s:22:\"eyecatch_center_enable\";s:0:\"\";s:33:\"eyecatch_width_100_percent_enable\";s:0:\"\";s:24:\"eyecatch_caption_visible\";s:1:\"1\";s:26:\"auto_post_thumbnail_enable\";s:0:\"\";s:17:\"image_wrap_effect\";s:4:\"none\";s:17:\"image_zoom_effect\";s:11:\"baguettebox\";s:27:\"content_image_center_enable\";s:0:\"\";s:20:\"thumbnail_image_type\";s:4:\"wide\";s:23:\"retina_thumbnail_enable\";s:0:\"\";s:12:\"no_image_url\";s:0:\"\";s:24:\"internal_blogcard_enable\";s:1:\"1\";s:32:\"comment_internal_blogcard_enable\";s:0:\"\";s:33:\"internal_blogcard_thumbnail_style\";s:4:\"left\";s:27:\"internal_blogcard_date_type\";s:9:\"post_date\";s:30:\"internal_blogcard_target_blank\";s:0:\"\";s:24:\"external_blogcard_enable\";s:1:\"1\";s:32:\"comment_external_blogcard_enable\";s:0:\"\";s:33:\"external_blogcard_thumbnail_style\";s:4:\"left\";s:30:\"external_blogcard_target_blank\";s:1:\"1\";s:40:\"external_blogcard_cache_retention_period\";s:3:\"365\";s:30:\"external_blogcard_refresh_mode\";s:0:\"\";s:21:\"code_highlight_enable\";s:0:\"\";s:22:\"code_row_number_enable\";s:0:\"\";s:22:\"code_highlight_package\";s:5:\"light\";s:20:\"code_highlight_style\";s:7:\"monokai\";s:27:\"code_highlight_css_selector\";s:18:\".entry-content pre\";s:20:\"comment_display_type\";s:7:\"default\";s:15:\"comment_heading\";s:12:\"コメント\";s:19:\"comment_sub_heading\";s:0:\"\";s:25:\"comment_form_display_type\";s:13:\"toggle_button\";s:20:\"comment_form_heading\";s:24:\"コメントをどうぞ\";s:27:\"comment_information_message\";s:0:\"\";s:23:\"comment_website_visible\";s:1:\"1\";s:20:\"comment_submit_label\";s:21:\"コメントを送信\";s:19:\"notice_area_visible\";s:0:\"\";s:19:\"notice_area_message\";s:0:\"\";s:15:\"notice_area_url\";s:0:\"\";s:24:\"notice_link_target_blank\";s:0:\"\";s:11:\"notice_type\";s:6:\"notice\";s:28:\"notice_area_background_color\";s:0:\"\";s:22:\"notice_area_text_color\";s:0:\"\";s:24:\"appeal_area_display_type\";s:4:\"none\";s:18:\"appeal_area_height\";s:0:\"\";s:21:\"appeal_area_image_url\";s:0:\"\";s:28:\"appeal_area_background_color\";s:0:\"\";s:39:\"appeal_area_background_attachment_fixed\";s:0:\"\";s:27:\"appeal_area_content_visible\";s:1:\"1\";s:17:\"appeal_area_title\";s:0:\"\";s:19:\"appeal_area_message\";s:0:\"\";s:26:\"appeal_area_button_message\";s:0:\"\";s:22:\"appeal_area_button_url\";s:0:\"\";s:25:\"appeal_area_button_target\";s:5:\"_self\";s:35:\"appeal_area_button_background_color\";s:0:\"\";s:30:\"recommended_cards_display_type\";s:4:\"none\";s:27:\"recommended_cards_menu_name\";s:0:\"\";s:23:\"recommended_cards_style\";s:18:\"center_white_title\";s:31:\"recommended_cards_margin_enable\";s:0:\"\";s:47:\"recommended_cards_area_both_sides_margin_enable\";s:0:\"\";s:21:\"carousel_display_type\";s:4:\"none\";s:27:\"carousel_smartphone_visible\";s:1:\"1\";s:29:\"carousel_popular_posts_enable\";s:0:\"\";s:33:\"carousel_popular_posts_count_days\";s:3:\"all\";s:21:\"carousel_category_ids\";s:0:\"\";s:16:\"carousel_tag_ids\";s:0:\"\";s:16:\"carousel_orderby\";s:4:\"rand\";s:18:\"carousel_max_count\";s:2:\"18\";s:28:\"carousel_card_border_visible\";s:0:\"\";s:24:\"carousel_autoplay_enable\";s:0:\"\";s:26:\"carousel_autoplay_interval\";s:1:\"5\";s:23:\"footer_background_color\";s:0:\"\";s:17:\"footer_text_color\";s:0:\"\";s:19:\"footer_display_type\";s:11:\"logo_enable\";s:15:\"footer_logo_url\";s:0:\"\";s:20:\"site_initiation_year\";s:4:\"2020\";s:14:\"copyright_name\";s:0:\"\";s:15:\"credit_notation\";s:6:\"simple\";s:20:\"user_credit_notation\";s:0:\"\";s:22:\"footer_navi_menu_width\";s:0:\"\";s:34:\"footer_navi_menu_text_width_enable\";s:1:\"1\";s:24:\"go_to_top_button_visible\";s:1:\"1\";s:26:\"go_to_top_button_icon_font\";s:18:\"fa-angle-double-up\";s:26:\"go_to_top_button_image_url\";s:0:\"\";s:26:\"go_to_top_background_color\";s:0:\"\";s:20:\"go_to_top_text_color\";s:0:\"\";s:25:\"mobile_button_layout_type\";s:21:\"footer_mobile_buttons\";s:27:\"fixed_mobile_buttons_enable\";s:0:\"\";s:26:\"mobile_header_logo_visible\";s:1:\"1\";s:39:\"slide_in_content_bottom_sidebar_visible\";s:0:\"\";s:13:\"404_image_url\";s:76:\"https://baseball.sumomo.ne.jp/wp-content/themes/cocoon-master/images/404.png\";s:14:\"404_page_title\";s:13:\"404 NOT FOUND\";s:16:\"404_page_message\";s:57:\"お探しのページは見つかりませんでした。\";s:10:\"amp_enable\";s:0:\"\";s:18:\"amp_logo_image_url\";s:84:\"https://baseball.sumomo.ne.jp/wp-content/themes/cocoon-master/images/no-amp-logo.png\";s:21:\"amp_image_zoom_effect\";s:20:\"amp-lightbox-gallery\";s:13:\"amp_validator\";s:0:\"\";s:31:\"amp_removal_inline_style_enable\";s:0:\"\";s:23:\"amp_inline_style_enable\";s:0:\"\";s:21:\"amp_skin_style_enable\";s:1:\"1\";s:28:\"amp_child_theme_style_enable\";s:1:\"1\";s:24:\"amp_exclude_category_ids\";s:0:\"\";s:10:\"pwa_enable\";s:0:\"\";s:16:\"pwa_admin_enable\";s:0:\"\";s:8:\"pwa_name\";s:8:\"baseball\";s:14:\"pwa_short_name\";s:8:\"baseball\";s:15:\"pwa_description\";s:27:\"Just another WordPress site\";s:15:\"pwa_theme_color\";s:7:\"#19448e\";s:20:\"pwa_background_color\";s:7:\"#ffffff\";s:11:\"pwa_display\";s:10:\"minimal-ui\";s:15:\"pwa_orientation\";s:3:\"any\";s:23:\"admin_tool_menu_visible\";s:1:\"1\";s:22:\"admin_index_pv_visible\";s:1:\"1\";s:25:\"admin_list_author_visible\";s:1:\"1\";s:29:\"admin_list_categories_visible\";s:1:\"1\";s:23:\"admin_list_tags_visible\";s:1:\"1\";s:27:\"admin_list_comments_visible\";s:1:\"1\";s:23:\"admin_list_date_visible\";s:1:\"1\";s:26:\"admin_list_post_id_visible\";s:1:\"1\";s:29:\"admin_list_word_count_visible\";s:1:\"1\";s:21:\"admin_list_pv_visible\";s:1:\"1\";s:27:\"admin_list_eyecatch_visible\";s:1:\"1\";s:23:\"admin_list_memo_visible\";s:0:\"\";s:24:\"admin_panel_display_type\";s:7:\"pc_only\";s:27:\"admin_panel_pv_area_visible\";s:1:\"1\";s:19:\"admin_panel_pv_type\";s:6:\"cocoon\";s:29:\"admin_panel_edit_area_visible\";s:1:\"1\";s:32:\"admin_panel_wp_dashboard_visible\";s:0:\"\";s:27:\"admin_panel_wp_edit_visible\";s:1:\"1\";s:28:\"admin_panel_wlw_edit_visible\";s:0:\"\";s:28:\"admin_panel_amp_area_visible\";s:1:\"1\";s:29:\"admin_google_amp_test_visible\";s:1:\"1\";s:31:\"admin_the_amp_validator_visible\";s:1:\"1\";s:22:\"admin_ampbench_visible\";s:0:\"\";s:36:\"admin_panel_check_tools_area_visible\";s:0:\"\";s:32:\"admin_pagespeed_insights_visible\";s:1:\"1\";s:22:\"admin_gtmetrix_visible\";s:1:\"1\";s:34:\"admin_mobile_friendly_test_visible\";s:1:\"1\";s:29:\"admin_structured_data_visible\";s:1:\"1\";s:29:\"admin_nu_html_checker_visible\";s:1:\"1\";s:28:\"admin_html5_outliner_visible\";s:1:\"1\";s:22:\"admin_seocheki_visible\";s:1:\"1\";s:25:\"admin_tweet_check_visible\";s:1:\"1\";s:41:\"admin_panel_responsive_tools_area_visible\";s:1:\"1\";s:27:\"admin_responsinator_visible\";s:1:\"1\";s:19:\"admin_sizzy_visible\";s:1:\"1\";s:42:\"admin_multi_screen_resolution_test_visible\";s:1:\"1\";s:22:\"exclude_widget_classes\";s:0:\"\";s:23:\"exclude_widget_area_ids\";s:0:\"\";s:23:\"gutenberg_editor_enable\";s:1:\"1\";s:26:\"visual_editor_style_enable\";s:1:\"1\";s:23:\"editor_background_color\";s:0:\"\";s:17:\"editor_text_color\";s:0:\"\";s:28:\"editor_tag_check_list_enable\";s:0:\"\";s:32:\"block_editor_ruby_button_visible\";s:1:\"1\";s:42:\"block_editor_letter_style_dropdown_visible\";s:1:\"1\";s:42:\"block_editor_marker_style_dropdown_visible\";s:1:\"1\";s:41:\"block_editor_badge_style_dropdown_visible\";s:1:\"1\";s:45:\"block_editor_font_size_style_dropdown_visible\";s:1:\"1\";s:47:\"block_editor_general_shortcode_dropdown_visible\";s:1:\"1\";s:48:\"block_editor_template_shortcode_dropdown_visible\";s:1:\"1\";s:49:\"block_editor_affiliate_shortcode_dropdown_visible\";s:1:\"1\";s:47:\"block_editor_ranking_shortcode_dropdown_visible\";s:1:\"1\";s:37:\"block_editor_extended_palette_color_a\";s:7:\"#ffffff\";s:37:\"block_editor_extended_palette_color_b\";s:7:\"#ffffff\";s:37:\"block_editor_extended_palette_color_c\";s:7:\"#ffffff\";s:37:\"block_editor_extended_palette_color_d\";s:7:\"#ffffff\";s:37:\"block_editor_extended_palette_color_e\";s:7:\"#ffffff\";s:37:\"block_editor_extended_palette_color_f\";s:7:\"#ffffff\";s:28:\"admin_editor_counter_visible\";s:1:\"1\";s:27:\"confirmation_before_publish\";s:1:\"1\";s:24:\"amazon_api_access_key_id\";s:0:\"\";s:21:\"amazon_api_secret_key\";s:0:\"\";s:28:\"amazon_associate_tracking_id\";s:0:\"\";s:28:\"amazon_search_button_visible\";s:1:\"1\";s:33:\"amazon_item_catalog_image_visible\";s:1:\"1\";s:25:\"amazon_item_price_visible\";s:0:\"\";s:22:\"amazon_item_price_type\";s:8:\"in_stock\";s:31:\"amazon_item_description_visible\";s:0:\"\";s:36:\"amazon_item_customer_reviews_visible\";s:1:\"1\";s:33:\"amazon_item_customer_reviews_text\";s:48:\"Amazonの商品レビュー・口コミを見る\";s:24:\"amazon_item_logo_visible\";s:1:\"1\";s:25:\"amazon_search_button_text\";s:6:\"Amazon\";s:22:\"rakuten_application_id\";s:0:\"\";s:20:\"rakuten_affiliate_id\";s:0:\"\";s:20:\"get_rakuten_api_sort\";s:14:\"-affiliateRate\";s:26:\"rakuten_item_price_visible\";s:0:\"\";s:25:\"rakuten_item_logo_visible\";s:1:\"1\";s:29:\"rakuten_search_button_visible\";s:1:\"1\";s:26:\"rakuten_search_button_text\";s:6:\"楽天\";s:31:\"rakuten_button_search_to_detail\";s:0:\"\";s:30:\"amazon_button_search_to_detail\";s:0:\"\";s:23:\"yahoo_valuecommerce_sid\";s:0:\"\";s:23:\"yahoo_valuecommerce_pid\";s:0:\"\";s:27:\"yahoo_search_button_visible\";s:1:\"1\";s:24:\"yahoo_search_button_text\";s:24:\"Yahoo!ショッピング\";s:16:\"dmm_affiliate_id\";s:0:\"\";s:25:\"dmm_search_button_visible\";s:1:\"1\";s:22:\"dmm_search_button_text\";s:3:\"DMM\";s:29:\"moshimo_affiliate_link_enable\";s:0:\"\";s:17:\"moshimo_amazon_id\";s:0:\"\";s:18:\"moshimo_rakuten_id\";s:0:\"\";s:16:\"moshimo_yahoo_id\";s:0:\"\";s:26:\"api_cache_retention_period\";s:3:\"180\";s:21:\"api_error_mail_enable\";s:1:\"1\";s:15:\"easy_ssl_enable\";s:0:\"\";s:37:\"request_filesystem_credentials_enable\";s:0:\"\";s:23:\"migrate_from_simplicity\";s:0:\"\";s:21:\"auto_post_slug_enable\";s:0:\"\";s:14:\"jquery_version\";s:1:\"1\";s:22:\"jquery_migrate_version\";s:1:\"1\";}', 'yes'),
(202, 'external_theme_updates-cocoon-master', 'O:8:\"stdClass\":3:{s:9:\"lastCheck\";i:1595740291;s:14:\"checkedVersion\";s:7:\"2.2.1.8\";s:6:\"update\";N;}', 'yes'),
(203, '_site_transient_update_themes', 'O:8:\"stdClass\":4:{s:12:\"last_checked\";i:1595740292;s:7:\"checked\";a:5:{s:19:\"cocoon-child-master\";s:5:\"1.1.2\";s:13:\"cocoon-master\";s:7:\"2.2.1.8\";s:14:\"twentynineteen\";s:3:\"1.6\";s:15:\"twentyseventeen\";s:3:\"2.3\";s:12:\"twentytwenty\";s:3:\"1.4\";}s:8:\"response\";a:0:{}s:12:\"translations\";a:0:{}}', 'no'),
(212, '_transient_health-check-site-status-result', '{\"good\":\"9\",\"recommended\":\"8\",\"critical\":\"0\"}', 'yes'),
(225, '_site_transient_timeout_community-events-61a462e2e10fc88446d4c225821bc06d', '1595731374', 'no'),
(226, '_site_transient_community-events-61a462e2e10fc88446d4c225821bc06d', 'a:3:{s:9:\"sandboxed\";b:0;s:8:\"location\";a:1:{s:2:\"ip\";s:12:\"114.186.76.0\";}s:6:\"events\";a:3:{i:0;a:8:{s:4:\"type\";s:6:\"meetup\";s:5:\"title\";s:107:\"【第7回】山梨 WordPress MeetUpオンライン開催  「WordPressの仕事の取り方」＆質問会\";s:3:\"url\";s:67:\"https://www.meetup.com/Yamanashi-WordPress-Meetup/events/271562544/\";s:6:\"meetup\";s:26:\"Yamanashi WordPress Meetup\";s:10:\"meetup_url\";s:50:\"https://www.meetup.com/Yamanashi-WordPress-Meetup/\";s:4:\"date\";s:19:\"2020-08-01 20:00:00\";s:8:\"end_date\";s:19:\"2020-08-01 22:00:00\";s:8:\"location\";a:4:{s:8:\"location\";s:6:\"Online\";s:7:\"country\";s:2:\"JP\";s:8:\"latitude\";d:35.680000305176;s:9:\"longitude\";d:138.64999389648;}}i:1;a:8:{s:4:\"type\";s:6:\"meetup\";s:5:\"title\";s:81:\"八王子WordPressミートアップ（旧・八王子WordPressもくもく会）\";s:3:\"url\";s:63:\"https://www.meetup.com/Tokyo-WordPress-Meetup/events/272018553/\";s:6:\"meetup\";s:22:\"Tokyo WordPress Meetup\";s:10:\"meetup_url\";s:46:\"https://www.meetup.com/Tokyo-WordPress-Meetup/\";s:4:\"date\";s:19:\"2020-08-08 14:00:00\";s:8:\"end_date\";s:19:\"2020-08-08 16:00:00\";s:8:\"location\";a:4:{s:8:\"location\";s:15:\"Hachioji, Japan\";s:7:\"country\";s:2:\"jp\";s:8:\"latitude\";d:35.657875061035;s:9:\"longitude\";d:139.34031677246;}}i:2;a:8:{s:4:\"type\";s:8:\"wordcamp\";s:5:\"title\";s:16:\"WordCamp Ogijima\";s:3:\"url\";s:34:\"https://2020.ogijima.wordcamp.org/\";s:6:\"meetup\";N;s:10:\"meetup_url\";N;s:4:\"date\";s:19:\"2020-09-06 00:00:00\";s:8:\"end_date\";s:19:\"2020-09-06 00:00:00\";s:8:\"location\";a:4:{s:8:\"location\";s:6:\"Online\";s:7:\"country\";s:2:\"JP\";s:8:\"latitude\";d:37.8327357;s:9:\"longitude\";d:139.1183573;}}}}', 'no'),
(227, '_transient_timeout_feed_992efac292246ae35bf235a03417a202', '1595731376', 'no');
INSERT INTO `wpc4b30aoptions` (`option_id`, `option_name`, `option_value`, `autoload`) VALUES
(228, '_transient_feed_992efac292246ae35bf235a03417a202', 'a:4:{s:5:\"child\";a:1:{s:0:\"\";a:1:{s:3:\"rss\";a:1:{i:0;a:6:{s:4:\"data\";s:3:\"\n\n\n\";s:7:\"attribs\";a:1:{s:0:\"\";a:1:{s:7:\"version\";s:3:\"2.0\";}}s:8:\"xml_base\";s:0:\"\";s:17:\"xml_base_explicit\";b:0;s:8:\"xml_lang\";s:0:\"\";s:5:\"child\";a:1:{s:0:\"\";a:1:{s:7:\"channel\";a:1:{i:0;a:6:{s:4:\"data\";s:49:\"\n	\n	\n	\n	\n	\n	\n	\n	\n	\n	\n		\n		\n		\n		\n		\n		\n		\n		\n		\n	\";s:7:\"attribs\";a:0:{}s:8:\"xml_base\";s:0:\"\";s:17:\"xml_base_explicit\";b:0;s:8:\"xml_lang\";s:0:\"\";s:5:\"child\";a:3:{s:0:\"\";a:7:{s:5:\"title\";a:1:{i:0;a:5:{s:4:\"data\";s:25:\"ブログ | WordPress.org\";s:7:\"attribs\";a:0:{}s:8:\"xml_base\";s:0:\"\";s:17:\"xml_base_explicit\";b:0;s:8:\"xml_lang\";s:0:\"\";}}s:4:\"link\";a:1:{i:0;a:5:{s:4:\"data\";s:24:\"https://ja.wordpress.org\";s:7:\"attribs\";a:0:{}s:8:\"xml_base\";s:0:\"\";s:17:\"xml_base_explicit\";b:0;s:8:\"xml_lang\";s:0:\"\";}}s:11:\"description\";a:1:{i:0;a:5:{s:4:\"data\";s:49:\"WordPress 日本語ローカルサイトブログ\";s:7:\"attribs\";a:0:{}s:8:\"xml_base\";s:0:\"\";s:17:\"xml_base_explicit\";b:0;s:8:\"xml_lang\";s:0:\"\";}}s:13:\"lastBuildDate\";a:1:{i:0;a:5:{s:4:\"data\";s:31:\"Thu, 23 Jul 2020 05:41:54 +0000\";s:7:\"attribs\";a:0:{}s:8:\"xml_base\";s:0:\"\";s:17:\"xml_base_explicit\";b:0;s:8:\"xml_lang\";s:0:\"\";}}s:8:\"language\";a:1:{i:0;a:5:{s:4:\"data\";s:2:\"ja\";s:7:\"attribs\";a:0:{}s:8:\"xml_base\";s:0:\"\";s:17:\"xml_base_explicit\";b:0;s:8:\"xml_lang\";s:0:\"\";}}s:9:\"generator\";a:1:{i:0;a:5:{s:4:\"data\";s:40:\"https://wordpress.org/?v=5.5-beta3-48605\";s:7:\"attribs\";a:0:{}s:8:\"xml_base\";s:0:\"\";s:17:\"xml_base_explicit\";b:0;s:8:\"xml_lang\";s:0:\"\";}}s:4:\"item\";a:10:{i:0;a:6:{s:4:\"data\";s:60:\"\n		\n		\n		\n		\n		\n				\n		\n		\n\n					\n										\n					\n		\n		\n			\";s:7:\"attribs\";a:0:{}s:8:\"xml_base\";s:0:\"\";s:17:\"xml_base_explicit\";b:0;s:8:\"xml_lang\";s:0:\"\";s:5:\"child\";a:3:{s:0:\"\";a:6:{s:5:\"title\";a:1:{i:0;a:5:{s:4:\"data\";s:23:\"WordPress 5.5ベータ3\";s:7:\"attribs\";a:0:{}s:8:\"xml_base\";s:0:\"\";s:17:\"xml_base_explicit\";b:0;s:8:\"xml_lang\";s:0:\"\";}}s:4:\"link\";a:1:{i:0;a:5:{s:4:\"data\";s:57:\"https://ja.wordpress.org/2020/07/23/wordpress-5-5-beta-3/\";s:7:\"attribs\";a:0:{}s:8:\"xml_base\";s:0:\"\";s:17:\"xml_base_explicit\";b:0;s:8:\"xml_lang\";s:0:\"\";}}s:7:\"pubDate\";a:1:{i:0;a:5:{s:4:\"data\";s:31:\"Thu, 23 Jul 2020 05:41:54 +0000\";s:7:\"attribs\";a:0:{}s:8:\"xml_base\";s:0:\"\";s:17:\"xml_base_explicit\";b:0;s:8:\"xml_lang\";s:0:\"\";}}s:8:\"category\";a:2:{i:0;a:5:{s:4:\"data\";s:11:\"Development\";s:7:\"attribs\";a:0:{}s:8:\"xml_base\";s:0:\"\";s:17:\"xml_base_explicit\";b:0;s:8:\"xml_lang\";s:0:\"\";}i:1;a:5:{s:4:\"data\";s:8:\"Releases\";s:7:\"attribs\";a:0:{}s:8:\"xml_base\";s:0:\"\";s:17:\"xml_base_explicit\";b:0;s:8:\"xml_lang\";s:0:\"\";}}s:4:\"guid\";a:1:{i:0;a:5:{s:4:\"data\";s:32:\"https://ja.wordpress.org/?p=5881\";s:7:\"attribs\";a:1:{s:0:\"\";a:1:{s:11:\"isPermaLink\";s:5:\"false\";}}s:8:\"xml_base\";s:0:\"\";s:17:\"xml_base_explicit\";b:0;s:8:\"xml_lang\";s:0:\"\";}}s:11:\"description\";a:1:{i:0;a:5:{s:4:\"data\";s:78:\"WordPress 5.5ベータ 3がご利用いただけるようになりました。\";s:7:\"attribs\";a:0:{}s:8:\"xml_base\";s:0:\"\";s:17:\"xml_base_explicit\";b:0;s:8:\"xml_lang\";s:0:\"\";}}}s:32:\"http://purl.org/dc/elements/1.1/\";a:1:{s:7:\"creator\";a:1:{i:0;a:5:{s:4:\"data\";s:12:\"Naoko Takano\";s:7:\"attribs\";a:0:{}s:8:\"xml_base\";s:0:\"\";s:17:\"xml_base_explicit\";b:0;s:8:\"xml_lang\";s:0:\"\";}}}s:40:\"http://purl.org/rss/1.0/modules/content/\";a:1:{s:7:\"encoded\";a:1:{i:0;a:5:{s:4:\"data\";s:12389:\"\n<p>以下は、<a href=\"https://profiles.wordpress.org/matt/\"></a><a href=\"https://profiles.wordpress.org/whyisjake/\">Jake Spurlock</a> が書いた WordPress.org 公式ブログの記事「<a href=\"https://wordpress.org/news/2020/04/wordpress-5-4-1/\"></a><a href=\"https://wordpress.org/news/2020/07/wordpress-5-5-beta-3/\">WordPress 5.5 Beta 3</a>」を訳し、<a href=\"https://wordpress.org/news/2020/07/wordpress-5-5-beta-1/\">ベータ1の記事</a>に含まれる情報を追加したものです。</p>\n\n\n\n<p>誤字脱字誤訳などありましたら<a href=\"https://ja.wordpress.org/support/forum/alphabeta/\">フォーラムまでお知らせください</a>。</p>\n\n\n\n<hr class=\"wp-block-separator\" />\n\n\n\n<p>WordPress 5.5ベータ 3がご利用いただけるようになりました。</p>\n\n\n\n<p><strong>このソフトウェアはまだ開発中です</strong>ので、本番サイトで使うことはおすすめしません。新しいバージョンを試すためにテストサイトを立ち上げることを検討してみてください。</p>\n\n\n\n<p>WordPress 5.5 ベータ3をテストする方法は2つあります。</p>\n\n\n\n<ul><li><a href=\"https://ja.wordpress.org/plugins/wordpress-beta-tester/\">WordPress Beta Tester</a>&nbsp;プラグイン (「最新版ナイトリービルド」を選択) を利用する</li><li><a href=\"https://wordpress.org/wordpress-5.5-beta3.zip\">ベータ版の ZIP ファイルをこちらからダウンロード</a>する</li></ul>\n\n\n\n<p>WordPress 5.5は<a href=\"https://make.wordpress.org/core/5-5/\">2020年8月11日</a>にリリース予定ですが、そこにたどり着くためには<strong>皆さんの協力が必要</strong>です。</p>\n\n\n\n<p><a href=\"https://wordpress.org/news/2020/07/wordpress-5-5-beta-2/\">ベータ 2</a>開発版リリースをテストし、フィードバックをくださったすべての貢献者の方々にお礼を申し上げます。バグ発見のためのテストは、リリースごとにソフトウェアに磨きをかけるための重要な部分であり、WordPress に貢献するための素晴らしい方法です。</p>\n\n\n\n<h2><strong>ブロックエディター: 機能と改善点</strong></h2>\n\n\n\n<p>WordPress 5.5では Gutenberg プラグインの10回分のリリースが含められる予定で、新機能が数多く導入されます。ここではその一部をご紹介します。</p>\n\n\n\n<ul><li><strong>インライン画像編集 </strong>–&nbsp;画像ブロック内で直接、切り抜き、回転、ズームを実行できます。</li><li><strong>ブロックパターン</strong>&nbsp;– 新しいブロックパターン機能を使えば、凝ったページをかんたんに作ることができます。いくつかのブロックパターンがデフォルトで含まれています。</li><li><strong>端末プレビュー</strong>&nbsp;– さまざまな画面サイズのユーザーにコンテンツがどのように見えるかを確認できます。</li><li><strong>ブロックの数に圧倒されない新パネル。</strong>新しくなったブロック挿入パネルでは、より整理されたカテゴリーとコレクションを表示します。さらに、ブロックパターンをサポートし、新しいブロックディレクトリと統合されます。</li><li>新しいブロックディレクトリを使って、エディターから<strong>サードパーティ製のブロックを検出、インストール、挿入</strong>できるようになります。</li><li>改善された、スムーズな編集エクスペリエンス:<ul><li>ドラッグ &amp; ドロップの改善</li><li>目に見え、掴めるブロック移動ツール</li><li>親ブロックの選択</li><li>文脈に応じたフォーカスのハイライト</li><li>複数のブロックを一括変更できるマルチセレクト整形</li><li>パフォーマンスの向上</li></ul></li><li><strong>テーマ用の拡張デザインツールセット。</strong></li><li>グループ、列、メディア、テキストなど、より多くの種類のブロックに<strong>背景やグラデーションを追加</strong>できるようになりました。</li><li><strong>ピクセルだけでなく、より多くの種類の単位</strong>に対応。em、rem、%、vh、vw など。さらに、テキスト入力中に行の高さを調整できるようになり、ライティングやタイプセッティングをシームレスに行うことができます。</li></ul>\n\n\n\n<p>全体として、WordPress 5.5はブロックエディターのエクスペリエンスに1,500個以上の便利な改善をもたらします。</p>\n\n\n\n<p>各リリースのすべての機能を詳しく知るには、リリース記事をご覧ください。<a href=\"https://github.com/WordPress/gutenberg/releases/tag/v7.5.0\">7.5</a>、<a href=\"https://github.com/WordPress/gutenberg/releases/tag/v7.6.0\">7.6</a>、<a href=\"https://github.com/WordPress/gutenberg/releases/tag/v7.7.0\">7.7</a>、<a href=\"https://github.com/WordPress/gutenberg/releases/tag/v7.8.0\">7.8</a>、<a href=\"https://github.com/WordPress/gutenberg/releases/tag/v7.9.0\">7.9</a>、<a href=\"https://github.com/WordPress/gutenberg/releases/tag/v8.0.0\">8.0</a>、<a href=\"https://github.com/WordPress/gutenberg/releases/tag/v8.1.0\">8.1</a>、<a href=\"https://github.com/WordPress/gutenberg/releases/tag/v8.2.0\">8.2</a>、<a href=\"https://github.com/WordPress/gutenberg/releases/tag/v8.3.0\">8.3</a>、<a href=\"https://github.com/WordPress/gutenberg/releases/tag/v8.4.0\">8.4</a></p>\n\n\n\n<h2><strong>それ以外にも色々</strong></h2>\n\n\n\n<h3><strong>XML サイトマップ</strong></h3>\n\n\n\n<p><a href=\"https://make.wordpress.org/core/2020/06/10/merge-announcement-extensible-core-sitemaps/\">XML サイトマップが WordPress に含まれ</a>、デフォルトで有効化されます。サイトマップは、検索エンジンがサイトのコンテンツを発見するために不可欠です。ホームページ、投稿、ページ、カスタム投稿タイプなどが含まれ、サイトがより発見されやすくなります。</p>\n\n\n\n<h3>プラグインとテーマの自動更新</h3>\n\n\n\n<p>WordPress 5.5では、<a href=\"https://make.wordpress.org/core/tag/core-auto-updates/\">プラグインやテーマの自動更新機能</a>が導入されます。どのプラグインやテーマを自動で最新の状態に保つかを簡単にコントロールできます。すべてのプラグインやテーマの最新バージョンを実行することは常に推奨されていますが、この機能が追加されたことでこれまで以上に簡単になりました。</p>\n\n\n\n<h3>画像の<strong>遅延読み込み</strong></h3>\n\n\n\n<p>WordPress 5.5では、新しいブラウザー標準を利用した<a href=\"https://make.wordpress.org/core/2020/04/08/lazy-loading-of-images-is-in-core/\">画像の遅延読み込み (lazy-loading) のネイティブサポート</a>が含まれます。遅延読み込みでは、ユーザーが viewport に近づくまで画像は送信されません。これにより、すべて (ユーザー、ホスト、ISP) の帯域幅が節約され、インターネットの速度が遅くてもウェブを閲覧しやすくなり、電気代も節約できます。</p>\n\n\n\n<p>WordPress はリリースのたびにアクセシビリティの向上に努めています。バージョン5.5でも同様に、アクセシビリティの修正と強化が詰め込まれています。ぜひご覧ください。</p>\n\n\n\n<ul><li>リストテーブルに広範な代替表示モードが追加されました。</li><li>リンクリストウィジェットを HTML5 ナビゲーションブロックに変換できるようになりました。</li><li>ボタンをクリックするだけで、メディア画面やモーダルダイアログでのリンクをコピーできるようになりました。</li><li>無効なボタンが、実際に無効化されたように見えるようになりました。</li><li>キーボードを使ってメタボックスを移動できるようになりました。</li><li>フロントページで、カスタムロゴをフロントページにリンクしないようにしました。</li><li>画像エディターで、補助ツールがステータスメッセージを見ることができるようになりました。</li><li>ログイン失敗を示す振動アニメーションが、<code>prefers-reduced-motion</code> メディアクエリーでのユーザーの選択を尊重するようになりました。</li><li>冗長なエラー: エラー通知から接頭辞を削除しました。</li></ul>\n\n\n\n<h2><strong>その他の変更点</strong></h2>\n\n\n\n<ul><li>ZIP ファイルをアップロードしてプラグインやテーマを更新できるようになりました。</li><li><a href=\"https://make.wordpress.org/core/2020/06/26/wordpress-5-5-better-fine-grained-control-of-redirect_guess_404_permalink/\">direct_guess_404_permalink() をより細かく制御</a>できるようになりました。</li><li>PHPMailer、SimplePie、Twemoji、Masonry など、<a href=\"https://make.wordpress.org/core/2020/07/01/external-library-updates-in-wordpress-5-5-call-for-testing/\">パッケージ化された外部ライブラリをいくつか更新</a>しました。</li></ul>\n\n\n\n<h2 id=\"block-15d6d57f-905d-4a47-9f66-839468a5375a\">ベータ3ハイライトの一部</h2>\n\n\n\n<p id=\"block-85da84ec-c841-42f9-8d3b-1a4537a61d10\"><a href=\"https://wordpress.org/news/2020/02/wordpress-5-4-beta-2/\">ベータ 2</a>以来、<a href=\"https://core.trac.wordpress.org/query?status=closed&amp;changetime=07%2F15%2F2020..07%2F21%2F2020&amp;milestone=5.5&amp;group=component&amp;col=id&amp;col=summary&amp;col=owner&amp;col=type&amp;col=priority&amp;col=component&amp;col=version&amp;order=priority\">43件のバグ</a>が修正されました。以下がベータ3の変更点です</p>\n\n\n\n<ul><li>自動更新時にプラグインとテーマのバージョンをメールで共有するようになりました (<a href=\"https://core.trac.wordpress.org/ticket/50350\">#50350</a>)。</li><li><code>permission_callback</code> のない REST API ルートで <code>_doing_it_wrong()</code> 警告をトリガーするようになりました (<a rel=\"noreferrer noopener\" target=\"_blank\" href=\"https://core.trac.wordpress.org/ticket/50075\">#50075</a>)。</li><li>23件以上の Gutenberg 関連の変更と更新 (<a href=\"https://github.com/WordPress/gutenberg/pull/24068\">#24068</a>、<a href=\"https://core.trac.wordpress.org/ticket/50712\">#50712</a>)。</li><li>新規インポート・エクスポートデータベースの Dashicons のバグを修正 (<a href=\"https://core.trac.wordpress.org/ticket/49913\">#49913</a>)。</li></ul>\n\n\n\n<h2 id=\"block-76156b2b-0a52-4502-b585-6cbe9481f55b\">開発者の方へ</h2>\n\n\n\n<p>WordPress 5.5では、開発者のエクスペリエンスをより洗練させるために多くの改良が加えられています。最新の情報を得るには、<a href=\"https://make.wordpress.org/core/\">Make WordPress Core ブログ</a>を購読し、<a href=\"https://make.wordpress.org/core/tag/5-5+dev-notes/\">開発者向けノート</a>に注目し、プロダクトに影響を与える可能性のある変更点やその他の変更点についての最新情報を入手してください。</p>\n\n\n\n<h2 id=\"block-bc89fd56-47b0-439f-8e2c-4a642c80a616\">協力するには</h2>\n\n\n\n<p>英語以外の言語を話す方は、<a href=\"https://translate.wordpress.org/projects/wp/dev\">WordPress を100言語以上に翻訳するのにご協力</a>ください。</p>\n\n\n\n<p>バグを見つけたと思った場合は、サポートフォーラムの<a href=\"https://wordpress.org/support/forum/alphabeta\">アルファ・ベータエリア</a><a href=\"https://ja.wordpress.org/support/forum/alphabeta/\">&nbsp;(日本語はこちら)</a>&nbsp;に投稿できます。情報をお待ちしています。</p>\n\n\n\n<p>もし再現可能なバグ報告を書ける場合は&nbsp;<a href=\"https://make.wordpress.org/core/reports/\">WordPress Trac に報告</a>してください。<a href=\"https://core.trac.wordpress.org/tickets/major\">既知のバグ一覧はこちら</a>で見ることができます。</p>\n\";s:7:\"attribs\";a:0:{}s:8:\"xml_base\";s:0:\"\";s:17:\"xml_base_explicit\";b:0;s:8:\"xml_lang\";s:0:\"\";}}}}}i:1;a:6:{s:4:\"data\";s:76:\"\n		\n		\n					\n		\n		\n		\n				\n		\n		\n\n					\n										\n					\n					\n			\n		\n		\n			\";s:7:\"attribs\";a:0:{}s:8:\"xml_base\";s:0:\"\";s:17:\"xml_base_explicit\";b:0;s:8:\"xml_lang\";s:0:\"\";s:5:\"child\";a:5:{s:0:\"\";a:7:{s:5:\"title\";a:1:{i:0;a:5:{s:4:\"data\";s:70:\"WordPress 5.4.2 セキュリティとメンテナンスのリリース\";s:7:\"attribs\";a:0:{}s:8:\"xml_base\";s:0:\"\";s:17:\"xml_base_explicit\";b:0;s:8:\"xml_lang\";s:0:\"\";}}s:4:\"link\";a:1:{i:0;a:5:{s:4:\"data\";s:85:\"https://ja.wordpress.org/2020/06/14/wordpress-5-4-2-security-and-maintenance-release/\";s:7:\"attribs\";a:0:{}s:8:\"xml_base\";s:0:\"\";s:17:\"xml_base_explicit\";b:0;s:8:\"xml_lang\";s:0:\"\";}}s:8:\"comments\";a:1:{i:0;a:5:{s:4:\"data\";s:94:\"https://ja.wordpress.org/2020/06/14/wordpress-5-4-2-security-and-maintenance-release/#comments\";s:7:\"attribs\";a:0:{}s:8:\"xml_base\";s:0:\"\";s:17:\"xml_base_explicit\";b:0;s:8:\"xml_lang\";s:0:\"\";}}s:7:\"pubDate\";a:1:{i:0;a:5:{s:4:\"data\";s:31:\"Sun, 14 Jun 2020 02:13:56 +0000\";s:7:\"attribs\";a:0:{}s:8:\"xml_base\";s:0:\"\";s:17:\"xml_base_explicit\";b:0;s:8:\"xml_lang\";s:0:\"\";}}s:8:\"category\";a:2:{i:0;a:5:{s:4:\"data\";s:8:\"Releases\";s:7:\"attribs\";a:0:{}s:8:\"xml_base\";s:0:\"\";s:17:\"xml_base_explicit\";b:0;s:8:\"xml_lang\";s:0:\"\";}i:1;a:5:{s:4:\"data\";s:8:\"Security\";s:7:\"attribs\";a:0:{}s:8:\"xml_base\";s:0:\"\";s:17:\"xml_base_explicit\";b:0;s:8:\"xml_lang\";s:0:\"\";}}s:4:\"guid\";a:1:{i:0;a:5:{s:4:\"data\";s:32:\"https://ja.wordpress.org/?p=5869\";s:7:\"attribs\";a:1:{s:0:\"\";a:1:{s:11:\"isPermaLink\";s:5:\"false\";}}s:8:\"xml_base\";s:0:\"\";s:17:\"xml_base_explicit\";b:0;s:8:\"xml_lang\";s:0:\"\";}}s:11:\"description\";a:1:{i:0;a:5:{s:4:\"data\";s:182:\"以下は、Jake Spurlock が書いた WordPress.org 公式ブログの記事「WordPress 5.4.2 Security and Maintenance Release 」を訳したものです。 誤字脱字 [&#8230;]\";s:7:\"attribs\";a:0:{}s:8:\"xml_base\";s:0:\"\";s:17:\"xml_base_explicit\";b:0;s:8:\"xml_lang\";s:0:\"\";}}}s:32:\"http://purl.org/dc/elements/1.1/\";a:1:{s:7:\"creator\";a:1:{i:0;a:5:{s:4:\"data\";s:3:\"Tai\";s:7:\"attribs\";a:0:{}s:8:\"xml_base\";s:0:\"\";s:17:\"xml_base_explicit\";b:0;s:8:\"xml_lang\";s:0:\"\";}}}s:40:\"http://purl.org/rss/1.0/modules/content/\";a:1:{s:7:\"encoded\";a:1:{i:0;a:5:{s:4:\"data\";s:8359:\"\n<p>以下は、<a href=\"https://profiles.wordpress.org/whyisjake/\">Jake Spurlock</a> が書いた WordPress.org 公式ブログの記事「<a href=\"https://wordpress.org/news/2020/06/wordpress-5-4-2-security-and-maintenance-release/\">WordPress 5.4.2 Security and Maintenance Release</a> 」を訳したものです。</p>\n\n\n\n<p>誤字脱字誤訳などありましたら<a href=\"https://ja.wordpress.org/support/forum/alphabeta/\">フォーラムまでお知らせください</a>。</p>\n\n\n\n<hr class=\"wp-block-separator\" />\n\n\n\n<p>WordPress 5.4.2がリリースされました!</p>\n\n\n\n<p>このセキュリティとメンテナンスのリリースには、23の修正と機能強化が含まれています。さらに、いくつかのセキュリティ修正が追加されていますので、詳しくは以下のリストを参照してください。</p>\n\n\n\n<p>これらのバグは WordPress バージョン 5.4.1 とそれ以前のバージョンに影響を与えます。バージョン 5.4.2 ではそれらが修正されているので、アップグレードしてください。</p>\n\n\n\n<p>まだ 5.4 にアップデートしていない場合は、5.3 とそれ以前のバージョンでもバグが修正されたアップデートがあります。</p>\n\n\n\n<h3>セキュリティアップデート</h3>\n\n\n\n<p>WordPress のバージョン 5.4 やそれ以前のバージョンでは、以下のバグの影響を受けており、バージョン 5.4.2 で修正されています。まだ 5.4 にアップデートしていない場合は、セキュリティ問題を修正した 5.3 やそれ以前のバージョンもあります。</p>\n\n\n\n<ul><li>Sam Thomas (jazzy2fives) は、権限の低い認証済みユーザーがブロックエディタの投稿に JavaScript を追加できるという XSS の問題を発見してくれました。</li><li>アップロード権限を持つ認証済みユーザがメディアファイルに JavaScript を追加できる XSS 問題を発見した Luigi &#8211; (<a href=\"https://www.gubello.me/\">gubello.me</a>) に感謝します。</li><li><em>wp_validate_redirect()</em> のオープンリダイレクトの問題を発見してくれた WordPress セキュリティチームの Ben Bidner に感謝します。</li><li>テーマのアップロードで認証済み XSS の問題を発見した <a href=\"http://apapedulimu.click\">Nrimo Ing Pandum</a> に感謝します。</li><li><em>set-screen-option</em> がプラグインによって悪用されて権限昇格されうる問題を発見してくれた <a href=\"https://blog.ripstech.com/authors/simon-scannell\">Simon Scannell of RIPS Technologies</a> に感謝します。</li><li>パスワードで保護された投稿やページのコメントが特定の条件下で表示されうる問題を発見した <a href=\"https://profiles.wordpress.org/poena/\">Carolina Nymark</a> に感謝します。</li></ul>\n\n\n\n<p><a href=\"https://make.wordpress.org/core/handbook/testing/reporting-security-vulnerabilities/\">脆弱性を非公開で報告</a>してくれた報告者の皆さんに感謝します。これにより、セキュリティチームは WordPress サイトが攻撃される前に脆弱性を修正する時間を確保することができました。</p>\n\n\n\n<p>また、バージョン5.1、5.2、5.3にもメンテナンスアップデートが1件反映されました。詳細は<a href=\"https://make.wordpress.org/core/2020/06/09/wordpress-5-4-2-prevent-unmoderated-comments-from-search-engine-indexation/\">関連する開発者ノート</a>を参照してください。</p>\n\n\n\n<p><a href=\"https://core.trac.wordpress.org/query?status=closed&amp;resolution=fixed&amp;milestone=5.4.2&amp;order=priority\">Trac で変更点の全リスト</a>を閲覧することができます。</p>\n\n\n\n<p>詳細については、Trac で変更点の全リストを閲覧するか、<a href=\"https://wordpress.org/support/wordpress-version/version-5-4-2/\">バージョン 5.4.2 のドキュメントページ</a>をチェックしてください。</p>\n\n\n\n<p>WordPress 5.4.2 はショートサイクルメンテナンスリリースの一つです。次のメジャーリリースは<a href=\"https://make.wordpress.org/core/5-5/\">バージョン 5.5</a>になります。</p>\n\n\n\n<p>WordPress 5.4.2 は、このページの上部にあるボタンからダウンロードするか、<strong>ダッシュボード</strong>→<strong>更新</strong>を開いて、<strong>今すぐ更新</strong>をクリックしてください。</p>\n\n\n\n<p>バックグラウンドの自動更新に対応しているサイトであれば、すでに更新作業が開始されています。</p>\n\n\n\n<h3>感謝と敬意を!</h3>\n\n\n\n<p>上記のセキュリティ研究者の方々に加え、WordPress 5.4.2の実現にご協力いただいた皆様、ありがとうございました。</p>\n\n\n\n<p><a href=\"https://profiles.wordpress.org/afercia\">Andrea Fercia</a>, <a href=\"https://profiles.wordpress.org/argentite\">argentite</a>, <a href=\"https://profiles.wordpress.org/asif2bd\">M Asif Rahman</a>, <a href=\"https://profiles.wordpress.org/audrasjb\">Jb Audras</a>, <a href=\"https://profiles.wordpress.org/ayeshrajans\">Ayesh Karunaratne</a>, <a href=\"https://profiles.wordpress.org/bdcstr\">bdcstr</a>, <a href=\"https://profiles.wordpress.org/delowardev\">Delowar Hossain</a>, <a href=\"https://profiles.wordpress.org/dhrrob\">Rob Migchels</a>, <a href=\"https://profiles.wordpress.org/donmhico\">donmhico</a>, <a href=\"https://profiles.wordpress.org/ehtis/\">Ehtisham Siddiqui</a>, <a href=\"https://profiles.wordpress.org/emlebrun\">Emilie LEBRUN</a>, <a href=\"https://profiles.wordpress.org/finomeno\">finomeno</a>, <a href=\"https://profiles.wordpress.org/garethgillman\">garethgillman</a>, <a href=\"https://profiles.wordpress.org/giorgio25b\">Giorgio25b</a>, <a href=\"https://profiles.wordpress.org/gma992\">Gabriel Maldonado</a>, <a href=\"https://profiles.wordpress.org/h71\">Hector F</a>, <a href=\"https://profiles.wordpress.org/ianbelanger\">Ian Belanger</a>, <a href=\"https://profiles.wordpress.org/jorbin/\">Aaron Jorbin</a>, <a href=\"https://profiles.wordpress.org/imath\">Mathieu Viet</a>, <a href=\"https://profiles.wordpress.org/javiercasares\">Javier Casares</a>, <a href=\"https://profiles.wordpress.org/joemcgill\">Joe McGill</a>, <a href=\"https://profiles.wordpress.org/jonkolbert\">jonkolbert</a>, <a href=\"https://profiles.wordpress.org/jonoaldersonwp\">Jono Alderson</a>, <a href=\"https://profiles.wordpress.org/joyously\">Joy</a>, <a href=\"https://profiles.wordpress.org/karmatosed\">Tammie Lister</a>, <a href=\"https://profiles.wordpress.org/kjellr\">Kjell Reigstad</a>, <a href=\"https://profiles.wordpress.org/kthmd\">KT</a>, <a href=\"https://profiles.wordpress.org/markusthiel\">markusthiel</a>, <a href=\"https://profiles.wordpress.org/mayankmajeji\">Mayank Majeji</a>, <a href=\"https://profiles.wordpress.org/melchoyce\">Mel Choyce-Dwan</a>, <a href=\"https://profiles.wordpress.org/mislavjuric\">mislavjuric</a>, <a href=\"https://profiles.wordpress.org/mukesh27\">Mukesh Panchal</a>, <a href=\"https://profiles.wordpress.org/nikhilbhansi\">Nikhil Bhansi</a>, <a href=\"https://profiles.wordpress.org/oakesjosh\">oakesjosh</a>, <a href=\"https://profiles.wordpress.org/ocean90\">Dominik Schilling</a>, <a href=\"https://profiles.wordpress.org/passoniate\">Arslan Ahmed</a>, <a href=\"https://profiles.wordpress.org/peterwilsoncc\">Peter Wilson</a>, <a href=\"https://profiles.wordpress.org/poena\">Carolina Nymark</a>, <a href=\"https://profiles.wordpress.org/sabernhardt\">Stephen Bernhardt</a>, <a href=\"https://profiles.wordpress.org/samful\">Sam Fullalove</a>, <a href=\"https://profiles.wordpress.org/schlessera\">Alain Schlesser</a>, <a href=\"https://profiles.wordpress.org/sergeybiryukov\">Sergey Biryukov</a>, <a href=\"https://profiles.wordpress.org/skarabeq\">skarabeq</a>, <a href=\"https://profiles.wordpress.org/talldanwp/\">Daniel Richards</a>, <a href=\"https://profiles.wordpress.org/skithund\">Toni Viemerö</a>, <a href=\"https://profiles.wordpress.org/suzylah\">suzylah</a>, <a href=\"https://profiles.wordpress.org/timothyblynjacobs\">Timothy Jacobs</a>, <a href=\"https://profiles.wordpress.org/utz119\">TeBenachi</a>, <a href=\"https://profiles.wordpress.org/whyisjake\">Jake Spurlock</a> そして <a href=\"https://profiles.wordpress.org/yuhin\">yuhin</a>。</p>\n\";s:7:\"attribs\";a:0:{}s:8:\"xml_base\";s:0:\"\";s:17:\"xml_base_explicit\";b:0;s:8:\"xml_lang\";s:0:\"\";}}}s:36:\"http://wellformedweb.org/CommentAPI/\";a:1:{s:10:\"commentRss\";a:1:{i:0;a:5:{s:4:\"data\";s:90:\"https://ja.wordpress.org/2020/06/14/wordpress-5-4-2-security-and-maintenance-release/feed/\";s:7:\"attribs\";a:0:{}s:8:\"xml_base\";s:0:\"\";s:17:\"xml_base_explicit\";b:0;s:8:\"xml_lang\";s:0:\"\";}}}s:38:\"http://purl.org/rss/1.0/modules/slash/\";a:1:{s:8:\"comments\";a:1:{i:0;a:5:{s:4:\"data\";s:1:\"1\";s:7:\"attribs\";a:0:{}s:8:\"xml_base\";s:0:\"\";s:17:\"xml_base_explicit\";b:0;s:8:\"xml_lang\";s:0:\"\";}}}}}i:2;a:6:{s:4:\"data\";s:60:\"\n		\n		\n		\n		\n		\n				\n		\n		\n\n					\n										\n					\n		\n		\n			\";s:7:\"attribs\";a:0:{}s:8:\"xml_base\";s:0:\"\";s:17:\"xml_base_explicit\";b:0;s:8:\"xml_lang\";s:0:\"\";s:5:\"child\";a:3:{s:0:\"\";a:6:{s:5:\"title\";a:1:{i:0;a:5:{s:4:\"data\";s:36:\"公平性とコミュニティの力\";s:7:\"attribs\";a:0:{}s:8:\"xml_base\";s:0:\"\";s:17:\"xml_base_explicit\";b:0;s:8:\"xml_lang\";s:0:\"\";}}s:4:\"link\";a:1:{i:0;a:5:{s:4:\"data\";s:70:\"https://ja.wordpress.org/2020/06/08/equity-and-the-power-of-community/\";s:7:\"attribs\";a:0:{}s:8:\"xml_base\";s:0:\"\";s:17:\"xml_base_explicit\";b:0;s:8:\"xml_lang\";s:0:\"\";}}s:7:\"pubDate\";a:1:{i:0;a:5:{s:4:\"data\";s:31:\"Mon, 08 Jun 2020 09:22:32 +0000\";s:7:\"attribs\";a:0:{}s:8:\"xml_base\";s:0:\"\";s:17:\"xml_base_explicit\";b:0;s:8:\"xml_lang\";s:0:\"\";}}s:8:\"category\";a:2:{i:0;a:5:{s:4:\"data\";s:9:\"Community\";s:7:\"attribs\";a:0:{}s:8:\"xml_base\";s:0:\"\";s:17:\"xml_base_explicit\";b:0;s:8:\"xml_lang\";s:0:\"\";}i:1;a:5:{s:4:\"data\";s:7:\"General\";s:7:\"attribs\";a:0:{}s:8:\"xml_base\";s:0:\"\";s:17:\"xml_base_explicit\";b:0;s:8:\"xml_lang\";s:0:\"\";}}s:4:\"guid\";a:1:{i:0;a:5:{s:4:\"data\";s:32:\"https://ja.wordpress.org/?p=5865\";s:7:\"attribs\";a:1:{s:0:\"\";a:1:{s:11:\"isPermaLink\";s:5:\"false\";}}s:8:\"xml_base\";s:0:\"\";s:17:\"xml_base_explicit\";b:0;s:8:\"xml_lang\";s:0:\"\";}}s:11:\"description\";a:1:{i:0;a:5:{s:4:\"data\";s:334:\"オープンソースプロジェクトとしての WordPress には、不公平な司法制度を再構築したり、構造的な不平等を上書きしたりする力はないかもしれません。でもそれは、私たち WordPress コミュニティが無力であることを意味しているわけではありません。\";s:7:\"attribs\";a:0:{}s:8:\"xml_base\";s:0:\"\";s:17:\"xml_base_explicit\";b:0;s:8:\"xml_lang\";s:0:\"\";}}}s:32:\"http://purl.org/dc/elements/1.1/\";a:1:{s:7:\"creator\";a:1:{i:0;a:5:{s:4:\"data\";s:12:\"Naoko Takano\";s:7:\"attribs\";a:0:{}s:8:\"xml_base\";s:0:\"\";s:17:\"xml_base_explicit\";b:0;s:8:\"xml_lang\";s:0:\"\";}}}s:40:\"http://purl.org/rss/1.0/modules/content/\";a:1:{s:7:\"encoded\";a:1:{i:0;a:5:{s:4:\"data\";s:4138:\"\n<p>以下は、<a href=\"https://profiles.wordpress.org/chanthaboune/\">Josepha</a> が書いた WordPress.org 公式ブログの記事「<a href=\"https://wordpress.org/news/2020/03/adderley/\"><a href=\"https://wordpress.org/news/2020/06/equity-and-the-power-of-community/\">Equity and the Power of Community</a></a>」を訳したものです。</p>\n\n\n\n<p>誤字脱字誤訳などありましたら<a href=\"https://ja.wordpress.org/support/forum/alphabeta/\">フォーラムまでお知らせください</a>。</p>\n\n\n\n<hr class=\"wp-block-separator\" />\n\n\n\n<p>この一週間、ジョージ・フロイド (George Floyd)、ブレオナ・テイラー (Breonna Taylor)、アマド・オーブリー (Ahmaud Arbery) についてたくさん考えていました。白人至上主義、世界中で黒人女性や男性が立ち上がっている不当な仕打ち、そして私が知らない、見ていないすべての不平等について考えてきました。</p>\n\n\n\n<p>WordPress のミッションはパブリッシングを民主化することであり、私にとって常にそれは、「自身を表現する自由」という以上の意味を持っています。パブリッシングの民主化とは、声なき人々に声を与え、不公平性に反対する人々の声を増幅させることを意味します。民主的なパブリッシングがなければ知り得なかったことを知ることを意味します。人種、富、権力、機会に関係なく、すべての声が耳を傾けられる可能性を与えられることを意味すると私は思います。WordPress は商業活動へのポータルであり、アイデンティティのキャンバスであり、変化のためのカタリストです。</p>\n\n\n\n<p>オープンソースプロジェクトとしての WordPress には、不公平な司法制度を再構築したり、構造的な不平等を上書きしたりする力はないかもしれません。でもそれは、私たち WordPress コミュニティが無力であることを意味しているわけではありません。WordPress は白人至上主義を根絶することはできませんが、WordPress コミュニティは、<a href=\"https://ja.wikipedia.org/wiki/%E9%81%8E%E5%B0%8F%E8%A9%95%E4%BE%A1%E3%82%B0%E3%83%AB%E3%83%BC%E3%83%97?\">代表者が少ない (= underrepresented) グループ</a>に対してリソースを投資し、公平に雇用することはできます。WordPress は偏見を根絶することはできませんが、WordPress コミュニティは、コミュニティ内の疎外された声のためにスペースを用意することができます。</p>\n\n\n\n<p>闘わなければならない人種的、社会的、制度的な不公平はたくさんあります。時には、変化は不可能に思えるかもしれませんし、今までの動きがあまりにも遅いものだったことは確かです。しかし、WordPress コミュニティは世界を変えることができることを、私は心の中で知っています。</p>\n\n\n\n<p>自分のコミュニティで変化をもたらす方法についてもっと知りたい方のために、皆さんと同じような WordPress コミュニティメンバーから集めたリソースをいくつかここに紹介します。</p>\n\n\n\n<ul><li><a href=\"http://www.socialjusticetoolbox.com/\">Social Justice Toolbox</a></li><li><a href=\"http://antiracismforbeginners.com/\">Anti-racism resource list</a></li><li>An open-source <a href=\"https://guidetoallyship.com/\">Guide to Allyship</a></li><li><a href=\"https://allienimmons.com/how-to-be-a-wordpress-ally/\">How to be a WordPress Ally</a></li><li><a href=\"https://www.highsnobiety.com/p/black-lives-matter-europe/\">Supporting Black Lives Matter in Europe</a></li><li><a href=\"https://feminisminindia.com/2019/06/03/colourism-fairness-india/\">Cost of Colourism in India</a> </li><li><a href=\"https://www.ted.com/talks/verna_myers_how_to_overcome_our_biases_walk_boldly_toward_them?language=en\">Overcoming Biases by Walking Toward Them</a> (TED Talk、日本語字幕あり)</li></ul>\n\n\n\n<p></p>\n\";s:7:\"attribs\";a:0:{}s:8:\"xml_base\";s:0:\"\";s:17:\"xml_base_explicit\";b:0;s:8:\"xml_lang\";s:0:\"\";}}}}}i:3;a:6:{s:4:\"data\";s:60:\"\n		\n		\n		\n		\n		\n				\n		\n		\n\n					\n										\n					\n		\n		\n			\";s:7:\"attribs\";a:0:{}s:8:\"xml_base\";s:0:\"\";s:17:\"xml_base_explicit\";b:0;s:8:\"xml_lang\";s:0:\"\";s:5:\"child\";a:3:{s:0:\"\";a:6:{s:5:\"title\";a:1:{i:0;a:5:{s:4:\"data\";s:15:\"WordPress 5.4.1\";s:7:\"attribs\";a:0:{}s:8:\"xml_base\";s:0:\"\";s:17:\"xml_base_explicit\";b:0;s:8:\"xml_lang\";s:0:\"\";}}s:4:\"link\";a:1:{i:0;a:5:{s:4:\"data\";s:52:\"https://ja.wordpress.org/2020/05/01/wordpress-5-4-1/\";s:7:\"attribs\";a:0:{}s:8:\"xml_base\";s:0:\"\";s:17:\"xml_base_explicit\";b:0;s:8:\"xml_lang\";s:0:\"\";}}s:7:\"pubDate\";a:1:{i:0;a:5:{s:4:\"data\";s:31:\"Fri, 01 May 2020 11:00:30 +0000\";s:7:\"attribs\";a:0:{}s:8:\"xml_base\";s:0:\"\";s:17:\"xml_base_explicit\";b:0;s:8:\"xml_lang\";s:0:\"\";}}s:8:\"category\";a:2:{i:0;a:5:{s:4:\"data\";s:8:\"Releases\";s:7:\"attribs\";a:0:{}s:8:\"xml_base\";s:0:\"\";s:17:\"xml_base_explicit\";b:0;s:8:\"xml_lang\";s:0:\"\";}i:1;a:5:{s:4:\"data\";s:8:\"Security\";s:7:\"attribs\";a:0:{}s:8:\"xml_base\";s:0:\"\";s:17:\"xml_base_explicit\";b:0;s:8:\"xml_lang\";s:0:\"\";}}s:4:\"guid\";a:1:{i:0;a:5:{s:4:\"data\";s:32:\"https://ja.wordpress.org/?p=5857\";s:7:\"attribs\";a:1:{s:0:\"\";a:1:{s:11:\"isPermaLink\";s:5:\"false\";}}s:8:\"xml_base\";s:0:\"\";s:17:\"xml_base_explicit\";b:0;s:8:\"xml_lang\";s:0:\"\";}}s:11:\"description\";a:1:{i:0;a:5:{s:4:\"data\";s:234:\"以下は、Jake Spurlock が書いた WordPress.org 公式ブログの記事「WordPress 5.4.1」を訳したものです。 誤字脱字誤訳などありましたらフォーラムまでお知らせください。 WordPre [&#8230;]\";s:7:\"attribs\";a:0:{}s:8:\"xml_base\";s:0:\"\";s:17:\"xml_base_explicit\";b:0;s:8:\"xml_lang\";s:0:\"\";}}}s:32:\"http://purl.org/dc/elements/1.1/\";a:1:{s:7:\"creator\";a:1:{i:0;a:5:{s:4:\"data\";s:26:\"Seisuke Kuraishi (tenpura)\";s:7:\"attribs\";a:0:{}s:8:\"xml_base\";s:0:\"\";s:17:\"xml_base_explicit\";b:0;s:8:\"xml_lang\";s:0:\"\";}}}s:40:\"http://purl.org/rss/1.0/modules/content/\";a:1:{s:7:\"encoded\";a:1:{i:0;a:5:{s:4:\"data\";s:4821:\"\n<p>以下は、<a href=\"https://profiles.wordpress.org/whyisjake/\">Jake Spurlock</a> が書いた WordPress.org 公式ブログの記事「<a href=\"https://wordpress.org/news/2020/04/wordpress-5-4-1/\">WordPress 5.4.1</a>」を訳したものです。</p>\n\n\n\n<p>誤字脱字誤訳などありましたら<a href=\"https://ja.wordpress.org/support/forum/alphabeta/\">フォーラムまでお知らせください</a>。</p>\n\n\n\n<hr class=\"wp-block-separator\" />\n\n\n\n<p>WordPress 5.4.1 がご利用いただけるようになりました。</p>\n\n\n\n<p>このセキュリティとメンテナンスのリリースには、7つのセキュリティ修正に加え、17の<a href=\"https://core.trac.wordpress.org/query?milestone=5.4.1&amp;group=component&amp;col=id&amp;col=summary&amp;col=milestone&amp;col=owner&amp;col=type&amp;col=status&amp;col=priority&amp;order=priorityhttps://core.trac.wordpress.org/query?milestone=5.4.1&amp;group=component&amp;col=id&amp;col=summary&amp;col=milestone&amp;col=owner&amp;col=type&amp;col=status&amp;col=priority&amp;order=priority\">バグ修正</a>が含まれています。<strong>セキュリティリリース</strong>ですので、すぐにサイトを更新することをお勧めします。WordPress 3.7 以降のすべてのバージョンも更新されています。</p>\n\n\n\n<p>WordPress 5.4.1 は短期サイクルのセキュリティとメンテナンスのリリースです。次のメジャーリリースはバージョン 5.5 となります。</p>\n\n\n\n<p>WordPress 5.4.1 を入手するには WordPress.org からダウンロード、または、「ダッシュボード」→「更新」から「今すぐ更新」をクリックします。</p>\n\n\n\n<p>自動バックグラウンド更新に対応しているサイトであれば、すでに更新プロセスが開始されています。</p>\n\n\n\n<h3>セキュリティ更新</h3>\n\n\n\n<p>7つのセキュリティの問題が WordPress 5.4 とそれ以前のバージョンに影響を与えています。5.4 への更新をまだ行っていない場合、3.7 以降のすべての WordPress バージョンでも以下のセキュリティ問題が修正されています。</p>\n\n\n\n<ul><li>パスワードリセットトークンが適切に無効化されない問題（<a href=\"https://hackerone.com/hijibiji\">Muaz Bin Abdus Sattar</a> と <a href=\"https://hackerone.com/dyennez\">Jannes</a> の個別報告）</li><li>特定のプライベートな投稿が認証されていない状態で閲覧できてしまう問題（<a href=\"https://github.com/ka1n4t\">ka1n4t</a> の報告）</li><li>カスタマイザーの XSS 問題（<a href=\"https://evanricafort.com/\">Evan Ricafort</a> の報告）</li><li>検索ブロックの XSS 問題（WordPress セキュリティチーム Ben Bidner の報告）</li><li><code>wp-object-cache</code> の XSS 問題（<a href=\"https://wpvip.com/\">WordPress VIP</a> / WordPress セキュリティチーム Nick Daugherty の報告）</li><li>ファイルアップロードの XSS 問題（Ronnie Goodrich（<a href=\"https://hackerone.com/kahoots\">Kahoots</a>）と <a href=\"http://pentestusa.com/\">Jason Medeiros</a> の個別報告）</li><li>カスタマイザーに保存された XSS 脆弱性（<a href=\"https://weston.ruter.net/\">Weston Ruter</a> により修正）</li><li>さらに WordPress 5.4 RC1 と RC2 のブロックエディターの認証済み XSS 問題（Nguyen The Duc（<a href=\"https://twitter.com/ducnt_\">ducnt</a>）の報告）が 5.4 RC5 で修正されました。WordPress をより安全にするために行われたすべての作業に対しクレジットと謝意を示したいと思います。</li></ul>\n\n\n\n<p><a href=\"https://make.wordpress.org/core/handbook/testing/reporting-security-vulnerabilities/\">非公開で脆弱性情報を開示</a>してくださった報告者の皆様、ありがとうございました。これにより、セキュリティチームは WordPress サイトが攻撃される前に脆弱性を修正する時間を得ることができました。</p>\n\n\n\n<p>詳細については、Trac で<a href=\"https://core.trac.wordpress.org/query?milestone=5.4.1&amp;group=component&amp;col=id&amp;col=summary&amp;col=milestone&amp;col=owner&amp;col=type&amp;col=status&amp;col=priority&amp;order=priority\">変更点の全リスト</a>を参照するか、<a href=\"https://wordpress.org/support/wordpress-version/version-5-4-1/\">バージョン 5.4.1 の HelpHub ページ</a>を確認してください。</p>\n\n\n\n<p>上記セキュリティ研究者の方々に加え、WordPress 5.4.1 にご協力いただいた皆様、ありがとうございました。</p>\n\n\n\n<p>（訳注: 貢献者一覧は<a href=\"https://wordpress.org/news/2020/04/wordpress-5-4-1/\">元記事</a>を参照してください。）</p>\n\";s:7:\"attribs\";a:0:{}s:8:\"xml_base\";s:0:\"\";s:17:\"xml_base_explicit\";b:0;s:8:\"xml_lang\";s:0:\"\";}}}}}i:4;a:6:{s:4:\"data\";s:58:\"\n		\n		\n		\n		\n		\n				\n		\n\n					\n										\n					\n		\n		\n\n			\";s:7:\"attribs\";a:0:{}s:8:\"xml_base\";s:0:\"\";s:17:\"xml_base_explicit\";b:0;s:8:\"xml_lang\";s:0:\"\";s:5:\"child\";a:3:{s:0:\"\";a:7:{s:5:\"title\";a:1:{i:0;a:5:{s:4:\"data\";s:32:\"WordPress 5.4 “アダレイ”\";s:7:\"attribs\";a:0:{}s:8:\"xml_base\";s:0:\"\";s:17:\"xml_base_explicit\";b:0;s:8:\"xml_lang\";s:0:\"\";}}s:4:\"link\";a:1:{i:0;a:5:{s:4:\"data\";s:45:\"https://ja.wordpress.org/2020/04/01/adderley/\";s:7:\"attribs\";a:0:{}s:8:\"xml_base\";s:0:\"\";s:17:\"xml_base_explicit\";b:0;s:8:\"xml_lang\";s:0:\"\";}}s:7:\"pubDate\";a:1:{i:0;a:5:{s:4:\"data\";s:31:\"Wed, 01 Apr 2020 10:38:46 +0000\";s:7:\"attribs\";a:0:{}s:8:\"xml_base\";s:0:\"\";s:17:\"xml_base_explicit\";b:0;s:8:\"xml_lang\";s:0:\"\";}}s:8:\"category\";a:1:{i:0;a:5:{s:4:\"data\";s:8:\"Releases\";s:7:\"attribs\";a:0:{}s:8:\"xml_base\";s:0:\"\";s:17:\"xml_base_explicit\";b:0;s:8:\"xml_lang\";s:0:\"\";}}s:4:\"guid\";a:1:{i:0;a:5:{s:4:\"data\";s:32:\"https://ja.wordpress.org/?p=5826\";s:7:\"attribs\";a:1:{s:0:\"\";a:1:{s:11:\"isPermaLink\";s:5:\"false\";}}s:8:\"xml_base\";s:0:\"\";s:17:\"xml_base_explicit\";b:0;s:8:\"xml_lang\";s:0:\"\";}}s:11:\"description\";a:1:{i:0;a:5:{s:4:\"data\";s:234:\"以下は、Matt Mullenweg が書いた WordPress.org 公式ブログの記事「WordPress 5.4 “Adderley”」を訳したものです。 誤字脱字誤訳などありましたらフォーラムまでお知らせくださ [&#8230;]\";s:7:\"attribs\";a:0:{}s:8:\"xml_base\";s:0:\"\";s:17:\"xml_base_explicit\";b:0;s:8:\"xml_lang\";s:0:\"\";}}s:9:\"enclosure\";a:1:{i:0;a:5:{s:4:\"data\";s:0:\"\";s:7:\"attribs\";a:1:{s:0:\"\";a:3:{s:3:\"url\";s:54:\"https://wordpress.org/news/files/2020/03/textcolor.mp4\";s:6:\"length\";s:6:\"440616\";s:4:\"type\";s:9:\"video/mp4\";}}s:8:\"xml_base\";s:0:\"\";s:17:\"xml_base_explicit\";b:0;s:8:\"xml_lang\";s:0:\"\";}}}s:32:\"http://purl.org/dc/elements/1.1/\";a:1:{s:7:\"creator\";a:1:{i:0;a:5:{s:4:\"data\";s:26:\"Seisuke Kuraishi (tenpura)\";s:7:\"attribs\";a:0:{}s:8:\"xml_base\";s:0:\"\";s:17:\"xml_base_explicit\";b:0;s:8:\"xml_lang\";s:0:\"\";}}}s:40:\"http://purl.org/rss/1.0/modules/content/\";a:1:{s:7:\"encoded\";a:1:{i:0;a:5:{s:4:\"data\";s:10439:\"\n<p>以下は、<a href=\"https://profiles.wordpress.org/matt/\">Matt Mullenweg</a> が書いた WordPress.org 公式ブログの記事「<a href=\"https://wordpress.org/news/2020/03/adderley/\">WordPress 5.4 “Adderley”</a>」を訳したものです。</p>\n\n\n\n<p>誤字脱字誤訳などありましたら<a href=\"https://ja.wordpress.org/support/forum/alphabeta/\">フォーラムまでお知らせください</a>。</p>\n\n\n\n<hr class=\"wp-block-separator\" />\n\n\n\n<p>お待たせしました！ナット・アダレイにちなんで「アダレイ」と名付けられた最新で最高なバージョンの WordPress を<a href=\"https://ja.wordpress.org/download/\">ダウンロード</a>、または、ダッシュボードから更新いただけます。</p>\n\n\n\n<figure class=\"wp-block-image size-large\"><img src=\"https://i0.wp.com/wordpress.org/news/files/2020/03/5-4_album-cover.png?resize=768%2C768&amp;ssl=1\" alt=\"\" /></figure>\n\n\n\n<div class=\"wp-block-cover has-background-dim\" style=\"background-color:#0400e0\"><div class=\"wp-block-cover__inner-container\">\n<p style=\"font-size:32px\" class=\"has-text-align-center\"><strong>Hello, さらなる機能と向上</strong></p>\n\n\n\n<p class=\"has-text-align-center\">ページを生き生きと見せる方法が増えました。より簡単な方法で、いまだかつてなく美しく、感じるスピードも向上します。</p>\n</div></div>\n\n\n\n<div style=\"height:20px\" aria-hidden=\"true\" class=\"wp-block-spacer\"></div>\n\n\n\n<h2><strong>WordPress 5.4 へようこそ</strong></h2>\n\n\n\n<p style=\"font-size:15px\"><strong>メジャーリリースのたびにブロックエディターにさらに機能を追加。</strong></p>\n\n\n\n<p>最高の画像で、投稿やページをさらに活かす方法。 人気の Web サービスからのリッチな埋め込みメディアにより、さまざまな方法で訪問者を引き寄せ、サイトのファンにします。</p>\n\n\n\n<p>ビジョンを実現し、完璧な場所にブロックを配置するより多くの方法 — ある種類のブロックを使うのが初めてでも。さらに効率的なプロセス。</p>\n\n\n\n<p>そしてあらゆる場面でより速く。セクションやギャラリーを作成したり、文章をただ入力するだけでも作業レスポンスの向上を体感するでしょう。</p>\n\n\n\n<div style=\"height:20px\" aria-hidden=\"true\" class=\"wp-block-spacer\"></div>\n\n\n\n<figure class=\"wp-block-image size-large\"><img src=\"https://i1.wp.com/wordpress.org/news/files/2020/03/Squares.jpg?resize=768%2C384&amp;ssl=1\" alt=\"\" /></figure>\n\n\n\n<h3>2つの新しいブロック。そしてあらゆるブロックの改善。</h3>\n\n\n\n<ul><li>2つの新ブロック「ソーシャルアイコン」と「(複数追加可能な) ボタン」を使って、早く、簡単に、インタラクティブな機能を追加できます。</li><li>色の新しい使い方。ボタンブロックとカバーブロックのグラデーション、リッチテキストブロックで初の色設定へのツールバーアクセス、グループおよびカラムブロックでの色設定。</li><li>分かりづらい操作が減りました。バージョン5.4では、マルチメディアの配置や置換のプロセス全体を各ブロックで効率化。ほぼすべてのブロックで同じように動作します。</li><li>「メディア」と「テキスト」ブロック内の画像を何か他のもの (例えばパンフレットの画像) にリンクして、そのパンフレットをドキュメントとしてダウンロードできたらいいのに、と思ったことはありませんか ? これができるようになりました。</li></ul>\n\n\n\n<figure class=\"wp-block-video\"><video controls src=\"https://wordpress.org/news/files/2020/03/textcolor.mp4\"></video></figure>\n\n\n\n<div style=\"height:20px\" aria-hidden=\"true\" class=\"wp-block-spacer\"></div>\n\n\n\n<h3>クリーンな UI、明快なナビゲーション—簡単なタブ移動 !</h3>\n\n\n\n<ul><li>ブロックパンくずリストによる明快なブロックナビゲーション。そして一度いた場所へ簡単に戻れます。</li><li>キーボード操作が必要な場合のタブ移動とフォーカスを改善。加えて、ほぼすべてのブロックでのタブキーを使ったサイドバーへの移動。</li><li>エディターの読み込みが14％、入力にかかる時間が51％速くなりました！</li><li>「ヒント」はなくなりました。代わりに、必要に応じて「ウェルカムガイド」を表示できます。必要な場合のみに、何度でもです。</li><li>ブロックの「編集」モードにいるのか「移動」モードにいるのかが一瞬でわかります。視覚的に難しい場合も、スクリーンリーダーがモードを知らせます。</li></ul>\n\n\n\n<p style=\"background-color:#f8f8f9\" class=\"has-background\">ブロックエディターの最新のツールや機能を使用したければ <a href=\"https://ja.wordpress.org/plugins/gutenberg/\">Gutenberg プラグイン</a>をインストールしてください。まだ誰も使っていない新しくエキサイティングな機能を試すことができます。</p>\n\n\n\n<div style=\"height:20px\" aria-hidden=\"true\" class=\"wp-block-spacer\"></div>\n\n\n\n<figure class=\"wp-block-image size-large\"><img src=\"https://i0.wp.com/wordpress.org/news/files/2020/03/Rectangles-and-circles.jpg?resize=768%2C384&amp;ssl=1\" alt=\"\" /></figure>\n\n\n\n<h3>基本的な権利: プライバシー</h3>\n\n\n\n<p>5.4 は世界中のさまざまなプライバシー問題の解決を支援します。ユーザーや関係者がコンプライアンス遵守を求めてきたり、チームでのユーザーデータの取り扱いに悩む場合も、より簡単に正しい答えを導きます。</p>\n\n\n\n<p>詳細:</p>\n\n\n\n<ul><li>個人データのエクスポートに、ユーザーセッション情報と、コミュニティイベントウィジェットからのユーザーの位置データが含まれるようになりました。また、目次も追加しました。</li><li>プライバシーツールを使用してエクスポートおよび消去のリクエストを処理する際の進捗を確認してください。</li><li>さらに、プライバシーツール全体に細かな拡張を加えて見た感じをかなりスッキリさせました。</li></ul>\n\n\n\n<div style=\"height:20px\" aria-hidden=\"true\" class=\"wp-block-spacer\"></div>\n\n\n\n<figure class=\"wp-block-image size-large\"><img src=\"https://i1.wp.com/wordpress.org/news/files/2020/03/Mixed.jpg?resize=768%2C384&amp;ssl=1\" alt=\"\" /></figure>\n\n\n\n<h2>開発者向け情報</h2>\n\n\n\n<h3>メニュー項目へのカスタムフィールド追加をネイティブサポート</h3>\n\n\n\n<p>新しい2つのアクションにより、メニュー項目にカスタムフィールドを追加できます—プラグインもカスタムウォーカーを書く必要もありません。</p>\n\n\n\n<p>メニュー管理画面では、メニューエディターのナビゲーションメニュー項目移動ボタンの直前で <code>wp_nav_menu_item_custom_fields</code> が発火します。</p>\n\n\n\n<p>カスタマイザー内では、メニュー項目フォームフィールドテンプレートの最後で <code>wp_nav_menu_item_custom_fields_customize_template</code> が発火します。</p>\n\n\n\n<p>コードを確認し、この新しいアクションで置換できるカスタムコードを見つけてください。重複が嫌なら WordPress のバージョンチェックを追加してください。</p>\n\n\n\n<h3>ブロック: よりシンプルなスタイル、新しい API と埋め込み</h3>\n\n\n\n<ul><li>ブロックのスタイリングが徹底的に簡単になりました。マイナス値のマージンやデフォルトのパディングはなくなりました。必要に応じて、ブロックに自由にスタイルを当てられます。さらにリファクタリングにより、4段階の冗長なラッパー div を取り除きました。</li><li>プラグインを作成すると、カテゴリーの名前空間ごとにブロックのコレクションを登録できるようになりました。これにより、ブランドの認知度を高めることができます。</li><li>ブロックバリエーションとグラデーションの2つの新しい API を使用して、ユーザーがさらに多くのことを行えるようにしましょう。</li><li>埋め込みでは、ブロックエディターが TikTok をサポートするようになり、CollegeHumor はなくなりました。</li></ul>\n\n\n\n<p style=\"background-color:#f8f8f9\" class=\"has-background\">開発者が気に入る変更点が WordPress 5.4 にはまだ沢山あります。サイトやテーマ、プラグインなどでこれらの変更をさらに発見する方法を学ぶには、 <a href=\"https://make.wordpress.org/core/2020/03/03/wordpress-5-4-field-guide/\">WordPress 5.4 フィールドガイド</a>を確認してください。</p>\n\n\n\n<div style=\"height:20px\" aria-hidden=\"true\" class=\"wp-block-spacer\"></div>\n\n\n\n<h2>The Squad</h2>\n\n\n\n<p>（訳注: このセクションの内容は<a href=\"https://wordpress.org/news/2020/03/adderley/\">元記事</a>を参照してください）</p>\n\n\n\n<div style=\"height:20px\" aria-hidden=\"true\" class=\"wp-block-spacer\"></div>\n\n\n\n<p><a href=\"https://ja.wordpress.org/support/\">サポートフォーラム</a>に貢献されているコミュニティボランティアの皆さんに感謝します。彼らは WordPress を初めて使う人であれ、最初のリリースから使っている人であれ、世界中の人々からの質問に答えてくれています。リリースは、その努力のおかげで成功をおさめています。</p>\n\n\n\n<p>最後に、WordPress 5.4 に取り組んでくれたコミュニティ翻訳者の皆さんに感謝します。彼らの努力により、リリース時に WordPress は、46言語に完全翻訳され、さらに多くの言語に翻訳されるでしょう。</p>\n\n\n\n<p>WordPress のボランティア活動について詳しく知りたい方は、<a href=\"https://make.wordpress.org/\">Make WordPress</a> や<a href=\"https://make.wordpress.org/core/\">コア開発ブログ</a>をチェックしてみてください。</p>\n\";s:7:\"attribs\";a:0:{}s:8:\"xml_base\";s:0:\"\";s:17:\"xml_base_explicit\";b:0;s:8:\"xml_lang\";s:0:\"\";}}}}}i:5;a:6:{s:4:\"data\";s:60:\"\n		\n		\n		\n		\n		\n				\n		\n		\n\n					\n										\n					\n		\n		\n			\";s:7:\"attribs\";a:0:{}s:8:\"xml_base\";s:0:\"\";s:17:\"xml_base_explicit\";b:0;s:8:\"xml_lang\";s:0:\"\";s:5:\"child\";a:3:{s:0:\"\";a:6:{s:5:\"title\";a:1:{i:0;a:5:{s:4:\"data\";s:17:\"WordPress 5.4 RC5\";s:7:\"attribs\";a:0:{}s:8:\"xml_base\";s:0:\"\";s:17:\"xml_base_explicit\";b:0;s:8:\"xml_lang\";s:0:\"\";}}s:4:\"link\";a:1:{i:0;a:5:{s:4:\"data\";s:54:\"https://ja.wordpress.org/2020/03/29/wordpress-5-4-rc5/\";s:7:\"attribs\";a:0:{}s:8:\"xml_base\";s:0:\"\";s:17:\"xml_base_explicit\";b:0;s:8:\"xml_lang\";s:0:\"\";}}s:7:\"pubDate\";a:1:{i:0;a:5:{s:4:\"data\";s:31:\"Sun, 29 Mar 2020 12:45:48 +0000\";s:7:\"attribs\";a:0:{}s:8:\"xml_base\";s:0:\"\";s:17:\"xml_base_explicit\";b:0;s:8:\"xml_lang\";s:0:\"\";}}s:8:\"category\";a:2:{i:0;a:5:{s:4:\"data\";s:11:\"Development\";s:7:\"attribs\";a:0:{}s:8:\"xml_base\";s:0:\"\";s:17:\"xml_base_explicit\";b:0;s:8:\"xml_lang\";s:0:\"\";}i:1;a:5:{s:4:\"data\";s:8:\"Releases\";s:7:\"attribs\";a:0:{}s:8:\"xml_base\";s:0:\"\";s:17:\"xml_base_explicit\";b:0;s:8:\"xml_lang\";s:0:\"\";}}s:4:\"guid\";a:1:{i:0;a:5:{s:4:\"data\";s:32:\"https://ja.wordpress.org/?p=5824\";s:7:\"attribs\";a:1:{s:0:\"\";a:1:{s:11:\"isPermaLink\";s:5:\"false\";}}s:8:\"xml_base\";s:0:\"\";s:17:\"xml_base_explicit\";b:0;s:8:\"xml_lang\";s:0:\"\";}}s:11:\"description\";a:1:{i:0;a:5:{s:4:\"data\";s:234:\"以下は、David Baumwald が書いた WordPress.org 公式ブログの記事「WordPress 5.4 RC5」を訳したものです。 誤字脱字誤訳などありましたらフォーラムまでお知らせください。 Word [&#8230;]\";s:7:\"attribs\";a:0:{}s:8:\"xml_base\";s:0:\"\";s:17:\"xml_base_explicit\";b:0;s:8:\"xml_lang\";s:0:\"\";}}}s:32:\"http://purl.org/dc/elements/1.1/\";a:1:{s:7:\"creator\";a:1:{i:0;a:5:{s:4:\"data\";s:26:\"Seisuke Kuraishi (tenpura)\";s:7:\"attribs\";a:0:{}s:8:\"xml_base\";s:0:\"\";s:17:\"xml_base_explicit\";b:0;s:8:\"xml_lang\";s:0:\"\";}}}s:40:\"http://purl.org/rss/1.0/modules/content/\";a:1:{s:7:\"encoded\";a:1:{i:0;a:5:{s:4:\"data\";s:2889:\"<p>以下は、<a href=\"https://profiles.wordpress.org/davidbaumwald/\">David Baumwald</a> が書いた WordPress.org 公式ブログの記事「<a href=\"https://wordpress.org/news/2020/03/wordpress-5-4-rc5/\">WordPress 5.4 RC5</a>」を訳したものです。</p>\n<p>誤字脱字誤訳などありましたら<a href=\"https://ja.wordpress.org/support/forum/alphabeta/\">フォーラムまでお知らせください</a>。</p>\n<hr>\n<p>WordPress 5.4 の5つ目のリリース候補がご利用いただけるようになりました。</p>\n<p>WordPress 5.4 は、<strong><a href=\"https://make.wordpress.org/core/5-4/\">2020年3月31日</a></strong>に公開が予定されていますが、そのためには皆様からの助けが必要です。まだ 5.4 を試していないなら今がその時です！</p>\n<p>WordPress 5.4 リリース候補は、次の2通りの方法でテストすることができます。</p>\n<ul>\n<li><a href=\"https://wordpress.org/plugins/wordpress-beta-tester/\">WordPress Beta Tester</a> プラグインを使う（「最新版ナイトリービルド」を選択）。</li>\n<li><a href=\"https://wordpress.org/wordpress-5.4-RC5.zip\">リリース候補の zip ファイルをダウンロード</a>する。</li>\n</ul>\n<p>WordPress 5.4 の詳細については、<a href=\"https://wordpress.org/news/2020/03/wordpress-5-4-release-candidate/\">最初のリリース候補の投稿</a>を参照してください。</p>\n<h2>プラグイン・テーマ開発者の方へ</h2>\n<p>WordPress 5.4 でプラグインやテーマのテストを行い、readme の <em>Tested up to</em> バージョンを 5.4 に更新してください。テストで優先すべきは互換性です。もしも問題を見つけた場合は、最終リリース前に解決できるよう必ず<a href=\"https://wordpress.org/support/forum/alphabeta/\">サポートフォーラム</a>に投稿してください。</p>\n<p><a href=\"https://make.wordpress.org/core/2020/03/03/wordpress-5-4-field-guide/\">WordPress 5.4 フィールドガイド</a>が公開されています！主要変更点の詳細についてはこちらを参照してください。</p>\n<h2>リリースに協力する</h2>\n<p>英語以外の言語が話せますか？ <a href=\"https://translate.wordpress.org/projects/wp/dev\">WordPress の100言語を超す翻訳にご協力ください</a>！</p>\n<p><strong>バグを見つけた場合</strong>は、サポートフォーラムの<a href=\"https://wordpress.org/support/forum/alphabeta\">アルファ・ベータエリア</a>に投稿してください。情報をお待ちしています！再現可能なバグのレポートが書ける方は <a href=\"https://make.wordpress.org/core/reports/\">WordPress Trac に報告</a>してください。こちらでは<a href=\"https://core.trac.wordpress.org/tickets/major\">既知のバグ</a>を確認できます。</p>\n\";s:7:\"attribs\";a:0:{}s:8:\"xml_base\";s:0:\"\";s:17:\"xml_base_explicit\";b:0;s:8:\"xml_lang\";s:0:\"\";}}}}}i:6;a:6:{s:4:\"data\";s:60:\"\n		\n		\n		\n		\n		\n				\n		\n		\n\n					\n										\n					\n		\n		\n			\";s:7:\"attribs\";a:0:{}s:8:\"xml_base\";s:0:\"\";s:17:\"xml_base_explicit\";b:0;s:8:\"xml_lang\";s:0:\"\";s:5:\"child\";a:3:{s:0:\"\";a:6:{s:5:\"title\";a:1:{i:0;a:5:{s:4:\"data\";s:17:\"WordPress 5.4 RC4\";s:7:\"attribs\";a:0:{}s:8:\"xml_base\";s:0:\"\";s:17:\"xml_base_explicit\";b:0;s:8:\"xml_lang\";s:0:\"\";}}s:4:\"link\";a:1:{i:0;a:5:{s:4:\"data\";s:54:\"https://ja.wordpress.org/2020/03/25/wordpress-5-4-rc4/\";s:7:\"attribs\";a:0:{}s:8:\"xml_base\";s:0:\"\";s:17:\"xml_base_explicit\";b:0;s:8:\"xml_lang\";s:0:\"\";}}s:7:\"pubDate\";a:1:{i:0;a:5:{s:4:\"data\";s:31:\"Wed, 25 Mar 2020 12:56:54 +0000\";s:7:\"attribs\";a:0:{}s:8:\"xml_base\";s:0:\"\";s:17:\"xml_base_explicit\";b:0;s:8:\"xml_lang\";s:0:\"\";}}s:8:\"category\";a:2:{i:0;a:5:{s:4:\"data\";s:11:\"Development\";s:7:\"attribs\";a:0:{}s:8:\"xml_base\";s:0:\"\";s:17:\"xml_base_explicit\";b:0;s:8:\"xml_lang\";s:0:\"\";}i:1;a:5:{s:4:\"data\";s:8:\"Releases\";s:7:\"attribs\";a:0:{}s:8:\"xml_base\";s:0:\"\";s:17:\"xml_base_explicit\";b:0;s:8:\"xml_lang\";s:0:\"\";}}s:4:\"guid\";a:1:{i:0;a:5:{s:4:\"data\";s:32:\"https://ja.wordpress.org/?p=5821\";s:7:\"attribs\";a:1:{s:0:\"\";a:1:{s:11:\"isPermaLink\";s:5:\"false\";}}s:8:\"xml_base\";s:0:\"\";s:17:\"xml_base_explicit\";b:0;s:8:\"xml_lang\";s:0:\"\";}}s:11:\"description\";a:1:{i:0;a:5:{s:4:\"data\";s:234:\"以下は、Francesca Marano が書いた WordPress.org 公式ブログの記事「WordPress 5.4 RC4」を訳したものです。 誤字脱字誤訳などありましたらフォーラムまでお知らせください。 Wo [&#8230;]\";s:7:\"attribs\";a:0:{}s:8:\"xml_base\";s:0:\"\";s:17:\"xml_base_explicit\";b:0;s:8:\"xml_lang\";s:0:\"\";}}}s:32:\"http://purl.org/dc/elements/1.1/\";a:1:{s:7:\"creator\";a:1:{i:0;a:5:{s:4:\"data\";s:26:\"Seisuke Kuraishi (tenpura)\";s:7:\"attribs\";a:0:{}s:8:\"xml_base\";s:0:\"\";s:17:\"xml_base_explicit\";b:0;s:8:\"xml_lang\";s:0:\"\";}}}s:40:\"http://purl.org/rss/1.0/modules/content/\";a:1:{s:7:\"encoded\";a:1:{i:0;a:5:{s:4:\"data\";s:3149:\"<p>以下は、<a href=\"https://profiles.wordpress.org/francina/\">Francesca Marano</a> が書いた WordPress.org 公式ブログの記事「<a href=\"https://wordpress.org/news/2020/03/wordpress-5-4-rc4/\">WordPress 5.4 RC4</a>」を訳したものです。</p>\n<p>誤字脱字誤訳などありましたら<a href=\"https://ja.wordpress.org/support/forum/alphabeta/\">フォーラムまでお知らせください</a>。</p>\n<hr>\n<p>WordPress 5.4 の4つ目のリリース候補がご利用いただけるようになりました。</p>\n<p>WordPress 5.4 は、<strong><a href=\"https://make.wordpress.org/core/5-4/\">2020年3月31日</a></strong>に公開が予定されていますが、そのためには皆様からの助けが必要です。まだ 5.4 を試していないなら今がその時です！</p>\n<p>WordPress 5.4 リリース候補は、次の2通りの方法でテストすることができます。</p>\n<ul>\n<li><a href=\"https://wordpress.org/plugins/wordpress-beta-tester/\">WordPress Beta Tester</a> プラグインを使う（「最新版ナイトリービルド」を選択）。</li>\n<li><a href=\"https://wordpress.org/wordpress-5.4-RC4.zip\">リリース候補の zip ファイルをダウンロード</a>する。</li>\n</ul>\n<p>WordPress 5.4 の詳細については、<a href=\"https://wordpress.org/news/2020/03/wordpress-5-4-release-candidate/\">最初のリリース候補の投稿</a>を参照してください。</p>\n<p>RC4 では、新しい<a href=\"https://core.trac.wordpress.org/ticket/49295\">「WordPress について」ページ</a>をコミットし、<a href=\"https://core.trac.wordpress.org/ticket/49688\">エディターパッケージを更新</a>しています。</p>\n<h2>プラグイン・テーマ開発者の方へ</h2>\n<p>WordPress 5.4 でプラグインやテーマのテストを行い、readme の <em>Tested up to</em> バージョンを 5.4 に更新してください。テストで優先すべきは互換性です。もしも問題を見つけた場合は、最終リリース前に解決できるよう必ず<a href=\"https://wordpress.org/support/forum/alphabeta/\">サポートフォーラム</a>に投稿してください。</p>\n<p><a href=\"https://make.wordpress.org/core/2020/03/03/wordpress-5-4-field-guide/\">WordPress 5.4 フィールドガイド</a>が公開されています！主要変更点の詳細についてはこちらを参照してください。</p>\n<h2>リリースに協力する</h2>\n<p>英語以外の言語が話せますか？ <a href=\"https://translate.wordpress.org/projects/wp/dev\">WordPress の100言語を超す翻訳にご協力ください</a>！</p>\n<p><strong>バグを見つけた場合</strong>は、サポートフォーラムの<a href=\"https://wordpress.org/support/forum/alphabeta\">アルファ・ベータエリア</a>に投稿してください。情報をお待ちしています！再現可能なバグのレポートが書ける方は <a href=\"https://make.wordpress.org/core/reports/\">WordPress Trac に報告</a>してください。こちらでは<a href=\"https://core.trac.wordpress.org/tickets/major\">既知のバグ</a>を確認できます。</p>\n\";s:7:\"attribs\";a:0:{}s:8:\"xml_base\";s:0:\"\";s:17:\"xml_base_explicit\";b:0;s:8:\"xml_lang\";s:0:\"\";}}}}}i:7;a:6:{s:4:\"data\";s:60:\"\n		\n		\n		\n		\n		\n				\n		\n		\n\n					\n										\n					\n		\n		\n			\";s:7:\"attribs\";a:0:{}s:8:\"xml_base\";s:0:\"\";s:17:\"xml_base_explicit\";b:0;s:8:\"xml_lang\";s:0:\"\";s:5:\"child\";a:3:{s:0:\"\";a:6:{s:5:\"title\";a:1:{i:0;a:5:{s:4:\"data\";s:17:\"WordPress 5.4 RC3\";s:7:\"attribs\";a:0:{}s:8:\"xml_base\";s:0:\"\";s:17:\"xml_base_explicit\";b:0;s:8:\"xml_lang\";s:0:\"\";}}s:4:\"link\";a:1:{i:0;a:5:{s:4:\"data\";s:54:\"https://ja.wordpress.org/2020/03/20/wordpress-5-4-rc3/\";s:7:\"attribs\";a:0:{}s:8:\"xml_base\";s:0:\"\";s:17:\"xml_base_explicit\";b:0;s:8:\"xml_lang\";s:0:\"\";}}s:7:\"pubDate\";a:1:{i:0;a:5:{s:4:\"data\";s:31:\"Fri, 20 Mar 2020 12:47:50 +0000\";s:7:\"attribs\";a:0:{}s:8:\"xml_base\";s:0:\"\";s:17:\"xml_base_explicit\";b:0;s:8:\"xml_lang\";s:0:\"\";}}s:8:\"category\";a:2:{i:0;a:5:{s:4:\"data\";s:11:\"Development\";s:7:\"attribs\";a:0:{}s:8:\"xml_base\";s:0:\"\";s:17:\"xml_base_explicit\";b:0;s:8:\"xml_lang\";s:0:\"\";}i:1;a:5:{s:4:\"data\";s:8:\"Releases\";s:7:\"attribs\";a:0:{}s:8:\"xml_base\";s:0:\"\";s:17:\"xml_base_explicit\";b:0;s:8:\"xml_lang\";s:0:\"\";}}s:4:\"guid\";a:1:{i:0;a:5:{s:4:\"data\";s:32:\"https://ja.wordpress.org/?p=5818\";s:7:\"attribs\";a:1:{s:0:\"\";a:1:{s:11:\"isPermaLink\";s:5:\"false\";}}s:8:\"xml_base\";s:0:\"\";s:17:\"xml_base_explicit\";b:0;s:8:\"xml_lang\";s:0:\"\";}}s:11:\"description\";a:1:{i:0;a:5:{s:4:\"data\";s:234:\"以下は、David Baumwald が書いた WordPress.org 公式ブログの記事「WordPress 5.4 RC3」を訳したものです。 誤字脱字誤訳などありましたらフォーラムまでお知らせください。 Word [&#8230;]\";s:7:\"attribs\";a:0:{}s:8:\"xml_base\";s:0:\"\";s:17:\"xml_base_explicit\";b:0;s:8:\"xml_lang\";s:0:\"\";}}}s:32:\"http://purl.org/dc/elements/1.1/\";a:1:{s:7:\"creator\";a:1:{i:0;a:5:{s:4:\"data\";s:26:\"Seisuke Kuraishi (tenpura)\";s:7:\"attribs\";a:0:{}s:8:\"xml_base\";s:0:\"\";s:17:\"xml_base_explicit\";b:0;s:8:\"xml_lang\";s:0:\"\";}}}s:40:\"http://purl.org/rss/1.0/modules/content/\";a:1:{s:7:\"encoded\";a:1:{i:0;a:5:{s:4:\"data\";s:4832:\"<p>以下は、<a href=\"https://profiles.wordpress.org/davidbaumwald/\">David Baumwald</a> が書いた WordPress.org 公式ブログの記事「<a href=\"https://wordpress.org/news/2020/03/wordpress-5-4-rc3/\">WordPress 5.4 RC3</a>」を訳したものです。</p>\n<p>誤字脱字誤訳などありましたら<a href=\"https://ja.wordpress.org/support/forum/alphabeta/\">フォーラムまでお知らせください</a>。</p>\n<hr>\n<p>WordPress 5.4 の3つ目のリリース候補がご利用いただけるようになりました。</p>\n<p>WordPress 5.4 は、<strong><a href=\"https://make.wordpress.org/core/5-4/\">2020年3月31日</a></strong>に公開が予定されていますが、そのためには皆様からの助けが必要です。まだ 5.4 を試していないなら今がその時です!</p>\n<p>WordPress 5.4 リリース候補をテストするには、次の2通りの方法があります。</p>\n<ul>\n<li><a href=\"https://wordpress.org/plugins/wordpress-beta-tester/\">WordPress Beta Tester</a> プラグインを使う（「最新版ナイトリービルド」を選択）。</li>\n<li><a href=\"https://wordpress.org/wordpress-5.4-RC3.zip\">リリース候補の zip ファイルをダウンロード</a>する。</li>\n</ul>\n<p>WordPress 5.4 の詳細については、<a href=\"https://wordpress.org/news/2020/03/wordpress-5-4-release-candidate/\">最初のリリース候補の投稿</a>を参照してください。</p>\n<p>RC3 では、新しい「WordPress について」ページの改善と、次のバグとリグレッションについて<a href=\"https://core.trac.wordpress.org/query?id=49657%2C49621%2C48164%2C49577%2C47053%2C48303%2C49374%2C49619&amp;milestone=5.4&amp;group=component&amp;col=id&amp;col=summary&amp;col=milestone&amp;col=owner&amp;col=type&amp;col=status&amp;col=priority&amp;order=priority\">8つの修正</a>を行いました。</p>\n<ul>\n<li><a href=\"https://core.trac.wordpress.org/ticket/49657\">49657 – ブロックエディター: WordPress パッケージの更新 WordPress 5.4 RC 3</a></li>\n<li><a href=\"https://core.trac.wordpress.org/ticket/49621\">49621 – Travis: E2E テストの場合のみ Chromium をダウンロード</a></li>\n<li><a href=\"https://core.trac.wordpress.org/ticket/48164\">48164 – media_sideload_image では元の URL を保存してオプションで重複をチェックするべき</a></li>\n<li><a href=\"https://core.trac.wordpress.org/ticket/49577\">49577 – サイトヘルスステータスダッシュボードが初期読み込み時に誤ったアイテム数を表示する</a></li>\n<li><a href=\"https://core.trac.wordpress.org/ticket/47053\">47053 – アクセシビリティ: 「ツールバーへスキップ」の HTML には適切な tabindex を設定する必要がある</a></li>\n<li><a href=\"https://core.trac.wordpress.org/ticket/48303\">48303 – 5.4 向け Docblock 改善</a></li>\n<li><a href=\"https://core.trac.wordpress.org/ticket/49374\">49374 – get_post_states を利用して追加されたメニュー項目のアコーディオンで特別なページを表示</a></li>\n<li><a href=\"https://core.trac.wordpress.org/ticket/49619\">49619 – 「自由について」ページでマージンの代わりに &lt;hr /&gt; を使用する</a></li>\n</ul>\n<p>（訳注: 上記はチケット番号とそのタイトルの訳です。実際の修正内容については個々のチケットを参照してください。）</p>\n<h2>プラグイン・テーマ開発者の方へ</h2>\n<p>WordPress 5.4 であなたのプラグインやテーマのテストを行い、readme の <em>Tested up to</em> バージョンを 5.4 に更新してください。もしも互換性の問題が見つかった場合は、最終リリース前に問題解決できるよう必ず<a href=\"https://wordpress.org/support/forum/alphabeta/\">サポートフォーラム</a>に投稿してください。</p>\n<p>主な変更点が詳しく説明されている <a href=\"https://make.wordpress.org/core/2020/03/03/wordpress-5-4-field-guide/\">WordPress 5.4 フィールドガイド</a>が公開されています。</p>\n<h2>リリースに協力する</h2>\n<p>英語以外の言語が話せますか？ <a href=\"https://translate.wordpress.org/projects/wp/dev\">WordPress の100言語を超す翻訳にご協力ください</a>！</p>\n<p><strong>バグを見つけた場合</strong>は、サポートフォーラムの<a href=\"https://wordpress.org/support/forum/alphabeta\">アルファ・ベータエリア</a>に投稿してください。情報をお待ちしています！再現可能なバグのレポートが書ける方は <a href=\"https://make.wordpress.org/core/reports/\">WordPress Trac に報告</a>してください。こちらでは<a href=\"https://core.trac.wordpress.org/tickets/major\">既知のバグ</a>を確認できます。</p>\n\";s:7:\"attribs\";a:0:{}s:8:\"xml_base\";s:0:\"\";s:17:\"xml_base_explicit\";b:0;s:8:\"xml_lang\";s:0:\"\";}}}}}i:8;a:6:{s:4:\"data\";s:60:\"\n		\n		\n		\n		\n		\n				\n		\n		\n\n					\n										\n					\n		\n		\n			\";s:7:\"attribs\";a:0:{}s:8:\"xml_base\";s:0:\"\";s:17:\"xml_base_explicit\";b:0;s:8:\"xml_lang\";s:0:\"\";s:5:\"child\";a:3:{s:0:\"\";a:6:{s:5:\"title\";a:1:{i:0;a:5:{s:4:\"data\";s:17:\"WordPress 5.4 RC2\";s:7:\"attribs\";a:0:{}s:8:\"xml_base\";s:0:\"\";s:17:\"xml_base_explicit\";b:0;s:8:\"xml_lang\";s:0:\"\";}}s:4:\"link\";a:1:{i:0;a:5:{s:4:\"data\";s:54:\"https://ja.wordpress.org/2020/03/14/wordpress-5-4-rc2/\";s:7:\"attribs\";a:0:{}s:8:\"xml_base\";s:0:\"\";s:17:\"xml_base_explicit\";b:0;s:8:\"xml_lang\";s:0:\"\";}}s:7:\"pubDate\";a:1:{i:0;a:5:{s:4:\"data\";s:31:\"Sat, 14 Mar 2020 07:38:11 +0000\";s:7:\"attribs\";a:0:{}s:8:\"xml_base\";s:0:\"\";s:17:\"xml_base_explicit\";b:0;s:8:\"xml_lang\";s:0:\"\";}}s:8:\"category\";a:2:{i:0;a:5:{s:4:\"data\";s:11:\"Development\";s:7:\"attribs\";a:0:{}s:8:\"xml_base\";s:0:\"\";s:17:\"xml_base_explicit\";b:0;s:8:\"xml_lang\";s:0:\"\";}i:1;a:5:{s:4:\"data\";s:8:\"Releases\";s:7:\"attribs\";a:0:{}s:8:\"xml_base\";s:0:\"\";s:17:\"xml_base_explicit\";b:0;s:8:\"xml_lang\";s:0:\"\";}}s:4:\"guid\";a:1:{i:0;a:5:{s:4:\"data\";s:32:\"https://ja.wordpress.org/?p=5815\";s:7:\"attribs\";a:1:{s:0:\"\";a:1:{s:11:\"isPermaLink\";s:5:\"false\";}}s:8:\"xml_base\";s:0:\"\";s:17:\"xml_base_explicit\";b:0;s:8:\"xml_lang\";s:0:\"\";}}s:11:\"description\";a:1:{i:0;a:5:{s:4:\"data\";s:234:\"以下は、Francesca Marano が書いた WordPress.org 公式ブログの記事「WordPress 5.4 RC2」を訳したものです。 誤字脱字誤訳などありましたらフォーラムまでお知らせください。 Wo [&#8230;]\";s:7:\"attribs\";a:0:{}s:8:\"xml_base\";s:0:\"\";s:17:\"xml_base_explicit\";b:0;s:8:\"xml_lang\";s:0:\"\";}}}s:32:\"http://purl.org/dc/elements/1.1/\";a:1:{s:7:\"creator\";a:1:{i:0;a:5:{s:4:\"data\";s:26:\"Seisuke Kuraishi (tenpura)\";s:7:\"attribs\";a:0:{}s:8:\"xml_base\";s:0:\"\";s:17:\"xml_base_explicit\";b:0;s:8:\"xml_lang\";s:0:\"\";}}}s:40:\"http://purl.org/rss/1.0/modules/content/\";a:1:{s:7:\"encoded\";a:1:{i:0;a:5:{s:4:\"data\";s:4128:\"<p>以下は、<a href=\"https://profiles.wordpress.org/francina/\">Francesca Marano</a> が書いた WordPress.org 公式ブログの記事「<a href=\"https://wordpress.org/news/2020/03/wordpress-5-4-rc2/\">WordPress 5.4 RC2</a>」を訳したものです。</p>\n<p>誤字脱字誤訳などありましたら<a href=\"https://ja.wordpress.org/support/forum/alphabeta/\">フォーラムまでお知らせください</a>。</p>\n<hr>\n<p>WordPress 5.4 の2つ目のリリース候補がご利用いただけるようになりました。</p>\n<p>WordPress 5.4 は、<strong><a href=\"https://make.wordpress.org/core/5-4/\">2020年3月31日</a></strong>に公開が予定されていますが、そのためには皆様からの助けが必要です。まだ 5.4 を試していないなら今がその時です!</p>\n<p>WordPress 5.4 リリース候補をテストするには、次の2通りの方法があります。</p>\n<ul>\n<li><a href=\"https://wordpress.org/plugins/wordpress-beta-tester/\">WordPress Beta Tester</a> プラグインを使う（「最新版ナイトリービルド」を選択）。</li>\n<li><a href=\"https://wordpress.org/wordpress-5.4-RC2.zip\">リリース候補の zip ファイルをダウンロード</a>する。</li>\n</ul>\n<p>WordPress 5.4 の詳細については、<a href=\"https://wordpress.org/news/2020/03/wordpress-5-4-release-candidate/\">最初のリリース候補の投稿</a>を参照してください。</p>\n<p>RC2 では、新しい「WordPress について」ページの改善と、次のバグとリグレッションについて<a href=\"https://core.trac.wordpress.org/query?id=49611%2C49318%2C49295%2C49585%2C49568%2C49549&amp;milestone=5.4&amp;group=component&amp;col=id&amp;col=summary&amp;col=milestone&amp;col=owner&amp;col=type&amp;col=status&amp;col=priority&amp;order=priority\">5つの修正</a>を行いました。</p>\n<ul>\n<li><a href=\"https://core.trac.wordpress.org/ticket/49611\">49611</a> – ブロックエディター: WordPress パッケージの更新 WordPress 5.4 RC 2</li>\n<li><a href=\"https://core.trac.wordpress.org/ticket/49318\">49318</a> – 同梱テーマ: Twenty Twenty コンテンツフォントの CSS セレクターの重要度が高すぎる問題</li>\n<li><a href=\"https://core.trac.wordpress.org/ticket/49585\">49585</a> – REST API: disable-custom-gradients のテーマ機能説明の誤字修正</li>\n<li><a href=\"https://core.trac.wordpress.org/ticket/49568\">49568</a> – ブロックエディター: エディターカラーピッカーの視覚的リグレッションの修正</li>\n<li><a href=\"https://core.trac.wordpress.org/ticket/49549\">49549</a> – 同梱テーマ: 同梱テーマにおけるカレンダーウィジェットの CSS 修正</li>\n</ul>\n<h2>プラグイン・テーマ開発者の方へ</h2>\n<p>WordPress 5.4 であなたのプラグインやテーマのテストを行い、readme の Tested up to バージョンを 5.4 に更新してください。もしも互換性の問題が見つかった場合は、最終リリース前に問題解決できるよう必ず<a href=\"https://wordpress.org/support/forum/alphabeta/\">サポートフォーラム</a>に投稿してください。</p>\n<p>主な変更点が詳しく説明されている <a href=\"https://make.wordpress.org/core/2020/03/03/wordpress-5-4-field-guide/\">WordPress 5.4 フィールドガイド</a>が公開されています。</p>\n<h2>リリースに協力する</h2>\n<p>英語以外の言語が話せますか？ <a href=\"https://translate.wordpress.org/projects/wp/dev\">WordPress の100言語を超す翻訳にご協力ください</a>！</p>\n<p><strong>バグを見つけた場合</strong>は、サポートフォーラムの<a href=\"https://wordpress.org/support/forum/alphabeta\">アルファ・ベータエリア</a>に投稿してください。情報をお待ちしています！再現可能なバグのレポートが書ける方は <a href=\"https://make.wordpress.org/core/reports/\">WordPress Trac に報告</a>してください。こちらでは<a href=\"https://core.trac.wordpress.org/tickets/major\">既知のバグ</a>を確認できます。</p>\n\";s:7:\"attribs\";a:0:{}s:8:\"xml_base\";s:0:\"\";s:17:\"xml_base_explicit\";b:0;s:8:\"xml_lang\";s:0:\"\";}}}}}i:9;a:6:{s:4:\"data\";s:60:\"\n		\n		\n		\n		\n		\n				\n		\n		\n\n					\n										\n					\n		\n		\n			\";s:7:\"attribs\";a:0:{}s:8:\"xml_base\";s:0:\"\";s:17:\"xml_base_explicit\";b:0;s:8:\"xml_lang\";s:0:\"\";s:5:\"child\";a:3:{s:0:\"\";a:6:{s:5:\"title\";a:1:{i:0;a:5:{s:4:\"data\";s:32:\"WordPress 5.4 リリース候補\";s:7:\"attribs\";a:0:{}s:8:\"xml_base\";s:0:\"\";s:17:\"xml_base_explicit\";b:0;s:8:\"xml_lang\";s:0:\"\";}}s:4:\"link\";a:1:{i:0;a:5:{s:4:\"data\";s:68:\"https://ja.wordpress.org/2020/03/07/wordpress-5-4-release-candidate/\";s:7:\"attribs\";a:0:{}s:8:\"xml_base\";s:0:\"\";s:17:\"xml_base_explicit\";b:0;s:8:\"xml_lang\";s:0:\"\";}}s:7:\"pubDate\";a:1:{i:0;a:5:{s:4:\"data\";s:31:\"Fri, 06 Mar 2020 16:15:38 +0000\";s:7:\"attribs\";a:0:{}s:8:\"xml_base\";s:0:\"\";s:17:\"xml_base_explicit\";b:0;s:8:\"xml_lang\";s:0:\"\";}}s:8:\"category\";a:2:{i:0;a:5:{s:4:\"data\";s:11:\"Development\";s:7:\"attribs\";a:0:{}s:8:\"xml_base\";s:0:\"\";s:17:\"xml_base_explicit\";b:0;s:8:\"xml_lang\";s:0:\"\";}i:1;a:5:{s:4:\"data\";s:8:\"Releases\";s:7:\"attribs\";a:0:{}s:8:\"xml_base\";s:0:\"\";s:17:\"xml_base_explicit\";b:0;s:8:\"xml_lang\";s:0:\"\";}}s:4:\"guid\";a:1:{i:0;a:5:{s:4:\"data\";s:32:\"https://ja.wordpress.org/?p=5813\";s:7:\"attribs\";a:1:{s:0:\"\";a:1:{s:11:\"isPermaLink\";s:5:\"false\";}}s:8:\"xml_base\";s:0:\"\";s:17:\"xml_base_explicit\";b:0;s:8:\"xml_lang\";s:0:\"\";}}s:11:\"description\";a:1:{i:0;a:5:{s:4:\"data\";s:216:\"以下は、David Baumwald が書いた WordPress.org 公式ブログの記事「WordPress 5.4 Release Candidate」を訳したものです。 誤字脱字誤訳などありましたらフォーラムまで [&#8230;]\";s:7:\"attribs\";a:0:{}s:8:\"xml_base\";s:0:\"\";s:17:\"xml_base_explicit\";b:0;s:8:\"xml_lang\";s:0:\"\";}}}s:32:\"http://purl.org/dc/elements/1.1/\";a:1:{s:7:\"creator\";a:1:{i:0;a:5:{s:4:\"data\";s:26:\"Seisuke Kuraishi (tenpura)\";s:7:\"attribs\";a:0:{}s:8:\"xml_base\";s:0:\"\";s:17:\"xml_base_explicit\";b:0;s:8:\"xml_lang\";s:0:\"\";}}}s:40:\"http://purl.org/rss/1.0/modules/content/\";a:1:{s:7:\"encoded\";a:1:{i:0;a:5:{s:4:\"data\";s:3675:\"<p>以下は、<a href=\"https://profiles.wordpress.org/davidbaumwald/\">David Baumwald</a> が書いた WordPress.org 公式ブログの記事「<a href=\"https://wordpress.org/news/2020/03/wordpress-5-4-release-candidate/\">WordPress 5.4 Release Candidate</a>」を訳したものです。</p>\n<p>誤字脱字誤訳などありましたら<a href=\"https://ja.wordpress.org/support/forum/alphabeta/\">フォーラムまでお知らせください</a>。</p>\n<hr>\n<p>WordPress 5.4 の最初のリリース候補がご利用いただけるようになりました。</p>\n<p>これは WordPress 5.4 公開日へと向かう重要なマイルストーンです。「リリース候補」とは、この新しいバージョンは公開可能なレベルではあるが多くのユーザーや様々なプラグイン・テーマで使うには何らかの見落としがあるかもしれない、といった意味合いのものとなります。WordPress 5.4 は、<strong>2020年3月31日</strong>に公開が予定されていますが、そのためには皆様からの助けが必要です。まだ 5.4 を試していないなら<strong>今がその時です</strong>!</p>\n<p>WordPress 5.4 リリース候補をテストするには、次の2通りの方法があります。</p>\n<ul>\n<li><a href=\"https://wordpress.org/plugins/wordpress-beta-tester/\">WordPress Beta Tester</a> プラグインを使う（「最新版ナイトリービルド」を選択）。</li>\n<li><a href=\"https://wordpress.org/wordpress-5.4-RC1.zip\">リリース候補の zip ファイルをダウンロード</a>する。</li>\n</ul>\n<h2>WordPress 5.4 の詳細</h2>\n<p>WordPress 5.4 には、開発体験向上のための多くの改良が加えられています。最新情報を知るには <a href=\"https://make.wordpress.org/core/\">Make WordPress Core ブログ</a>を購読して、あなたのプロダクトに影響を与える可能性のある変更がないか、<a href=\"https://make.wordpress.org/core/tag/5-4+dev-notes/\">デベロッパーノート</a>のタグを注意深く確認してください。</p>\n<h2>プラグイン・テーマ開発者の方へ</h2>\n<p>WordPress 5.4 であなたのプラグインやテーマのテストを行い、readme ファイルの Tested up to バージョンを 5.4 に更新してください。もしも互換性の問題が見つかった場合は、最終リリース前に問題解決できるよう必ず<a href=\"https://wordpress.org/support/forum/alphabeta/\">サポートフォーラム</a>に投稿してください。</p>\n<p>主要変更点のより詳しい情報が載っている WordPress 5.4 フィールドガイドが24時間以内に公開される予定です。</p>\n<h2>リリースに協力する</h2>\n<p>英語以外の言語が話せますか？ <a href=\"https://translate.wordpress.org/projects/wp/dev\">WordPress の100言語を超す翻訳にご協力ください</a>！このリリースは 5.4 リリーススケジュールにおける<a href=\"https://make.wordpress.org/polyglots/handbook/glossary/#hard-freeze\">翻訳語句のハードフリーズ（凍結）</a>ポイントとなります。</p>\n<p><strong>バグを見つけた場合</strong>は、サポートフォーラムの<a href=\"https://wordpress.org/support/forum/alphabeta\">アルファ・ベータエリア</a>に投稿してください。情報をお待ちしています！再現可能なバグのレポートが書ける方は <a href=\"https://make.wordpress.org/core/reports/\">WordPress Trac に報告</a>してください。こちらでは<a href=\"https://core.trac.wordpress.org/tickets/major\">既知のバグ</a>を確認できます。</p>\n\";s:7:\"attribs\";a:0:{}s:8:\"xml_base\";s:0:\"\";s:17:\"xml_base_explicit\";b:0;s:8:\"xml_lang\";s:0:\"\";}}}}}}}s:27:\"http://www.w3.org/2005/Atom\";a:1:{s:4:\"link\";a:1:{i:0;a:5:{s:4:\"data\";s:0:\"\";s:7:\"attribs\";a:1:{s:0:\"\";a:3:{s:4:\"href\";s:35:\"https://ja.wordpress.org/news/feed/\";s:3:\"rel\";s:4:\"self\";s:4:\"type\";s:19:\"application/rss+xml\";}}s:8:\"xml_base\";s:0:\"\";s:17:\"xml_base_explicit\";b:0;s:8:\"xml_lang\";s:0:\"\";}}}s:44:\"http://purl.org/rss/1.0/modules/syndication/\";a:2:{s:12:\"updatePeriod\";a:1:{i:0;a:5:{s:4:\"data\";s:9:\"\n	hourly	\";s:7:\"attribs\";a:0:{}s:8:\"xml_base\";s:0:\"\";s:17:\"xml_base_explicit\";b:0;s:8:\"xml_lang\";s:0:\"\";}}s:15:\"updateFrequency\";a:1:{i:0;a:5:{s:4:\"data\";s:4:\"\n	1	\";s:7:\"attribs\";a:0:{}s:8:\"xml_base\";s:0:\"\";s:17:\"xml_base_explicit\";b:0;s:8:\"xml_lang\";s:0:\"\";}}}}}}}}}}}}s:4:\"type\";i:128;s:7:\"headers\";O:42:\"Requests_Utility_CaseInsensitiveDictionary\":1:{s:7:\"\0*\0data\";a:8:{s:6:\"server\";s:5:\"nginx\";s:4:\"date\";s:29:\"Sat, 25 Jul 2020 14:42:56 GMT\";s:12:\"content-type\";s:34:\"application/rss+xml; charset=UTF-8\";s:6:\"x-olaf\";s:3:\"⛄\";s:13:\"last-modified\";s:29:\"Mon, 15 Jun 2020 00:12:19 GMT\";s:4:\"link\";s:61:\"<https://ja.wordpress.org/wp-json/>; rel=\"https://api.w.org/\"\";s:15:\"x-frame-options\";s:10:\"SAMEORIGIN\";s:4:\"x-nc\";s:9:\"HIT ord 1\";}}s:5:\"build\";s:14:\"20130911040210\";}', 'no');
INSERT INTO `wpc4b30aoptions` (`option_id`, `option_name`, `option_value`, `autoload`) VALUES
(229, '_transient_timeout_feed_mod_992efac292246ae35bf235a03417a202', '1595731376', 'no'),
(230, '_transient_feed_mod_992efac292246ae35bf235a03417a202', '1595688176', 'no'),
(231, '_transient_timeout_feed_6f409681938158427d2ded6eb1b9ea27', '1595731377', 'no'),
(232, '_transient_feed_6f409681938158427d2ded6eb1b9ea27', 'a:4:{s:5:\"child\";a:1:{s:0:\"\";a:1:{s:3:\"rss\";a:1:{i:0;a:6:{s:4:\"data\";s:5:\"\n\n	\n	\";s:7:\"attribs\";a:1:{s:0:\"\";a:1:{s:7:\"version\";s:3:\"2.0\";}}s:8:\"xml_base\";s:0:\"\";s:17:\"xml_base_explicit\";b:0;s:8:\"xml_lang\";s:0:\"\";s:5:\"child\";a:1:{s:0:\"\";a:1:{s:7:\"channel\";a:1:{i:0;a:6:{s:4:\"data\";s:141:\"\n\n		\n		\n		\n				\n		\n		\n\n		\n		\n					\n				\n\n			\n				\n\n			\n				\n\n			\n				\n\n			\n				\n\n			\n				\n\n			\n				\n\n			\n				\n\n			\n				\n\n			\n				\n\n					\n		\n	\";s:7:\"attribs\";a:0:{}s:8:\"xml_base\";s:0:\"\";s:17:\"xml_base_explicit\";b:0;s:8:\"xml_lang\";s:0:\"\";s:5:\"child\";a:2:{s:0:\"\";a:7:{s:5:\"title\";a:1:{i:0;a:5:{s:4:\"data\";s:55:\"WordPress | サポートフォーラム » 返信一覧\";s:7:\"attribs\";a:0:{}s:8:\"xml_base\";s:0:\"\";s:17:\"xml_base_explicit\";b:0;s:8:\"xml_lang\";s:0:\"\";}}s:4:\"link\";a:1:{i:0;a:5:{s:4:\"data\";s:44:\"https://ja.wordpress.org/support/forums/feed\";s:7:\"attribs\";a:0:{}s:8:\"xml_base\";s:0:\"\";s:17:\"xml_base_explicit\";b:0;s:8:\"xml_lang\";s:0:\"\";}}s:11:\"description\";a:1:{i:0;a:5:{s:4:\"data\";s:0:\"\";s:7:\"attribs\";a:0:{}s:8:\"xml_base\";s:0:\"\";s:17:\"xml_base_explicit\";b:0;s:8:\"xml_lang\";s:0:\"\";}}s:13:\"lastBuildDate\";a:1:{i:0;a:5:{s:4:\"data\";s:31:\"Sat, 25 Jul 2020 14:42:02 +0000\";s:7:\"attribs\";a:0:{}s:8:\"xml_base\";s:0:\"\";s:17:\"xml_base_explicit\";b:0;s:8:\"xml_lang\";s:0:\"\";}}s:9:\"generator\";a:1:{i:0;a:5:{s:4:\"data\";s:36:\"https://bbpress.org/?v=2.7.0-alpha-1\";s:7:\"attribs\";a:0:{}s:8:\"xml_base\";s:0:\"\";s:17:\"xml_base_explicit\";b:0;s:8:\"xml_lang\";s:0:\"\";}}s:8:\"language\";a:1:{i:0;a:5:{s:4:\"data\";s:2:\"ja\";s:7:\"attribs\";a:0:{}s:8:\"xml_base\";s:0:\"\";s:17:\"xml_base_explicit\";b:0;s:8:\"xml_lang\";s:0:\"\";}}s:4:\"item\";a:10:{i:0;a:6:{s:4:\"data\";s:55:\"\n					\n					\n					\n					\n					\n\n					\n\n					\n					\n				\";s:7:\"attribs\";a:0:{}s:8:\"xml_base\";s:0:\"\";s:17:\"xml_base_explicit\";b:0;s:8:\"xml_lang\";s:0:\"\";s:5:\"child\";a:2:{s:0:\"\";a:5:{s:4:\"guid\";a:1:{i:0;a:5:{s:4:\"data\";s:216:\"https://ja.wordpress.org/support/topic/%e8%a4%87%e6%95%b0%e3%81%ae%e3%83%87%e3%82%b6%e3%82%a4%e3%83%b3%e3%81%ae%e9%81%95%e3%81%86%e3%83%9a%e3%83%bc%e3%82%b8%e3%82%92%e4%bd%9c%e3%82%8a%e3%81%9f%e3%81%84/#post-11665665\";s:7:\"attribs\";a:0:{}s:8:\"xml_base\";s:0:\"\";s:17:\"xml_base_explicit\";b:0;s:8:\"xml_lang\";s:0:\"\";}}s:5:\"title\";a:1:{i:0;a:5:{s:4:\"data\";s:65:\"返信先: 複数のデザインの違うページを作りたい\";s:7:\"attribs\";a:0:{}s:8:\"xml_base\";s:0:\"\";s:17:\"xml_base_explicit\";b:0;s:8:\"xml_lang\";s:0:\"\";}}s:4:\"link\";a:1:{i:0;a:5:{s:4:\"data\";s:216:\"https://ja.wordpress.org/support/topic/%e8%a4%87%e6%95%b0%e3%81%ae%e3%83%87%e3%82%b6%e3%82%a4%e3%83%b3%e3%81%ae%e9%81%95%e3%81%86%e3%83%9a%e3%83%bc%e3%82%b8%e3%82%92%e4%bd%9c%e3%82%8a%e3%81%9f%e3%81%84/#post-11665665\";s:7:\"attribs\";a:0:{}s:8:\"xml_base\";s:0:\"\";s:17:\"xml_base_explicit\";b:0;s:8:\"xml_lang\";s:0:\"\";}}s:7:\"pubDate\";a:1:{i:0;a:5:{s:4:\"data\";s:31:\"Sat, 25 Jul 2020 06:23:35 +0000\";s:7:\"attribs\";a:0:{}s:8:\"xml_base\";s:0:\"\";s:17:\"xml_base_explicit\";b:0;s:8:\"xml_lang\";s:0:\"\";}}s:11:\"description\";a:1:{i:0;a:5:{s:4:\"data\";s:388:\"\n						\n						<p>ありがとうございます。やはり、そこは仕様なのですね。<br />\nでも表示は、調整できるということですね。</p>\n<p>だいぶ理解できるようになりました。<br />\n参考にさせて制作を進めてまいります。</p>\n<p>数日もの間、お付き合いいただきありがとうございました。</p>\n						\n					\";s:7:\"attribs\";a:0:{}s:8:\"xml_base\";s:0:\"\";s:17:\"xml_base_explicit\";b:0;s:8:\"xml_lang\";s:0:\"\";}}}s:32:\"http://purl.org/dc/elements/1.1/\";a:1:{s:7:\"creator\";a:1:{i:0;a:5:{s:4:\"data\";s:10:\"suzukitoro\";s:7:\"attribs\";a:0:{}s:8:\"xml_base\";s:0:\"\";s:17:\"xml_base_explicit\";b:0;s:8:\"xml_lang\";s:0:\"\";}}}}}i:1;a:6:{s:4:\"data\";s:55:\"\n					\n					\n					\n					\n					\n\n					\n\n					\n					\n				\";s:7:\"attribs\";a:0:{}s:8:\"xml_base\";s:0:\"\";s:17:\"xml_base_explicit\";b:0;s:8:\"xml_lang\";s:0:\"\";s:5:\"child\";a:2:{s:0:\"\";a:5:{s:4:\"guid\";a:1:{i:0;a:5:{s:4:\"data\";s:250:\"https://ja.wordpress.org/support/topic/wp_version_check%ef%bc%88%ef%bc%89%e3%82%92%e7%84%a1%e5%8a%b9%e5%8c%96%e3%81%97%e3%81%a6%e3%82%a2%e3%83%83%e3%83%97%e3%83%87%e3%83%bc%e3%83%88%e3%82%92%e9%98%b2%e3%81%8e%e3%81%be%e3%81%97%e3%81%9f/#post-11665664\";s:7:\"attribs\";a:0:{}s:8:\"xml_base\";s:0:\"\";s:17:\"xml_base_explicit\";b:0;s:8:\"xml_lang\";s:0:\"\";}}s:5:\"title\";a:1:{i:0;a:5:{s:4:\"data\";s:90:\"返信先: wp_version_check（）を無効化してアップデートを防ぎました。\";s:7:\"attribs\";a:0:{}s:8:\"xml_base\";s:0:\"\";s:17:\"xml_base_explicit\";b:0;s:8:\"xml_lang\";s:0:\"\";}}s:4:\"link\";a:1:{i:0;a:5:{s:4:\"data\";s:250:\"https://ja.wordpress.org/support/topic/wp_version_check%ef%bc%88%ef%bc%89%e3%82%92%e7%84%a1%e5%8a%b9%e5%8c%96%e3%81%97%e3%81%a6%e3%82%a2%e3%83%83%e3%83%97%e3%83%87%e3%83%bc%e3%83%88%e3%82%92%e9%98%b2%e3%81%8e%e3%81%be%e3%81%97%e3%81%9f/#post-11665664\";s:7:\"attribs\";a:0:{}s:8:\"xml_base\";s:0:\"\";s:17:\"xml_base_explicit\";b:0;s:8:\"xml_lang\";s:0:\"\";}}s:7:\"pubDate\";a:1:{i:0;a:5:{s:4:\"data\";s:31:\"Sat, 25 Jul 2020 05:11:11 +0000\";s:7:\"attribs\";a:0:{}s:8:\"xml_base\";s:0:\"\";s:17:\"xml_base_explicit\";b:0;s:8:\"xml_lang\";s:0:\"\";}}s:11:\"description\";a:1:{i:0;a:5:{s:4:\"data\";s:474:\"\n						\n						<p>こんにちは</p>\n<p>Webriti Companion プラグインの下記ファイルに問題があるようです。</p>\n<p>(プラグインディレクトリ)/inc/wallstreet/sections/wallstreet-header-top-layer-section.php</p>\n<p>応急処置としては、このファイルを下記のように変更することで、エラーはなくなると思います。</p>\n<p>最終行:</p>\n<pre><code>}?&gt;\n	</code></pre>\n<p>↓<br />\n<code>}</code></p>\n						\n					\";s:7:\"attribs\";a:0:{}s:8:\"xml_base\";s:0:\"\";s:17:\"xml_base_explicit\";b:0;s:8:\"xml_lang\";s:0:\"\";}}}s:32:\"http://purl.org/dc/elements/1.1/\";a:1:{s:7:\"creator\";a:1:{i:0;a:5:{s:4:\"data\";s:8:\"ishitaka\";s:7:\"attribs\";a:0:{}s:8:\"xml_base\";s:0:\"\";s:17:\"xml_base_explicit\";b:0;s:8:\"xml_lang\";s:0:\"\";}}}}}i:2;a:6:{s:4:\"data\";s:55:\"\n					\n					\n					\n					\n					\n\n					\n\n					\n					\n				\";s:7:\"attribs\";a:0:{}s:8:\"xml_base\";s:0:\"\";s:17:\"xml_base_explicit\";b:0;s:8:\"xml_lang\";s:0:\"\";s:5:\"child\";a:2:{s:0:\"\";a:5:{s:4:\"guid\";a:1:{i:0;a:5:{s:4:\"data\";s:182:\"https://ja.wordpress.org/support/topic/wallstreet%e4%bb%a5%e5%89%8d%e3%81%af%e3%81%82%e3%81%a3%e3%81%9f%e3%82%b9%e3%82%ad%e3%83%b3%e3%81%ae%e5%a4%89%e6%9b%b4light-dark/#post-11665663\";s:7:\"attribs\";a:0:{}s:8:\"xml_base\";s:0:\"\";s:17:\"xml_base_explicit\";b:0;s:8:\"xml_lang\";s:0:\"\";}}s:5:\"title\";a:1:{i:0;a:5:{s:4:\"data\";s:69:\"返信先: Wallstreet以前はあったスキンの変更(light dark)\";s:7:\"attribs\";a:0:{}s:8:\"xml_base\";s:0:\"\";s:17:\"xml_base_explicit\";b:0;s:8:\"xml_lang\";s:0:\"\";}}s:4:\"link\";a:1:{i:0;a:5:{s:4:\"data\";s:182:\"https://ja.wordpress.org/support/topic/wallstreet%e4%bb%a5%e5%89%8d%e3%81%af%e3%81%82%e3%81%a3%e3%81%9f%e3%82%b9%e3%82%ad%e3%83%b3%e3%81%ae%e5%a4%89%e6%9b%b4light-dark/#post-11665663\";s:7:\"attribs\";a:0:{}s:8:\"xml_base\";s:0:\"\";s:17:\"xml_base_explicit\";b:0;s:8:\"xml_lang\";s:0:\"\";}}s:7:\"pubDate\";a:1:{i:0;a:5:{s:4:\"data\";s:31:\"Sat, 25 Jul 2020 05:06:59 +0000\";s:7:\"attribs\";a:0:{}s:8:\"xml_base\";s:0:\"\";s:17:\"xml_base_explicit\";b:0;s:8:\"xml_lang\";s:0:\"\";}}s:11:\"description\";a:1:{i:0;a:5:{s:4:\"data\";s:133:\"\n						\n						<p>こんにちは</p>\n<p>バージョン 1.9 では Pro 版のみの機能になったようです。</p>\n						\n					\";s:7:\"attribs\";a:0:{}s:8:\"xml_base\";s:0:\"\";s:17:\"xml_base_explicit\";b:0;s:8:\"xml_lang\";s:0:\"\";}}}s:32:\"http://purl.org/dc/elements/1.1/\";a:1:{s:7:\"creator\";a:1:{i:0;a:5:{s:4:\"data\";s:8:\"ishitaka\";s:7:\"attribs\";a:0:{}s:8:\"xml_base\";s:0:\"\";s:17:\"xml_base_explicit\";b:0;s:8:\"xml_lang\";s:0:\"\";}}}}}i:3;a:6:{s:4:\"data\";s:55:\"\n					\n					\n					\n					\n					\n\n					\n\n					\n					\n				\";s:7:\"attribs\";a:0:{}s:8:\"xml_base\";s:0:\"\";s:17:\"xml_base_explicit\";b:0;s:8:\"xml_lang\";s:0:\"\";s:5:\"child\";a:2:{s:0:\"\";a:5:{s:4:\"guid\";a:1:{i:0;a:5:{s:4:\"data\";s:183:\"https://ja.wordpress.org/support/topic/register_block_style-%e9%96%a2%e6%95%b0%e3%81%ae%e3%82%b3%e3%83%bc%e3%83%89%e3%82%b8%e3%82%a7%e3%83%8d%e3%83%ac%e3%83%bc%e3%82%bf/#post-11665662\";s:7:\"attribs\";a:0:{}s:8:\"xml_base\";s:0:\"\";s:17:\"xml_base_explicit\";b:0;s:8:\"xml_lang\";s:0:\"\";}}s:5:\"title\";a:1:{i:0;a:5:{s:4:\"data\";s:57:\"register_block_style 関数のコードジェネレータ\";s:7:\"attribs\";a:0:{}s:8:\"xml_base\";s:0:\"\";s:17:\"xml_base_explicit\";b:0;s:8:\"xml_lang\";s:0:\"\";}}s:4:\"link\";a:1:{i:0;a:5:{s:4:\"data\";s:183:\"https://ja.wordpress.org/support/topic/register_block_style-%e9%96%a2%e6%95%b0%e3%81%ae%e3%82%b3%e3%83%bc%e3%83%89%e3%82%b8%e3%82%a7%e3%83%8d%e3%83%ac%e3%83%bc%e3%82%bf/#post-11665662\";s:7:\"attribs\";a:0:{}s:8:\"xml_base\";s:0:\"\";s:17:\"xml_base_explicit\";b:0;s:8:\"xml_lang\";s:0:\"\";}}s:7:\"pubDate\";a:1:{i:0;a:5:{s:4:\"data\";s:31:\"Fri, 24 Jul 2020 22:52:04 +0000\";s:7:\"attribs\";a:0:{}s:8:\"xml_base\";s:0:\"\";s:17:\"xml_base_explicit\";b:0;s:8:\"xml_lang\";s:0:\"\";}}s:11:\"description\";a:1:{i:0;a:5:{s:4:\"data\";s:784:\"\n						\n						<p>ブロックエディタ(グーテンベルク)に、スタイル設定を追加する関数register_block_styleの、雛形を作れるコードジェネレータを公開しました。</p>\n<p><a href=\"https://php4wordpress.calculator.jp/gutenberg/add-style/#register_block_style-%E3%82%B8%E3%82%A7%E3%83%8D%E3%83%AC%E3%83%BC%E3%82%BF\" rel=\"nofollow ugc\">https://php4wordpress.calculator.jp/gutenberg/add-style/#register_block_style-%E3%82%B8%E3%82%A7%E3%83%8D%E3%83%AC%E3%83%BC%E3%82%BF</a></p>\n<ul>\n<li>ブロック名：プルダウンで選択 or 自分で入力</li>\n<li>スタイル名(name)</li>\n<li>名前(label)</li>\n<li>スタイルシート</li>\n</ul>\n<p>を入力すると、functions.phpにコピペするコードを生成します。</p>\n						\n					\";s:7:\"attribs\";a:0:{}s:8:\"xml_base\";s:0:\"\";s:17:\"xml_base_explicit\";b:0;s:8:\"xml_lang\";s:0:\"\";}}}s:32:\"http://purl.org/dc/elements/1.1/\";a:1:{s:7:\"creator\";a:1:{i:0;a:5:{s:4:\"data\";s:12:\"水野史土\";s:7:\"attribs\";a:0:{}s:8:\"xml_base\";s:0:\"\";s:17:\"xml_base_explicit\";b:0;s:8:\"xml_lang\";s:0:\"\";}}}}}i:4;a:6:{s:4:\"data\";s:55:\"\n					\n					\n					\n					\n					\n\n					\n\n					\n					\n				\";s:7:\"attribs\";a:0:{}s:8:\"xml_base\";s:0:\"\";s:17:\"xml_base_explicit\";b:0;s:8:\"xml_lang\";s:0:\"\";s:5:\"child\";a:2:{s:0:\"\";a:5:{s:4:\"guid\";a:1:{i:0;a:5:{s:4:\"data\";s:147:\"https://ja.wordpress.org/support/topic/amp%e3%81%ae%e3%83%97%e3%83%a9%e3%82%b0%e3%82%a4%e3%83%b3%e3%81%ab%e3%81%a4%e3%81%84%e3%81%a6/#post-11665661\";s:7:\"attribs\";a:0:{}s:8:\"xml_base\";s:0:\"\";s:17:\"xml_base_explicit\";b:0;s:8:\"xml_lang\";s:0:\"\";}}s:5:\"title\";a:1:{i:0;a:5:{s:4:\"data\";s:33:\"AMPのプラグインについて\";s:7:\"attribs\";a:0:{}s:8:\"xml_base\";s:0:\"\";s:17:\"xml_base_explicit\";b:0;s:8:\"xml_lang\";s:0:\"\";}}s:4:\"link\";a:1:{i:0;a:5:{s:4:\"data\";s:147:\"https://ja.wordpress.org/support/topic/amp%e3%81%ae%e3%83%97%e3%83%a9%e3%82%b0%e3%82%a4%e3%83%b3%e3%81%ab%e3%81%a4%e3%81%84%e3%81%a6/#post-11665661\";s:7:\"attribs\";a:0:{}s:8:\"xml_base\";s:0:\"\";s:17:\"xml_base_explicit\";b:0;s:8:\"xml_lang\";s:0:\"\";}}s:7:\"pubDate\";a:1:{i:0;a:5:{s:4:\"data\";s:31:\"Fri, 24 Jul 2020 22:48:13 +0000\";s:7:\"attribs\";a:0:{}s:8:\"xml_base\";s:0:\"\";s:17:\"xml_base_explicit\";b:0;s:8:\"xml_lang\";s:0:\"\";}}s:11:\"description\";a:1:{i:0;a:5:{s:4:\"data\";s:824:\"\n						\n						<p>こんにちは。<br />\nWordPressにAMPのプラグインを導入しました。<br />\nGoogle公式のAMP Project Contributorsのものです。</p>\n<p>無事にAMPページが検索エンジンにインデックスされたのですが、<br />\niPhoneのSafariから共有しようとするとAMPページ版のURLをシェアしてしまって困っています。</p>\n<p>他の方のサイトやブログは、AMPページでも元のURLが共有されるので、私の設定が何か間違っているみたいです。</p>\n<p>そもそもの話として、AMPのプラグインはGoogle公式のものを使わない方がいいのでしょうか？</p>\n<p>AMPを導入している方に、アドバイスをいただきたいです。</p>\n<p>よろしくお願いいたします。</p>\n						\n					\";s:7:\"attribs\";a:0:{}s:8:\"xml_base\";s:0:\"\";s:17:\"xml_base_explicit\";b:0;s:8:\"xml_lang\";s:0:\"\";}}}s:32:\"http://purl.org/dc/elements/1.1/\";a:1:{s:7:\"creator\";a:1:{i:0;a:5:{s:4:\"data\";s:13:\"albatross7822\";s:7:\"attribs\";a:0:{}s:8:\"xml_base\";s:0:\"\";s:17:\"xml_base_explicit\";b:0;s:8:\"xml_lang\";s:0:\"\";}}}}}i:5;a:6:{s:4:\"data\";s:55:\"\n					\n					\n					\n					\n					\n\n					\n\n					\n					\n				\";s:7:\"attribs\";a:0:{}s:8:\"xml_base\";s:0:\"\";s:17:\"xml_base_explicit\";b:0;s:8:\"xml_lang\";s:0:\"\";s:5:\"child\";a:2:{s:0:\"\";a:5:{s:4:\"guid\";a:1:{i:0;a:5:{s:4:\"data\";s:252:\"https://ja.wordpress.org/support/topic/%e3%83%a6%e3%83%bc%e3%82%b6%e3%83%bc%e3%81%8c%e6%8a%95%e7%a8%bf%e3%81%97%e3%81%9f%e7%94%bb%e5%83%8f%e3%82%92%e5%85%a8%e3%81%a6%e4%b8%80%e8%a6%a7%e3%81%a7%e8%a1%a8%e7%a4%ba%e3%81%99%e3%82%8b%e3%83%97/#post-11665660\";s:7:\"attribs\";a:0:{}s:8:\"xml_base\";s:0:\"\";s:17:\"xml_base_explicit\";b:0;s:8:\"xml_lang\";s:0:\"\";}}s:5:\"title\";a:1:{i:0;a:5:{s:4:\"data\";s:78:\"ユーザーが投稿した画像を全て一覧で表示するプラグイン\";s:7:\"attribs\";a:0:{}s:8:\"xml_base\";s:0:\"\";s:17:\"xml_base_explicit\";b:0;s:8:\"xml_lang\";s:0:\"\";}}s:4:\"link\";a:1:{i:0;a:5:{s:4:\"data\";s:252:\"https://ja.wordpress.org/support/topic/%e3%83%a6%e3%83%bc%e3%82%b6%e3%83%bc%e3%81%8c%e6%8a%95%e7%a8%bf%e3%81%97%e3%81%9f%e7%94%bb%e5%83%8f%e3%82%92%e5%85%a8%e3%81%a6%e4%b8%80%e8%a6%a7%e3%81%a7%e8%a1%a8%e7%a4%ba%e3%81%99%e3%82%8b%e3%83%97/#post-11665660\";s:7:\"attribs\";a:0:{}s:8:\"xml_base\";s:0:\"\";s:17:\"xml_base_explicit\";b:0;s:8:\"xml_lang\";s:0:\"\";}}s:7:\"pubDate\";a:1:{i:0;a:5:{s:4:\"data\";s:31:\"Fri, 24 Jul 2020 18:48:31 +0000\";s:7:\"attribs\";a:0:{}s:8:\"xml_base\";s:0:\"\";s:17:\"xml_base_explicit\";b:0;s:8:\"xml_lang\";s:0:\"\";}}s:11:\"description\";a:1:{i:0;a:5:{s:4:\"data\";s:856:\"\n						\n						<p>当方、コミュニティサイトを運営していて、登録したユーザーがブログを投稿できるようになっています。</p>\n<p>全ユーザーが投稿した画像を一覧でスクロールで確認できるプラグインを探しているのですが<br />\n中々ぴったりなものがヒットしません。<br />\n近いと思ったのは下記のプラグインなのですが、投稿以外のあらゆる画像を取得してしまうのと、下書きの状態でも取得してしまうので私にとっては不十分となっています。<br />\n<a href=\"https://riverforest-wp.info/ja/infinite-all-imges/\" rel=\"nofollow ugc\">https://riverforest-wp.info/ja/infinite-all-imges/</a></p>\n<p>適切なプラグインをご存知な方がいれば、教えていただきたいです。</p>\n						\n					\";s:7:\"attribs\";a:0:{}s:8:\"xml_base\";s:0:\"\";s:17:\"xml_base_explicit\";b:0;s:8:\"xml_lang\";s:0:\"\";}}}s:32:\"http://purl.org/dc/elements/1.1/\";a:1:{s:7:\"creator\";a:1:{i:0;a:5:{s:4:\"data\";s:7:\"ryu2x08\";s:7:\"attribs\";a:0:{}s:8:\"xml_base\";s:0:\"\";s:17:\"xml_base_explicit\";b:0;s:8:\"xml_lang\";s:0:\"\";}}}}}i:6;a:6:{s:4:\"data\";s:55:\"\n					\n					\n					\n					\n					\n\n					\n\n					\n					\n				\";s:7:\"attribs\";a:0:{}s:8:\"xml_base\";s:0:\"\";s:17:\"xml_base_explicit\";b:0;s:8:\"xml_lang\";s:0:\"\";s:5:\"child\";a:2:{s:0:\"\";a:5:{s:4:\"guid\";a:1:{i:0;a:5:{s:4:\"data\";s:207:\"https://ja.wordpress.org/support/topic/%e8%a8%98%e4%ba%8b%e3%83%9a%e3%83%bc%e3%82%b8%e3%81%ae%e3%83%86%e3%83%bc%e3%83%9e%e3%82%92%e8%a4%87%e6%95%b0%e4%bd%9c%e6%88%90%e3%81%97%e3%81%9f%e3%81%84/#post-11665655\";s:7:\"attribs\";a:0:{}s:8:\"xml_base\";s:0:\"\";s:17:\"xml_base_explicit\";b:0;s:8:\"xml_lang\";s:0:\"\";}}s:5:\"title\";a:1:{i:0;a:5:{s:4:\"data\";s:51:\"記事ページのテーマを複数作成したい\";s:7:\"attribs\";a:0:{}s:8:\"xml_base\";s:0:\"\";s:17:\"xml_base_explicit\";b:0;s:8:\"xml_lang\";s:0:\"\";}}s:4:\"link\";a:1:{i:0;a:5:{s:4:\"data\";s:207:\"https://ja.wordpress.org/support/topic/%e8%a8%98%e4%ba%8b%e3%83%9a%e3%83%bc%e3%82%b8%e3%81%ae%e3%83%86%e3%83%bc%e3%83%9e%e3%82%92%e8%a4%87%e6%95%b0%e4%bd%9c%e6%88%90%e3%81%97%e3%81%9f%e3%81%84/#post-11665655\";s:7:\"attribs\";a:0:{}s:8:\"xml_base\";s:0:\"\";s:17:\"xml_base_explicit\";b:0;s:8:\"xml_lang\";s:0:\"\";}}s:7:\"pubDate\";a:1:{i:0;a:5:{s:4:\"data\";s:31:\"Fri, 24 Jul 2020 14:42:16 +0000\";s:7:\"attribs\";a:0:{}s:8:\"xml_base\";s:0:\"\";s:17:\"xml_base_explicit\";b:0;s:8:\"xml_lang\";s:0:\"\";}}s:11:\"description\";a:1:{i:0;a:5:{s:4:\"data\";s:791:\"\n						\n						<p>プラグインのCPT UIを使用して、下記のような構造を作りました。</p>\n<p>&#8212;</p>\n<p>カスタム投稿タイプ：works</p>\n<p>　カスタムタクソノミー1：news<br />\n　　ターム1：recent works</p>\n<p>　カスタムタクソノミー2：history<br />\n　　ターム1：80s<br />\n　　ターム2：90s</p>\n<p>&#8212;</p>\n<p>この時に、カスタムタクソノミー1：news の記事ページレイアウトと、カスタムタクソノミー2：history の記事ページレイアウトを別のものにしたいのですが、実現出来ずに困っています。</p>\n<p>そもそもそのようなことが可能でしょうか？ </p>\n<p>ご教授のほど、何卒よろしくお願いいたします。</p>\n						\n					\";s:7:\"attribs\";a:0:{}s:8:\"xml_base\";s:0:\"\";s:17:\"xml_base_explicit\";b:0;s:8:\"xml_lang\";s:0:\"\";}}}s:32:\"http://purl.org/dc/elements/1.1/\";a:1:{s:7:\"creator\";a:1:{i:0;a:5:{s:4:\"data\";s:7:\"mshksrt\";s:7:\"attribs\";a:0:{}s:8:\"xml_base\";s:0:\"\";s:17:\"xml_base_explicit\";b:0;s:8:\"xml_lang\";s:0:\"\";}}}}}i:7;a:6:{s:4:\"data\";s:55:\"\n					\n					\n					\n					\n					\n\n					\n\n					\n					\n				\";s:7:\"attribs\";a:0:{}s:8:\"xml_base\";s:0:\"\";s:17:\"xml_base_explicit\";b:0;s:8:\"xml_lang\";s:0:\"\";s:5:\"child\";a:2:{s:0:\"\";a:5:{s:4:\"guid\";a:1:{i:0;a:5:{s:4:\"data\";s:216:\"https://ja.wordpress.org/support/topic/%e8%a4%87%e6%95%b0%e3%81%ae%e3%83%87%e3%82%b6%e3%82%a4%e3%83%b3%e3%81%ae%e9%81%95%e3%81%86%e3%83%9a%e3%83%bc%e3%82%b8%e3%82%92%e4%bd%9c%e3%82%8a%e3%81%9f%e3%81%84/#post-11665654\";s:7:\"attribs\";a:0:{}s:8:\"xml_base\";s:0:\"\";s:17:\"xml_base_explicit\";b:0;s:8:\"xml_lang\";s:0:\"\";}}s:5:\"title\";a:1:{i:0;a:5:{s:4:\"data\";s:65:\"返信先: 複数のデザインの違うページを作りたい\";s:7:\"attribs\";a:0:{}s:8:\"xml_base\";s:0:\"\";s:17:\"xml_base_explicit\";b:0;s:8:\"xml_lang\";s:0:\"\";}}s:4:\"link\";a:1:{i:0;a:5:{s:4:\"data\";s:216:\"https://ja.wordpress.org/support/topic/%e8%a4%87%e6%95%b0%e3%81%ae%e3%83%87%e3%82%b6%e3%82%a4%e3%83%b3%e3%81%ae%e9%81%95%e3%81%86%e3%83%9a%e3%83%bc%e3%82%b8%e3%82%92%e4%bd%9c%e3%82%8a%e3%81%9f%e3%81%84/#post-11665654\";s:7:\"attribs\";a:0:{}s:8:\"xml_base\";s:0:\"\";s:17:\"xml_base_explicit\";b:0;s:8:\"xml_lang\";s:0:\"\";}}s:7:\"pubDate\";a:1:{i:0;a:5:{s:4:\"data\";s:31:\"Fri, 24 Jul 2020 11:45:46 +0000\";s:7:\"attribs\";a:0:{}s:8:\"xml_base\";s:0:\"\";s:17:\"xml_base_explicit\";b:0;s:8:\"xml_lang\";s:0:\"\";}}s:11:\"description\";a:1:{i:0;a:5:{s:4:\"data\";s:1118:\"\n						\n						<p>仕様です。</p>\n<p>仕様ですが、条件によって<code>get_template_part</code>や<code>include</code>を使ってインクルードするファイルをかえることで、テンプレートを切替えて表示内容をコントロールすることが出来ます。</p>\n<p>今回で言えば、加盟店情報のスラッグが<code>sapporo</code>であれば、<br />\n<code>http://example.com/shop/sapporo/</code><br />\nでアクセスされている場合と、リライトルールを追加して<br />\n<code>http://example.com/shop/lp/sapporo/</code><br />\nでアクセスされている場合とでインクルードファイルを変えるなどです。</p>\n<p>これは最初に申し上げた、</p>\n<blockquote><p>同じ投稿について、何らかの条件でテンプレートを切り替えたい</p></blockquote>\n<p>ということにへの対応になります。</p>\n<p>しかし、スラッグ（sapporoにあたる部分）は加盟店情報と店舗では同じではない場合もあるかもと思い、この方法の紹介は避けました。</p>\n						\n					\";s:7:\"attribs\";a:0:{}s:8:\"xml_base\";s:0:\"\";s:17:\"xml_base_explicit\";b:0;s:8:\"xml_lang\";s:0:\"\";}}}s:32:\"http://purl.org/dc/elements/1.1/\";a:1:{s:7:\"creator\";a:1:{i:0;a:5:{s:4:\"data\";s:7:\"munyagu\";s:7:\"attribs\";a:0:{}s:8:\"xml_base\";s:0:\"\";s:17:\"xml_base_explicit\";b:0;s:8:\"xml_lang\";s:0:\"\";}}}}}i:8;a:6:{s:4:\"data\";s:55:\"\n					\n					\n					\n					\n					\n\n					\n\n					\n					\n				\";s:7:\"attribs\";a:0:{}s:8:\"xml_base\";s:0:\"\";s:17:\"xml_base_explicit\";b:0;s:8:\"xml_lang\";s:0:\"\";s:5:\"child\";a:2:{s:0:\"\";a:5:{s:4:\"guid\";a:1:{i:0;a:5:{s:4:\"data\";s:216:\"https://ja.wordpress.org/support/topic/%e8%a4%87%e6%95%b0%e3%81%ae%e3%83%87%e3%82%b6%e3%82%a4%e3%83%b3%e3%81%ae%e9%81%95%e3%81%86%e3%83%9a%e3%83%bc%e3%82%b8%e3%82%92%e4%bd%9c%e3%82%8a%e3%81%9f%e3%81%84/#post-11665653\";s:7:\"attribs\";a:0:{}s:8:\"xml_base\";s:0:\"\";s:17:\"xml_base_explicit\";b:0;s:8:\"xml_lang\";s:0:\"\";}}s:5:\"title\";a:1:{i:0;a:5:{s:4:\"data\";s:65:\"返信先: 複数のデザインの違うページを作りたい\";s:7:\"attribs\";a:0:{}s:8:\"xml_base\";s:0:\"\";s:17:\"xml_base_explicit\";b:0;s:8:\"xml_lang\";s:0:\"\";}}s:4:\"link\";a:1:{i:0;a:5:{s:4:\"data\";s:216:\"https://ja.wordpress.org/support/topic/%e8%a4%87%e6%95%b0%e3%81%ae%e3%83%87%e3%82%b6%e3%82%a4%e3%83%b3%e3%81%ae%e9%81%95%e3%81%86%e3%83%9a%e3%83%bc%e3%82%b8%e3%82%92%e4%bd%9c%e3%82%8a%e3%81%9f%e3%81%84/#post-11665653\";s:7:\"attribs\";a:0:{}s:8:\"xml_base\";s:0:\"\";s:17:\"xml_base_explicit\";b:0;s:8:\"xml_lang\";s:0:\"\";}}s:7:\"pubDate\";a:1:{i:0;a:5:{s:4:\"data\";s:31:\"Fri, 24 Jul 2020 11:06:15 +0000\";s:7:\"attribs\";a:0:{}s:8:\"xml_base\";s:0:\"\";s:17:\"xml_base_explicit\";b:0;s:8:\"xml_lang\";s:0:\"\";}}s:11:\"description\";a:1:{i:0;a:5:{s:4:\"data\";s:486:\"\n						\n						<p>ありがとうございました！<br />\nイメージつかみました。マルチサイトを用意よりもスマートです。<br />\n実際にこの方法で作成していきたいと考えます。</p>\n<p>ところで、一番最初の疑問に戻りますが、<br />\n一つの「カスタム投稿」に対して、対応する「テンプレート（phpファイル）」は一つなのは、<br />\nWP仕様として事実でしょうか？</p>\n						\n					\";s:7:\"attribs\";a:0:{}s:8:\"xml_base\";s:0:\"\";s:17:\"xml_base_explicit\";b:0;s:8:\"xml_lang\";s:0:\"\";}}}s:32:\"http://purl.org/dc/elements/1.1/\";a:1:{s:7:\"creator\";a:1:{i:0;a:5:{s:4:\"data\";s:10:\"suzukitoro\";s:7:\"attribs\";a:0:{}s:8:\"xml_base\";s:0:\"\";s:17:\"xml_base_explicit\";b:0;s:8:\"xml_lang\";s:0:\"\";}}}}}i:9;a:6:{s:4:\"data\";s:55:\"\n					\n					\n					\n					\n					\n\n					\n\n					\n					\n				\";s:7:\"attribs\";a:0:{}s:8:\"xml_base\";s:0:\"\";s:17:\"xml_base_explicit\";b:0;s:8:\"xml_lang\";s:0:\"\";s:5:\"child\";a:2:{s:0:\"\";a:5:{s:4:\"guid\";a:1:{i:0;a:5:{s:4:\"data\";s:216:\"https://ja.wordpress.org/support/topic/%e8%a4%87%e6%95%b0%e3%81%ae%e3%83%87%e3%82%b6%e3%82%a4%e3%83%b3%e3%81%ae%e9%81%95%e3%81%86%e3%83%9a%e3%83%bc%e3%82%b8%e3%82%92%e4%bd%9c%e3%82%8a%e3%81%9f%e3%81%84/#post-11665652\";s:7:\"attribs\";a:0:{}s:8:\"xml_base\";s:0:\"\";s:17:\"xml_base_explicit\";b:0;s:8:\"xml_lang\";s:0:\"\";}}s:5:\"title\";a:1:{i:0;a:5:{s:4:\"data\";s:65:\"返信先: 複数のデザインの違うページを作りたい\";s:7:\"attribs\";a:0:{}s:8:\"xml_base\";s:0:\"\";s:17:\"xml_base_explicit\";b:0;s:8:\"xml_lang\";s:0:\"\";}}s:4:\"link\";a:1:{i:0;a:5:{s:4:\"data\";s:216:\"https://ja.wordpress.org/support/topic/%e8%a4%87%e6%95%b0%e3%81%ae%e3%83%87%e3%82%b6%e3%82%a4%e3%83%b3%e3%81%ae%e9%81%95%e3%81%86%e3%83%9a%e3%83%bc%e3%82%b8%e3%82%92%e4%bd%9c%e3%82%8a%e3%81%9f%e3%81%84/#post-11665652\";s:7:\"attribs\";a:0:{}s:8:\"xml_base\";s:0:\"\";s:17:\"xml_base_explicit\";b:0;s:8:\"xml_lang\";s:0:\"\";}}s:7:\"pubDate\";a:1:{i:0;a:5:{s:4:\"data\";s:31:\"Fri, 24 Jul 2020 10:47:34 +0000\";s:7:\"attribs\";a:0:{}s:8:\"xml_base\";s:0:\"\";s:17:\"xml_base_explicit\";b:0;s:8:\"xml_lang\";s:0:\"\";}}s:11:\"description\";a:1:{i:0;a:5:{s:4:\"data\";s:928:\"\n						\n						<blockquote><p>LPのアドレスを以下のようにする場合は、やはり、固定ページは各店舗ごと用意した方がよろしいでしょうか？</p></blockquote>\n<p><code>http://example.com/shop/lp/sapporo/</code>という URL によるアクセスをどのような方法で実現するかによると思います。</p>\n<p>リライトルールの追加で実現し、且つ<code>sapporo</code>という文字列と加盟店情報を紐づけ可能であれば、固定ページは１つで可能だと思います。<br />\n例えば、加盟店情報が<code>sapporo</code>という値を持つカスタムフィールドを持っているなど。</p>\n<p>タクソノミーで階層を実現するのであれば、<code>sapporo</code>という部分のスラッグで固定ページが決まってしまうので各店舗ごとに用意するしかないと思います。</p>\n						\n					\";s:7:\"attribs\";a:0:{}s:8:\"xml_base\";s:0:\"\";s:17:\"xml_base_explicit\";b:0;s:8:\"xml_lang\";s:0:\"\";}}}s:32:\"http://purl.org/dc/elements/1.1/\";a:1:{s:7:\"creator\";a:1:{i:0;a:5:{s:4:\"data\";s:7:\"munyagu\";s:7:\"attribs\";a:0:{}s:8:\"xml_base\";s:0:\"\";s:17:\"xml_base_explicit\";b:0;s:8:\"xml_lang\";s:0:\"\";}}}}}}}s:27:\"http://www.w3.org/2005/Atom\";a:1:{s:4:\"link\";a:1:{i:0;a:5:{s:4:\"data\";s:0:\"\";s:7:\"attribs\";a:1:{s:0:\"\";a:3:{s:4:\"href\";s:44:\"https://ja.wordpress.org/support/forums/feed\";s:3:\"rel\";s:4:\"self\";s:4:\"type\";s:19:\"application/rss+xml\";}}s:8:\"xml_base\";s:0:\"\";s:17:\"xml_base_explicit\";b:0;s:8:\"xml_lang\";s:0:\"\";}}}}}}}}}}}}s:4:\"type\";i:128;s:7:\"headers\";O:42:\"Requests_Utility_CaseInsensitiveDictionary\":1:{s:7:\"\0*\0data\";a:7:{s:6:\"server\";s:5:\"nginx\";s:4:\"date\";s:29:\"Sat, 25 Jul 2020 14:42:57 GMT\";s:12:\"content-type\";s:34:\"application/rss+xml; charset=UTF-8\";s:6:\"x-olaf\";s:3:\"⛄\";s:12:\"x-robots-tag\";s:15:\"noindex, follow\";s:15:\"x-frame-options\";s:10:\"SAMEORIGIN\";s:4:\"x-nc\";s:9:\"HIT ord 1\";}}s:5:\"build\";s:14:\"20130911040210\";}', 'no'),
(233, '_transient_timeout_feed_mod_6f409681938158427d2ded6eb1b9ea27', '1595731377', 'no'),
(234, '_transient_feed_mod_6f409681938158427d2ded6eb1b9ea27', '1595688177', 'no'),
(235, '_transient_timeout_dash_v2_45827e8e892dd0b85803a110fad8690f', '1595731377', 'no'),
(236, '_transient_dash_v2_45827e8e892dd0b85803a110fad8690f', '<div class=\"rss-widget\"><ul><li><a class=\'rsswidget\' href=\'https://ja.wordpress.org/2020/07/23/wordpress-5-5-beta-3/\'>WordPress 5.5ベータ3</a></li></ul></div><div class=\"rss-widget\"><ul><li><a class=\'rsswidget\' href=\'https://ja.wordpress.org/support/topic/%E8%A4%87%E6%95%B0%E3%81%AE%E3%83%87%E3%82%B6%E3%82%A4%E3%83%B3%E3%81%AE%E9%81%95%E3%81%86%E3%83%9A%E3%83%BC%E3%82%B8%E3%82%92%E4%BD%9C%E3%82%8A%E3%81%9F%E3%81%84/#post-11665665\'>返信先: 複数のデザインの違うページを作りたい</a></li><li><a class=\'rsswidget\' href=\'https://ja.wordpress.org/support/topic/wp_version_check%EF%BC%88%EF%BC%89%E3%82%92%E7%84%A1%E5%8A%B9%E5%8C%96%E3%81%97%E3%81%A6%E3%82%A2%E3%83%83%E3%83%97%E3%83%87%E3%83%BC%E3%83%88%E3%82%92%E9%98%B2%E3%81%8E%E3%81%BE%E3%81%97%E3%81%9F/#post-11665664\'>返信先: wp_version_check（）を無効化してアップデートを防ぎました。</a></li><li><a class=\'rsswidget\' href=\'https://ja.wordpress.org/support/topic/wallstreet%E4%BB%A5%E5%89%8D%E3%81%AF%E3%81%82%E3%81%A3%E3%81%9F%E3%82%B9%E3%82%AD%E3%83%B3%E3%81%AE%E5%A4%89%E6%9B%B4light-dark/#post-11665663\'>返信先: Wallstreet以前はあったスキンの変更(light dark)</a></li></ul></div>', 'no'),
(241, '_site_transient_timeout_theme_roots', '1595742091', 'no'),
(242, '_site_transient_theme_roots', 'a:5:{s:19:\"cocoon-child-master\";s:7:\"/themes\";s:13:\"cocoon-master\";s:7:\"/themes\";s:14:\"twentynineteen\";s:7:\"/themes\";s:15:\"twentyseventeen\";s:7:\"/themes\";s:12:\"twentytwenty\";s:7:\"/themes\";}', 'no');

-- --------------------------------------------------------

--
-- テーブルの構造 `wpc4b30apostmeta`
--

CREATE TABLE `wpc4b30apostmeta` (
  `meta_id` bigint(20) UNSIGNED NOT NULL,
  `post_id` bigint(20) UNSIGNED NOT NULL DEFAULT '0',
  `meta_key` varchar(255) COLLATE utf8mb4_unicode_520_ci DEFAULT NULL,
  `meta_value` longtext COLLATE utf8mb4_unicode_520_ci
) ENGINE=InnoDB DEFAULT CHARSET=utf8mb4 COLLATE=utf8mb4_unicode_520_ci;

--
-- テーブルのデータのダンプ `wpc4b30apostmeta`
--

INSERT INTO `wpc4b30apostmeta` (`meta_id`, `post_id`, `meta_key`, `meta_value`) VALUES
(1, 2, '_wp_page_template', 'default'),
(2, 3, '_wp_page_template', 'default'),
(7, 7, '_edit_lock', '1595666898:1'),
(8, 8, '_edit_lock', '1595742890:1');

-- --------------------------------------------------------

--
-- テーブルの構造 `wpc4b30aposts`
--

CREATE TABLE `wpc4b30aposts` (
  `ID` bigint(20) UNSIGNED NOT NULL,
  `post_author` bigint(20) UNSIGNED NOT NULL DEFAULT '0',
  `post_date` datetime NOT NULL DEFAULT '0000-00-00 00:00:00',
  `post_date_gmt` datetime NOT NULL DEFAULT '0000-00-00 00:00:00',
  `post_content` longtext COLLATE utf8mb4_unicode_520_ci NOT NULL,
  `post_title` text COLLATE utf8mb4_unicode_520_ci NOT NULL,
  `post_excerpt` text COLLATE utf8mb4_unicode_520_ci NOT NULL,
  `post_status` varchar(20) COLLATE utf8mb4_unicode_520_ci NOT NULL DEFAULT 'publish',
  `comment_status` varchar(20) COLLATE utf8mb4_unicode_520_ci NOT NULL DEFAULT 'open',
  `ping_status` varchar(20) COLLATE utf8mb4_unicode_520_ci NOT NULL DEFAULT 'open',
  `post_password` varchar(255) COLLATE utf8mb4_unicode_520_ci NOT NULL DEFAULT '',
  `post_name` varchar(200) COLLATE utf8mb4_unicode_520_ci NOT NULL DEFAULT '',
  `to_ping` text COLLATE utf8mb4_unicode_520_ci NOT NULL,
  `pinged` text COLLATE utf8mb4_unicode_520_ci NOT NULL,
  `post_modified` datetime NOT NULL DEFAULT '0000-00-00 00:00:00',
  `post_modified_gmt` datetime NOT NULL DEFAULT '0000-00-00 00:00:00',
  `post_content_filtered` longtext COLLATE utf8mb4_unicode_520_ci NOT NULL,
  `post_parent` bigint(20) UNSIGNED NOT NULL DEFAULT '0',
  `guid` varchar(255) COLLATE utf8mb4_unicode_520_ci NOT NULL DEFAULT '',
  `menu_order` int(11) NOT NULL DEFAULT '0',
  `post_type` varchar(20) COLLATE utf8mb4_unicode_520_ci NOT NULL DEFAULT 'post',
  `post_mime_type` varchar(100) COLLATE utf8mb4_unicode_520_ci NOT NULL DEFAULT '',
  `comment_count` bigint(20) NOT NULL DEFAULT '0'
) ENGINE=InnoDB DEFAULT CHARSET=utf8mb4 COLLATE=utf8mb4_unicode_520_ci;

--
-- テーブルのデータのダンプ `wpc4b30aposts`
--

INSERT INTO `wpc4b30aposts` (`ID`, `post_author`, `post_date`, `post_date_gmt`, `post_content`, `post_title`, `post_excerpt`, `post_status`, `comment_status`, `ping_status`, `post_password`, `post_name`, `to_ping`, `pinged`, `post_modified`, `post_modified_gmt`, `post_content_filtered`, `post_parent`, `guid`, `menu_order`, `post_type`, `post_mime_type`, `comment_count`) VALUES
(1, 1, '2020-07-23 22:18:55', '2020-07-23 13:18:55', '<!-- wp:paragraph -->\n<p>WordPress へようこそ。こちらは最初の投稿です。編集または削除し、コンテンツ作成を始めてください。</p>\n<!-- /wp:paragraph -->', 'Hello world!', '', 'publish', 'open', 'open', '', 'hello-world', '', '', '2020-07-23 22:18:55', '2020-07-23 13:18:55', '', 0, 'http://baseball.sumomo.ne.jp/?p=1', 0, 'post', '', 1),
(2, 1, '2020-07-23 22:18:55', '2020-07-23 13:18:55', '<!-- wp:paragraph -->\n<p>これはサンプルページです。同じ位置に固定され、(多くのテーマでは) サイトナビゲーションメニューに含まれる点がブログ投稿とは異なります。まずは、サイト訪問者に対して自分のことを説明する自己紹介ページを作成するのが一般的です。たとえば以下のようなものです。</p>\n<!-- /wp:paragraph -->\n\n<!-- wp:quote -->\n<blockquote class=\"wp-block-quote\"><p>はじめまして。昼間はバイク便のメッセンジャーとして働いていますが、俳優志望でもあります。これは僕のサイトです。ロサンゼルスに住み、ジャックという名前のかわいい犬を飼っています。好きなものはピニャコラーダ、そして通り雨に濡れること。</p></blockquote>\n<!-- /wp:quote -->\n\n<!-- wp:paragraph -->\n<p>または、このようなものです。</p>\n<!-- /wp:paragraph -->\n\n<!-- wp:quote -->\n<blockquote class=\"wp-block-quote\"><p>XYZ 小道具株式会社は1971年の創立以来、高品質の小道具を皆様にご提供させていただいています。ゴッサム・シティに所在する当社では2,000名以上の社員が働いており、様々な形で地域のコミュニティへ貢献しています。</p></blockquote>\n<!-- /wp:quote -->\n\n<!-- wp:paragraph -->\n<p>新しく WordPress ユーザーになった方は、<a href=\"http://baseball.sumomo.ne.jp/wp-admin/\">ダッシュボード</a>へ行ってこのページを削除し、独自のコンテンツを含む新しいページを作成してください。それでは、お楽しみください !</p>\n<!-- /wp:paragraph -->', 'サンプルページ', '', 'publish', 'closed', 'open', '', 'sample-page', '', '', '2020-07-23 22:18:55', '2020-07-23 13:18:55', '', 0, 'http://baseball.sumomo.ne.jp/?page_id=2', 0, 'page', '', 0),
(3, 1, '2020-07-23 22:18:55', '2020-07-23 13:18:55', '<!-- wp:heading --><h2>私たちについて</h2><!-- /wp:heading --><!-- wp:paragraph --><p>私たちのサイトアドレスは http://baseball.sumomo.ne.jp です。</p><!-- /wp:paragraph --><!-- wp:heading --><h2>このサイトが収集する個人データと収集の理由</h2><!-- /wp:heading --><!-- wp:heading {\"level\":3} --><h3>コメント</h3><!-- /wp:heading --><!-- wp:paragraph --><p>訪問者がこのサイトにコメントを残す際、コメントフォームに表示されているデータ、そしてスパム検出に役立てるための IP アドレスとブラウザーユーザーエージェント文字列を収集します。</p><!-- /wp:paragraph --><!-- wp:paragraph --><p>メールアドレスから作成される匿名化された (「ハッシュ」とも呼ばれる) 文字列は、あなたが Gravatar サービスを使用中かどうか確認するため同サービスに提供されることがあります。同サービスのプライバシーポリシーは https://automattic.com/privacy/ にあります。コメントが承認されると、プロフィール画像がコメントとともに一般公開されます。</p><!-- /wp:paragraph --><!-- wp:heading {\"level\":3} --><h3>メディア</h3><!-- /wp:heading --><!-- wp:paragraph --><p>サイトに画像をアップロードする際、位置情報 (EXIF GPS) を含む画像をアップロードするべきではありません。サイトの訪問者は、サイトから画像をダウンロードして位置データを抽出することができます。</p><!-- /wp:paragraph --><!-- wp:heading {\"level\":3} --><h3>お問い合わせフォーム</h3><!-- /wp:heading --><!-- wp:heading {\"level\":3} --><h3>Cookie</h3><!-- /wp:heading --><!-- wp:paragraph --><p>サイトにコメントを残す際、お名前、メールアドレス、サイトを Cookie に保存することにオプトインできます。これはあなたの便宜のためであり、他のコメントを残す際に詳細情報を再入力する手間を省きます。この Cookie は1年間保持されます。</p><!-- /wp:paragraph --><!-- wp:paragraph --><p>ログインページを訪問すると、お使いのブラウザーが Cookie を受け入れられるかを判断するために一時 Cookie を設定します。この Cookie は個人データを含んでおらず、ブラウザーを閉じると廃棄されます。</p><!-- /wp:paragraph --><!-- wp:paragraph --><p>ログインの際さらに、ログイン情報と画面表示情報を保持するため、私たちはいくつかの Cookie を設定します。ログイン Cookie は2日間、画面表示オプション Cookie は1年間保持されます。「ログイン状態を保存する」を選択した場合、ログイン情報は2週間維持されます。ログアウトするとログイン Cookie は消去されます。</p><!-- /wp:paragraph --><!-- wp:paragraph --><p>もし投稿を編集または公開すると、さらなる Cookie がブラウザーに保存されます。この Cookie は個人データを含まず、単に変更した投稿の ID を示すものです。1日で有効期限が切れます。</p><!-- /wp:paragraph --><!-- wp:heading {\"level\":3} --><h3>他サイトからの埋め込みコンテンツ</h3><!-- /wp:heading --><!-- wp:paragraph --><p>このサイトの投稿には埋め込みコンテンツ (動画、画像、投稿など) が含まれます。他サイトからの埋め込みコンテンツは、訪問者がそのサイトを訪れた場合とまったく同じように振る舞います。</p><!-- /wp:paragraph --><!-- wp:paragraph --><p>これらのサイトは、あなたのデータの収集、Cookie の使用、サードパーティによる追加トラッキングの埋め込み、埋め込みコンテンツとのやりとりの監視を行うことがあります。アカウントを使ってそのサイトにログイン中の場合、埋め込みコンテンツとのやりとりのトラッキングも含まれます。</p><!-- /wp:paragraph --><!-- wp:heading {\"level\":3} --><h3>アナリティクス</h3><!-- /wp:heading --><!-- wp:heading --><h2>あなたのデータの共有先</h2><!-- /wp:heading --><!-- wp:heading --><h2>データを保存する期間</h2><!-- /wp:heading --><!-- wp:paragraph --><p>あなたがコメントを残すと、コメントとそのメタデータが無期限に保持されます。これは、モデレーションキューにコメントを保持しておく代わりに、フォローアップのコメントを自動的に認識し承認できるようにするためです。</p><!-- /wp:paragraph --><!-- wp:paragraph --><p>このサイトに登録したユーザーがいる場合、その方がユーザープロフィールページで提供した個人情報を保存します。すべてのユーザーは自分の個人情報を表示、編集、削除することができます (ただしユーザー名は変更することができません)。サイト管理者もそれらの情報を表示、編集できます。</p><!-- /wp:paragraph --><!-- wp:heading --><h2>データに対するあなたの権利</h2><!-- /wp:heading --><!-- wp:paragraph --><p>このサイトのアカウントを持っているか、サイトにコメントを残したことがある場合、私たちが保持するあなたについての個人データ (提供したすべてのデータを含む) をエクスポートファイルとして受け取るリクエストを行うことができます。また、個人データの消去リクエストを行うこともできます。これには、管理、法律、セキュリティ目的のために保持する義務があるデータは含まれません。</p><!-- /wp:paragraph --><!-- wp:heading --><h2>あなたのデータの送信先</h2><!-- /wp:heading --><!-- wp:paragraph --><p>訪問者によるコメントは、自動スパム検出サービスを通じて確認を行う場合があります。</p><!-- /wp:paragraph --><!-- wp:heading --><h2>あなたの連絡先情報</h2><!-- /wp:heading --><!-- wp:heading --><h2>追加情報</h2><!-- /wp:heading --><!-- wp:heading {\"level\":3} --><h3>データの保護方法</h3><!-- /wp:heading --><!-- wp:heading {\"level\":3} --><h3>データ漏洩対策手順</h3><!-- /wp:heading --><!-- wp:heading {\"level\":3} --><h3>データ送信元のサードパーティ</h3><!-- /wp:heading --><!-- wp:heading {\"level\":3} --><h3>ユーザーデータに対して行う自動的な意思決定およびプロファイリング</h3><!-- /wp:heading --><!-- wp:heading {\"level\":3} --><h3>業界規制の開示要件</h3><!-- /wp:heading -->', 'プライバシーポリシー', '', 'draft', 'closed', 'open', '', 'privacy-policy', '', '', '2020-07-23 22:18:55', '2020-07-23 13:18:55', '', 0, 'http://baseball.sumomo.ne.jp/?page_id=3', 0, 'page', '', 0),
(4, 1, '2020-07-23 22:19:24', '0000-00-00 00:00:00', '', '自動下書き', '', 'auto-draft', 'open', 'open', '', '', '', '', '2020-07-23 22:19:24', '0000-00-00 00:00:00', '', 0, 'http://baseball.sumomo.ne.jp/?p=4', 0, 'post', '', 0),
(7, 1, '2020-07-24 00:49:34', '0000-00-00 00:00:00', '', 'ファイルアップロード', '', 'draft', 'closed', 'closed', '', '', '', '', '2020-07-24 00:49:34', '2020-07-23 15:49:34', '', 0, 'https://baseball.sumomo.ne.jp/?page_id=7', 0, 'page', '', 0),
(8, 1, '2020-07-26 00:16:47', '0000-00-00 00:00:00', '', '問い合わせフォー', '', 'draft', 'open', 'open', '', '', '', '', '2020-07-26 00:16:47', '2020-07-25 15:16:47', '', 0, 'https://baseball.sumomo.ne.jp/?p=8', 0, 'post', '', 0);

-- --------------------------------------------------------

--
-- テーブルの構造 `wpc4b30atermmeta`
--

CREATE TABLE `wpc4b30atermmeta` (
  `meta_id` bigint(20) UNSIGNED NOT NULL,
  `term_id` bigint(20) UNSIGNED NOT NULL DEFAULT '0',
  `meta_key` varchar(255) COLLATE utf8mb4_unicode_520_ci DEFAULT NULL,
  `meta_value` longtext COLLATE utf8mb4_unicode_520_ci
) ENGINE=InnoDB DEFAULT CHARSET=utf8mb4 COLLATE=utf8mb4_unicode_520_ci;

-- --------------------------------------------------------

--
-- テーブルの構造 `wpc4b30aterms`
--

CREATE TABLE `wpc4b30aterms` (
  `term_id` bigint(20) UNSIGNED NOT NULL,
  `name` varchar(200) COLLATE utf8mb4_unicode_520_ci NOT NULL DEFAULT '',
  `slug` varchar(200) COLLATE utf8mb4_unicode_520_ci NOT NULL DEFAULT '',
  `term_group` bigint(10) NOT NULL DEFAULT '0'
) ENGINE=InnoDB DEFAULT CHARSET=utf8mb4 COLLATE=utf8mb4_unicode_520_ci;

--
-- テーブルのデータのダンプ `wpc4b30aterms`
--

INSERT INTO `wpc4b30aterms` (`term_id`, `name`, `slug`, `term_group`) VALUES
(1, '未分類', '%e6%9c%aa%e5%88%86%e9%a1%9e', 0);

-- --------------------------------------------------------

--
-- テーブルの構造 `wpc4b30aterm_relationships`
--

CREATE TABLE `wpc4b30aterm_relationships` (
  `object_id` bigint(20) UNSIGNED NOT NULL DEFAULT '0',
  `term_taxonomy_id` bigint(20) UNSIGNED NOT NULL DEFAULT '0',
  `term_order` int(11) NOT NULL DEFAULT '0'
) ENGINE=InnoDB DEFAULT CHARSET=utf8mb4 COLLATE=utf8mb4_unicode_520_ci;

--
-- テーブルのデータのダンプ `wpc4b30aterm_relationships`
--

INSERT INTO `wpc4b30aterm_relationships` (`object_id`, `term_taxonomy_id`, `term_order`) VALUES
(1, 1, 0),
(8, 1, 0);

-- --------------------------------------------------------

--
-- テーブルの構造 `wpc4b30aterm_taxonomy`
--

CREATE TABLE `wpc4b30aterm_taxonomy` (
  `term_taxonomy_id` bigint(20) UNSIGNED NOT NULL,
  `term_id` bigint(20) UNSIGNED NOT NULL DEFAULT '0',
  `taxonomy` varchar(32) COLLATE utf8mb4_unicode_520_ci NOT NULL DEFAULT '',
  `description` longtext COLLATE utf8mb4_unicode_520_ci NOT NULL,
  `parent` bigint(20) UNSIGNED NOT NULL DEFAULT '0',
  `count` bigint(20) NOT NULL DEFAULT '0'
) ENGINE=InnoDB DEFAULT CHARSET=utf8mb4 COLLATE=utf8mb4_unicode_520_ci;

--
-- テーブルのデータのダンプ `wpc4b30aterm_taxonomy`
--

INSERT INTO `wpc4b30aterm_taxonomy` (`term_taxonomy_id`, `term_id`, `taxonomy`, `description`, `parent`, `count`) VALUES
(1, 1, 'category', '', 0, 1);

-- --------------------------------------------------------

--
-- テーブルの構造 `wpc4b30ausermeta`
--

CREATE TABLE `wpc4b30ausermeta` (
  `umeta_id` bigint(20) UNSIGNED NOT NULL,
  `user_id` bigint(20) UNSIGNED NOT NULL DEFAULT '0',
  `meta_key` varchar(255) COLLATE utf8mb4_unicode_520_ci DEFAULT NULL,
  `meta_value` longtext COLLATE utf8mb4_unicode_520_ci
) ENGINE=InnoDB DEFAULT CHARSET=utf8mb4 COLLATE=utf8mb4_unicode_520_ci;

--
-- テーブルのデータのダンプ `wpc4b30ausermeta`
--

INSERT INTO `wpc4b30ausermeta` (`umeta_id`, `user_id`, `meta_key`, `meta_value`) VALUES
(1, 1, 'nickname', 'wp02'),
(2, 1, 'first_name', ''),
(3, 1, 'last_name', ''),
(4, 1, 'description', ''),
(5, 1, 'rich_editing', 'true'),
(6, 1, 'syntax_highlighting', 'true'),
(7, 1, 'comment_shortcuts', 'false'),
(8, 1, 'admin_color', 'fresh'),
(9, 1, 'use_ssl', '0'),
(10, 1, 'show_admin_bar_front', 'true'),
(11, 1, 'locale', ''),
(12, 1, 'wpc4b30acapabilities', 'a:1:{s:13:\"administrator\";b:1;}'),
(13, 1, 'wpc4b30auser_level', '10'),
(14, 1, 'dismissed_wp_pointers', ''),
(15, 1, 'show_welcome_panel', '1'),
(17, 1, 'wpc4b30adashboard_quick_press_last_post_id', '4'),
(18, 1, 'community-events-location', 'a:1:{s:2:\"ip\";s:12:\"114.186.76.0\";}'),
(19, 1, 'session_tokens', 'a:2:{s:64:\"d0a27bc5d874b32aeb09d512fd8bab33ceb05026d8ecb0f756c806f05253e494\";a:4:{s:10:\"expiration\";i:1595688563;s:2:\"ip\";s:14:\"114.186.76.123\";s:2:\"ua\";s:114:\"Mozilla/5.0 (Windows NT 10.0; Win64; x64) AppleWebKit/537.36 (KHTML, like Gecko) Chrome/84.0.4147.89 Safari/537.36\";s:5:\"login\";i:1595515763;}s:64:\"611ed8eb565b2b3a66f046dffe4a05b8eec32899dd18a137c301ffaed68e870e\";a:4:{s:10:\"expiration\";i:1595860971;s:2:\"ip\";s:14:\"114.186.76.123\";s:2:\"ua\";s:114:\"Mozilla/5.0 (Windows NT 10.0; Win64; x64) AppleWebKit/537.36 (KHTML, like Gecko) Chrome/84.0.4147.89 Safari/537.36\";s:5:\"login\";i:1595688171;}}');

-- --------------------------------------------------------

--
-- テーブルの構造 `wpc4b30ausers`
--

CREATE TABLE `wpc4b30ausers` (
  `ID` bigint(20) UNSIGNED NOT NULL,
  `user_login` varchar(60) COLLATE utf8mb4_unicode_520_ci NOT NULL DEFAULT '',
  `user_pass` varchar(255) COLLATE utf8mb4_unicode_520_ci NOT NULL DEFAULT '',
  `user_nicename` varchar(50) COLLATE utf8mb4_unicode_520_ci NOT NULL DEFAULT '',
  `user_email` varchar(100) COLLATE utf8mb4_unicode_520_ci NOT NULL DEFAULT '',
  `user_url` varchar(100) COLLATE utf8mb4_unicode_520_ci NOT NULL DEFAULT '',
  `user_registered` datetime NOT NULL DEFAULT '0000-00-00 00:00:00',
  `user_activation_key` varchar(255) COLLATE utf8mb4_unicode_520_ci NOT NULL DEFAULT '',
  `user_status` int(11) NOT NULL DEFAULT '0',
  `display_name` varchar(250) COLLATE utf8mb4_unicode_520_ci NOT NULL DEFAULT ''
) ENGINE=InnoDB DEFAULT CHARSET=utf8mb4 COLLATE=utf8mb4_unicode_520_ci;

--
-- テーブルのデータのダンプ `wpc4b30ausers`
--

INSERT INTO `wpc4b30ausers` (`ID`, `user_login`, `user_pass`, `user_nicename`, `user_email`, `user_url`, `user_registered`, `user_activation_key`, `user_status`, `display_name`) VALUES
(1, 'wp02', '$P$BzuvXxGdzOiiHttkKy7byE8D6Toe1y.', 'wp02', 'nanako@frash-aroma.sakura.ne.jp', 'http://baseball.sumomo.ne.jp', '2020-07-23 13:18:55', '', 0, 'wp02');

--
-- ダンプしたテーブルのインデックス
--

--
-- テーブルのインデックス `ballcf7_vdata`
--
ALTER TABLE `ballcf7_vdata`
  ADD UNIQUE KEY `id` (`id`);

--
-- テーブルのインデックス `ballcf7_vdata_entry`
--
ALTER TABLE `ballcf7_vdata_entry`
  ADD UNIQUE KEY `id` (`id`);

--
-- テーブルのインデックス `ballcommentmeta`
--
ALTER TABLE `ballcommentmeta`
  ADD PRIMARY KEY (`meta_id`),
  ADD KEY `comment_id` (`comment_id`),
  ADD KEY `meta_key` (`meta_key`(191));

--
-- テーブルのインデックス `ballcomments`
--
ALTER TABLE `ballcomments`
  ADD PRIMARY KEY (`comment_ID`),
  ADD KEY `comment_post_ID` (`comment_post_ID`),
  ADD KEY `comment_approved_date_gmt` (`comment_approved`,`comment_date_gmt`),
  ADD KEY `comment_date_gmt` (`comment_date_gmt`),
  ADD KEY `comment_parent` (`comment_parent`),
  ADD KEY `comment_author_email` (`comment_author_email`(10));

--
-- テーブルのインデックス `balllinks`
--
ALTER TABLE `balllinks`
  ADD PRIMARY KEY (`link_id`),
  ADD KEY `link_visible` (`link_visible`);

--
-- テーブルのインデックス `balloptions`
--
ALTER TABLE `balloptions`
  ADD PRIMARY KEY (`option_id`),
  ADD UNIQUE KEY `option_name` (`option_name`),
  ADD KEY `autoload` (`autoload`);

--
-- テーブルのインデックス `ballpostmeta`
--
ALTER TABLE `ballpostmeta`
  ADD PRIMARY KEY (`meta_id`),
  ADD KEY `post_id` (`post_id`),
  ADD KEY `meta_key` (`meta_key`(191));

--
-- テーブルのインデックス `ballposts`
--
ALTER TABLE `ballposts`
  ADD PRIMARY KEY (`ID`),
  ADD KEY `post_name` (`post_name`(191)),
  ADD KEY `type_status_date` (`post_type`,`post_status`,`post_date`,`ID`),
  ADD KEY `post_parent` (`post_parent`),
  ADD KEY `post_author` (`post_author`);

--
-- テーブルのインデックス `balltermmeta`
--
ALTER TABLE `balltermmeta`
  ADD PRIMARY KEY (`meta_id`),
  ADD KEY `term_id` (`term_id`),
  ADD KEY `meta_key` (`meta_key`(191));

--
-- テーブルのインデックス `ballterms`
--
ALTER TABLE `ballterms`
  ADD PRIMARY KEY (`term_id`),
  ADD KEY `slug` (`slug`(191)),
  ADD KEY `name` (`name`(191));

--
-- テーブルのインデックス `ballterm_relationships`
--
ALTER TABLE `ballterm_relationships`
  ADD PRIMARY KEY (`object_id`,`term_taxonomy_id`),
  ADD KEY `term_taxonomy_id` (`term_taxonomy_id`);

--
-- テーブルのインデックス `ballterm_taxonomy`
--
ALTER TABLE `ballterm_taxonomy`
  ADD PRIMARY KEY (`term_taxonomy_id`),
  ADD UNIQUE KEY `term_id_taxonomy` (`term_id`,`taxonomy`),
  ADD KEY `taxonomy` (`taxonomy`);

--
-- テーブルのインデックス `ballusermeta`
--
ALTER TABLE `ballusermeta`
  ADD PRIMARY KEY (`umeta_id`),
  ADD KEY `user_id` (`user_id`),
  ADD KEY `meta_key` (`meta_key`(191));

--
-- テーブルのインデックス `ballusers`
--
ALTER TABLE `ballusers`
  ADD PRIMARY KEY (`ID`),
  ADD KEY `user_login_key` (`user_login`),
  ADD KEY `user_nicename` (`user_nicename`),
  ADD KEY `user_email` (`user_email`);

--
-- テーブルのインデックス `wpc4b30acocoon_accesses`
--
ALTER TABLE `wpc4b30acocoon_accesses`
  ADD PRIMARY KEY (`id`),
  ADD KEY `index_pid_ptype_date` (`post_id`,`post_type`,`date`);

--
-- テーブルのインデックス `wpc4b30acocoon_affiliate_tags`
--
ALTER TABLE `wpc4b30acocoon_affiliate_tags`
  ADD PRIMARY KEY (`id`);

--
-- テーブルのインデックス `wpc4b30acocoon_function_texts`
--
ALTER TABLE `wpc4b30acocoon_function_texts`
  ADD PRIMARY KEY (`id`);

--
-- テーブルのインデックス `wpc4b30acocoon_item_rankings`
--
ALTER TABLE `wpc4b30acocoon_item_rankings`
  ADD PRIMARY KEY (`id`);

--
-- テーブルのインデックス `wpc4b30acocoon_speech_balloons`
--
ALTER TABLE `wpc4b30acocoon_speech_balloons`
  ADD PRIMARY KEY (`id`);

--
-- テーブルのインデックス `wpc4b30acommentmeta`
--
ALTER TABLE `wpc4b30acommentmeta`
  ADD PRIMARY KEY (`meta_id`),
  ADD KEY `comment_id` (`comment_id`),
  ADD KEY `meta_key` (`meta_key`(191));

--
-- テーブルのインデックス `wpc4b30acomments`
--
ALTER TABLE `wpc4b30acomments`
  ADD PRIMARY KEY (`comment_ID`),
  ADD KEY `comment_post_ID` (`comment_post_ID`),
  ADD KEY `comment_approved_date_gmt` (`comment_approved`,`comment_date_gmt`),
  ADD KEY `comment_date_gmt` (`comment_date_gmt`),
  ADD KEY `comment_parent` (`comment_parent`),
  ADD KEY `comment_author_email` (`comment_author_email`(10));

--
-- テーブルのインデックス `wpc4b30alinks`
--
ALTER TABLE `wpc4b30alinks`
  ADD PRIMARY KEY (`link_id`),
  ADD KEY `link_visible` (`link_visible`);

--
-- テーブルのインデックス `wpc4b30aoptions`
--
ALTER TABLE `wpc4b30aoptions`
  ADD PRIMARY KEY (`option_id`),
  ADD UNIQUE KEY `option_name` (`option_name`),
  ADD KEY `autoload` (`autoload`);

--
-- テーブルのインデックス `wpc4b30apostmeta`
--
ALTER TABLE `wpc4b30apostmeta`
  ADD PRIMARY KEY (`meta_id`),
  ADD KEY `post_id` (`post_id`),
  ADD KEY `meta_key` (`meta_key`(191));

--
-- テーブルのインデックス `wpc4b30aposts`
--
ALTER TABLE `wpc4b30aposts`
  ADD PRIMARY KEY (`ID`),
  ADD KEY `post_name` (`post_name`(191)),
  ADD KEY `type_status_date` (`post_type`,`post_status`,`post_date`,`ID`),
  ADD KEY `post_parent` (`post_parent`),
  ADD KEY `post_author` (`post_author`);

--
-- テーブルのインデックス `wpc4b30atermmeta`
--
ALTER TABLE `wpc4b30atermmeta`
  ADD PRIMARY KEY (`meta_id`),
  ADD KEY `term_id` (`term_id`),
  ADD KEY `meta_key` (`meta_key`(191));

--
-- テーブルのインデックス `wpc4b30aterms`
--
ALTER TABLE `wpc4b30aterms`
  ADD PRIMARY KEY (`term_id`),
  ADD KEY `slug` (`slug`(191)),
  ADD KEY `name` (`name`(191));

--
-- テーブルのインデックス `wpc4b30aterm_relationships`
--
ALTER TABLE `wpc4b30aterm_relationships`
  ADD PRIMARY KEY (`object_id`,`term_taxonomy_id`),
  ADD KEY `term_taxonomy_id` (`term_taxonomy_id`);

--
-- テーブルのインデックス `wpc4b30aterm_taxonomy`
--
ALTER TABLE `wpc4b30aterm_taxonomy`
  ADD PRIMARY KEY (`term_taxonomy_id`),
  ADD UNIQUE KEY `term_id_taxonomy` (`term_id`,`taxonomy`),
  ADD KEY `taxonomy` (`taxonomy`);

--
-- テーブルのインデックス `wpc4b30ausermeta`
--
ALTER TABLE `wpc4b30ausermeta`
  ADD PRIMARY KEY (`umeta_id`),
  ADD KEY `user_id` (`user_id`),
  ADD KEY `meta_key` (`meta_key`(191));

--
-- テーブルのインデックス `wpc4b30ausers`
--
ALTER TABLE `wpc4b30ausers`
  ADD PRIMARY KEY (`ID`),
  ADD KEY `user_login_key` (`user_login`),
  ADD KEY `user_nicename` (`user_nicename`),
  ADD KEY `user_email` (`user_email`);

--
-- ダンプしたテーブルのAUTO_INCREMENT
--

--
-- テーブルのAUTO_INCREMENT `ballcf7_vdata`
--
ALTER TABLE `ballcf7_vdata`
  MODIFY `id` int(11) NOT NULL AUTO_INCREMENT, AUTO_INCREMENT=3;

--
-- テーブルのAUTO_INCREMENT `ballcf7_vdata_entry`
--
ALTER TABLE `ballcf7_vdata_entry`
  MODIFY `id` int(11) NOT NULL AUTO_INCREMENT, AUTO_INCREMENT=35;

--
-- テーブルのAUTO_INCREMENT `ballcommentmeta`
--
ALTER TABLE `ballcommentmeta`
  MODIFY `meta_id` bigint(20) UNSIGNED NOT NULL AUTO_INCREMENT;

--
-- テーブルのAUTO_INCREMENT `ballcomments`
--
ALTER TABLE `ballcomments`
  MODIFY `comment_ID` bigint(20) UNSIGNED NOT NULL AUTO_INCREMENT, AUTO_INCREMENT=2;

--
-- テーブルのAUTO_INCREMENT `balllinks`
--
ALTER TABLE `balllinks`
  MODIFY `link_id` bigint(20) UNSIGNED NOT NULL AUTO_INCREMENT;

--
-- テーブルのAUTO_INCREMENT `balloptions`
--
ALTER TABLE `balloptions`
  MODIFY `option_id` bigint(20) UNSIGNED NOT NULL AUTO_INCREMENT, AUTO_INCREMENT=334;

--
-- テーブルのAUTO_INCREMENT `ballpostmeta`
--
ALTER TABLE `ballpostmeta`
  MODIFY `meta_id` bigint(20) UNSIGNED NOT NULL AUTO_INCREMENT, AUTO_INCREMENT=203;

--
-- テーブルのAUTO_INCREMENT `ballposts`
--
ALTER TABLE `ballposts`
  MODIFY `ID` bigint(20) UNSIGNED NOT NULL AUTO_INCREMENT, AUTO_INCREMENT=55;

--
-- テーブルのAUTO_INCREMENT `balltermmeta`
--
ALTER TABLE `balltermmeta`
  MODIFY `meta_id` bigint(20) UNSIGNED NOT NULL AUTO_INCREMENT, AUTO_INCREMENT=3;

--
-- テーブルのAUTO_INCREMENT `ballterms`
--
ALTER TABLE `ballterms`
  MODIFY `term_id` bigint(20) UNSIGNED NOT NULL AUTO_INCREMENT, AUTO_INCREMENT=4;

--
-- テーブルのAUTO_INCREMENT `ballterm_taxonomy`
--
ALTER TABLE `ballterm_taxonomy`
  MODIFY `term_taxonomy_id` bigint(20) UNSIGNED NOT NULL AUTO_INCREMENT, AUTO_INCREMENT=4;

--
-- テーブルのAUTO_INCREMENT `ballusermeta`
--
ALTER TABLE `ballusermeta`
  MODIFY `umeta_id` bigint(20) UNSIGNED NOT NULL AUTO_INCREMENT, AUTO_INCREMENT=28;

--
-- テーブルのAUTO_INCREMENT `ballusers`
--
ALTER TABLE `ballusers`
  MODIFY `ID` bigint(20) UNSIGNED NOT NULL AUTO_INCREMENT, AUTO_INCREMENT=2;

--
-- テーブルのAUTO_INCREMENT `wpc4b30acocoon_accesses`
--
ALTER TABLE `wpc4b30acocoon_accesses`
  MODIFY `id` bigint(20) NOT NULL AUTO_INCREMENT;

--
-- テーブルのAUTO_INCREMENT `wpc4b30acocoon_affiliate_tags`
--
ALTER TABLE `wpc4b30acocoon_affiliate_tags`
  MODIFY `id` bigint(20) NOT NULL AUTO_INCREMENT, AUTO_INCREMENT=2;

--
-- テーブルのAUTO_INCREMENT `wpc4b30acocoon_function_texts`
--
ALTER TABLE `wpc4b30acocoon_function_texts`
  MODIFY `id` bigint(20) NOT NULL AUTO_INCREMENT, AUTO_INCREMENT=2;

--
-- テーブルのAUTO_INCREMENT `wpc4b30acocoon_item_rankings`
--
ALTER TABLE `wpc4b30acocoon_item_rankings`
  MODIFY `id` bigint(20) NOT NULL AUTO_INCREMENT;

--
-- テーブルのAUTO_INCREMENT `wpc4b30acocoon_speech_balloons`
--
ALTER TABLE `wpc4b30acocoon_speech_balloons`
  MODIFY `id` bigint(20) NOT NULL AUTO_INCREMENT, AUTO_INCREMENT=11;

--
-- テーブルのAUTO_INCREMENT `wpc4b30acommentmeta`
--
ALTER TABLE `wpc4b30acommentmeta`
  MODIFY `meta_id` bigint(20) UNSIGNED NOT NULL AUTO_INCREMENT;

--
-- テーブルのAUTO_INCREMENT `wpc4b30acomments`
--
ALTER TABLE `wpc4b30acomments`
  MODIFY `comment_ID` bigint(20) UNSIGNED NOT NULL AUTO_INCREMENT, AUTO_INCREMENT=2;

--
-- テーブルのAUTO_INCREMENT `wpc4b30alinks`
--
ALTER TABLE `wpc4b30alinks`
  MODIFY `link_id` bigint(20) UNSIGNED NOT NULL AUTO_INCREMENT;

--
-- テーブルのAUTO_INCREMENT `wpc4b30aoptions`
--
ALTER TABLE `wpc4b30aoptions`
  MODIFY `option_id` bigint(20) UNSIGNED NOT NULL AUTO_INCREMENT, AUTO_INCREMENT=244;

--
-- テーブルのAUTO_INCREMENT `wpc4b30apostmeta`
--
ALTER TABLE `wpc4b30apostmeta`
  MODIFY `meta_id` bigint(20) UNSIGNED NOT NULL AUTO_INCREMENT, AUTO_INCREMENT=9;

--
-- テーブルのAUTO_INCREMENT `wpc4b30aposts`
--
ALTER TABLE `wpc4b30aposts`
  MODIFY `ID` bigint(20) UNSIGNED NOT NULL AUTO_INCREMENT, AUTO_INCREMENT=9;

--
-- テーブルのAUTO_INCREMENT `wpc4b30atermmeta`
--
ALTER TABLE `wpc4b30atermmeta`
  MODIFY `meta_id` bigint(20) UNSIGNED NOT NULL AUTO_INCREMENT;

--
-- テーブルのAUTO_INCREMENT `wpc4b30aterms`
--
ALTER TABLE `wpc4b30aterms`
  MODIFY `term_id` bigint(20) UNSIGNED NOT NULL AUTO_INCREMENT, AUTO_INCREMENT=2;

--
-- テーブルのAUTO_INCREMENT `wpc4b30aterm_taxonomy`
--
ALTER TABLE `wpc4b30aterm_taxonomy`
  MODIFY `term_taxonomy_id` bigint(20) UNSIGNED NOT NULL AUTO_INCREMENT, AUTO_INCREMENT=2;

--
-- テーブルのAUTO_INCREMENT `wpc4b30ausermeta`
--
ALTER TABLE `wpc4b30ausermeta`
  MODIFY `umeta_id` bigint(20) UNSIGNED NOT NULL AUTO_INCREMENT, AUTO_INCREMENT=20;

--
-- テーブルのAUTO_INCREMENT `wpc4b30ausers`
--
ALTER TABLE `wpc4b30ausers`
  MODIFY `ID` bigint(20) UNSIGNED NOT NULL AUTO_INCREMENT, AUTO_INCREMENT=2;
COMMIT;

/*!40101 SET CHARACTER_SET_CLIENT=@OLD_CHARACTER_SET_CLIENT */;
/*!40101 SET CHARACTER_SET_RESULTS=@OLD_CHARACTER_SET_RESULTS */;
/*!40101 SET COLLATION_CONNECTION=@OLD_COLLATION_CONNECTION */;
